family_id,comparison_id,metric_id,dataset_id,comparator_id,identity_token,analysis_pair_count,identity_effect,identity_relative_effect,seed_2026080447,seed_2026080448,seed_2026080449,seed_2026080450,seed_2026080451,identity_effect_8bit_rgb,identity_relative_effect_percent
F1-MAE-ATTRIBUTION,F1-MAE-ATTRIBUTION::D1::full_vs_condition0,hidden_uv_mae,D1,condition0,D1-I001,8,0.0018835157345704484,0.013792688147099146,0.0018835157345704484,-0.0065221836081116175,0.008483544125941475,0.009401352422601955,-0.0007754388998012784,0.48029651231546433,1.3792688147099146
F1-MAE-ATTRIBUTION,F1-MAE-ATTRIBUTION::D1::full_vs_condition0,hidden_uv_mae,D1,condition0,D1-I002,8,-0.00032397770822079064,-0.002118073256849079,-0.00032397770822079064,-0.005913818634494597,-0.00010244762783663541,0.0021302157510367653,-0.007829821010182828,-0.08261431559630161,-0.21180732568490793
F1-MAE-ATTRIBUTION,F1-MAE-ATTRIBUTION::D1::full_vs_condition0,hidden_uv_mae,D1,condition0,D1-I003,8,0.001746241422662942,0.008066384475505404,-0.0015081269123281005,0.001746241422662942,0.013656158850666691,-0.005549207081397389,0.00684753353758745,0.4452915627790502,0.8066384475505404
F1-MAE-ATTRIBUTION,F1-MAE-ATTRIBUTION::D1::full_vs_condition0,hidden_uv_mae,D1,condition0,D1-I004,8,-0.0028427194747509335,-0.022044008606339108,-0.0028427194747509335,0.006582188894638109,-0.0069278030561533074,-0.008736825948681234,0.0024254015297938067,-0.7248934660614881,-2.204400860633911
F1-MAE-ATTRIBUTION,F1-MAE-ATTRIBUTION::D1::full_vs_condition0,hidden_uv_mae,D1,condition0,D1-I005,8,-0.0022731103983151812,-0.0184729254174925,-0.0022731103983151812,0.004020798307073928,-0.009476045288777338,-0.0028801496746553717,0.006665475606918339,-0.5796431515703713,-1.84729254174925
F1-MAE-ATTRIBUTION,F1-MAE-ATTRIBUTION::D1::full_vs_condition0,hidden_uv_mae,D1,condition0,D1-I006,8,0.0011553207816450417,0.007046305487755796,-0.0017507655524133386,0.005415063097867823,0.0030870391784516837,-0.0070694596326669745,0.0011553207816450417,0.29460679931948563,0.7046305487755796
F1-MAE-ATTRIBUTION,F1-MAE-ATTRIBUTION::D1::full_vs_condition0,hidden_uv_mae,D1,condition0,D1-I007,8,-0.0035512009538756634,-0.02556485068200236,0.0018021805154297132,-0.0038422193450898673,-0.0035512009538756634,-0.009123618206609799,-0.001278371394083308,-0.9055562432382942,-2.556485068200236
F1-MAE-ATTRIBUTION,F1-MAE-ATTRIBUTION::D1::full_vs_condition0,hidden_uv_mae,D1,condition0,D1-I008,8,0.00490840908252832,0.029599620097944705,0.003911935358462348,0.0027532274922262706,0.00490840908252832,0.00838083545407707,0.008614211236564528,1.2516443160447217,2.9599620097944705
F1-MAE-ATTRIBUTION,F1-MAE-ATTRIBUTION::D1::full_vs_condition0,hidden_uv_mae,D1,condition0,D1-I009,8,0.0022957936834348686,0.013846134828613367,0.003313580969130092,-0.004202512488741511,0.005499139284005486,0.0022957936834348686,-0.006261639030459537,0.5854273892758914,1.3846134828613366
F1-MAE-ATTRIBUTION,F1-MAE-ATTRIBUTION::D1::full_vs_condition0,hidden_uv_mae,D1,condition0,D1-I010,8,0.0002390149473584513,0.0017704297130305556,-0.014943406055758245,0.002199047695224471,-0.004625771452800902,0.0002390149473584513,0.005376341547407862,0.06094881157640508,0.17704297130305557
F1-MAE-ATTRIBUTION,F1-MAE-ATTRIBUTION::D1::full_vs_condition0,hidden_uv_mae,D1,condition0,D1-I011,6,-0.0035722049747657497,-0.018209392559308913,-0.007498371169950044,0.0018797894770341411,-0.005086922086822737,0.002325045421493782,-0.0035722049747657497,-0.9109122685652662,-1.8209392559308912
F1-MAE-ATTRIBUTION,F1-MAE-ATTRIBUTION::D1::full_vs_condition0,hidden_uv_mae,D1,condition0,D1-I012,4,0.005691434963086189,0.032542479156756766,-0.00040543109514351583,0.0006834538080991576,0.005691434963086189,0.00803500006854277,0.006427553815372064,1.4513159155869784,3.2542479156756765
F1-MAE-ATTRIBUTION,F1-MAE-ATTRIBUTION::D1::full_vs_condition0,hidden_uv_mae,D1,condition0,D1-I013,4,0.010126564447723682,0.04864088110356188,0.010126564447723682,0.013400091682088833,-0.006280811061748312,0.028001323657459914,-0.018697681315402448,2.582273934169539,4.864088110356188
F1-MAE-ATTRIBUTION,F1-MAE-ATTRIBUTION::D1::full_vs_condition0,hidden_uv_mae,D1,condition0,D1-I014,8,0.002065108587094723,0.019563979552775997,0.0010184777154845087,0.002556710345932557,0.003693289602873885,0.002065108587094723,-0.0032534060269053602,0.5266026897091544,1.9563979552775996
F1-MAE-ATTRIBUTION,F1-MAE-ATTRIBUTION::D1::full_vs_condition0,hidden_uv_mae,D1,condition0,D1-I015,8,0.001261756050648169,0.006487405046760233,0.0063107918138419344,0.001261756050648169,-0.010011618266418096,-0.0006409724176462406,0.006009211767797645,0.3217477929152831,0.6487405046760233
F1-MAE-ATTRIBUTION,F1-MAE-ATTRIBUTION::D1::full_vs_condition0,hidden_uv_mae,D1,condition0,D1-I016,8,0.0035227297031017596,0.02131941411445725,0.0035227297031017596,0.004068707289989176,-0.006395459500171702,0.004356173583955486,0.002970659678559723,0.8982960742909487,2.131941411445725
F1-MAE-ATTRIBUTION,F1-MAE-ATTRIBUTION::D1::full_vs_condition0,hidden_uv_mae,D1,condition0,D1-I017,6,-0.0021311055277254687,-0.009437154588311108,0.010693088605930073,-0.00254806984145399,-0.0021311055277254687,-0.00650543156813406,0.00654337244328633,-0.5434319095699945,-0.9437154588311107
F1-MAE-ATTRIBUTION,F1-MAE-ATTRIBUTION::D1::full_vs_condition0,hidden_uv_mae,D1,condition0,D1-I018,8,0.002360554734865815,0.01449833178035771,0.00043611057107821594,0.004863073440909818,0.007549035903953366,0.002360554734865815,0.00021504338596946282,0.6019414573907828,1.449833178035771
F1-MAE-ATTRIBUTION,F1-MAE-ATTRIBUTION::D1::full_vs_condition0,hidden_uv_mae,D1,condition0,D1-I019,8,0.005582698078749178,0.038428752257448365,0.010236900366045715,0.005582698078749178,0.0024917385240016965,0.00610535122192922,0.0014223533604046795,1.4235880100810403,3.8428752257448364
F1-MAE-ATTRIBUTION,F1-MAE-ATTRIBUTION::D1::full_vs_condition0,hidden_uv_mae,D1,condition0,D1-I020,8,-0.003234142794225514,-0.024993126810041243,-0.009726589201086787,-0.003234142794225514,0.0023065963428389596,0.002413115209827732,-0.003609042688086213,-0.8247064125275061,-2.4993126810041244
F1-MAE-ATTRIBUTION,F1-MAE-ATTRIBUTION::D1::full_vs_b_lite_ft,hidden_uv_mae,D1,b_lite_ft,D1-I001,8,-0.04072970203736034,-0.454340873165869,-0.039339618583217384,-0.03473844572982312,-0.049785547375771594,-0.04760926601935237,-0.04072970203736034,-10.386074019526886,-45.434087316586904
F1-MAE-ATTRIBUTION,F1-MAE-ATTRIBUTION::D1::full_vs_b_lite_ft,hidden_uv_mae,D1,b_lite_ft,D1-I002,8,-0.05368405418040495,-0.5442659242122015,-0.05877551498343096,-0.051440272707906035,-0.05368405418040495,-0.05315865114161913,-0.055783755704760546,-13.689433816003262,-54.42659242122016
F1-MAE-ATTRIBUTION,F1-MAE-ATTRIBUTION::D1::full_vs_b_lite_ft,hidden_uv_mae,D1,b_lite_ft,D1-I003,8,-0.007561432572562005,-0.034183078822112835,-0.007561432572562005,-0.009924666657340986,-0.007059981124366843,-0.013896877345229902,-0.002072563105159339,-1.9281653060033113,-3.4183078822112836
F1-MAE-ATTRIBUTION,F1-MAE-ATTRIBUTION::D1::full_vs_b_lite_ft,hidden_uv_mae,D1,b_lite_ft,D1-I004,8,-0.039477003504353105,-0.4855097196260115,-0.0449080719015452,-0.039477003504353105,-0.03675573920444831,-0.045448839937768916,-0.033084612802170954,-10.06663589361004,-48.55097196260115
F1-MAE-ATTRIBUTION,F1-MAE-ATTRIBUTION::D1::full_vs_b_lite_ft,hidden_uv_mae,D1,b_lite_ft,D1-I005,8,-0.0499236684053814,-0.687555172687052,-0.05287842650930371,-0.0499236684053814,-0.05219539590174471,-0.04042242663301653,-0.04233089002829039,-12.730535443372258,-68.7555172687052
F1-MAE-ATTRIBUTION,F1-MAE-ATTRIBUTION::D1::full_vs_b_lite_ft,hidden_uv_mae,D1,b_lite_ft,D1-I006,8,-0.03495743855061555,-0.2822842058663378,-0.03495743855061555,-0.025786425799122846,-0.04633714221933226,-0.03698902437237918,-0.028479662284885764,-8.914146830406965,-28.228420586633778
F1-MAE-ATTRIBUTION,F1-MAE-ATTRIBUTION::D1::full_vs_b_lite_ft,hidden_uv_mae,D1,b_lite_ft,D1-I007,8,-0.01741134836155106,-0.13816466297420996,-0.01741134836155106,-0.03085846221154768,-0.01518002820957421,-0.02491743719692758,-0.01674899499778368,-4.43989383219552,-13.816466297420996
F1-MAE-ATTRIBUTION,F1-MAE-ATTRIBUTION::D1::full_vs_b_lite_ft,hidden_uv_mae,D1,b_lite_ft,D1-I008,8,-0.04680745270284597,-0.39182285431069847,-0.04680745270284597,-0.040854043473939367,-0.051059169590805906,-0.04959581267887912,-0.037743724065285894,-11.935900439225723,-39.18228543106984
F1-MAE-ATTRIBUTION,F1-MAE-ATTRIBUTION::D1::full_vs_b_lite_ft,hidden_uv_mae,D1,b_lite_ft,D1-I009,8,0.0012189273499424308,0.007565635230747527,0.0007072831331579738,0.007635177490041389,-0.005226036346463292,0.0012189273499424308,0.008777552255555793,0.31082647423531984,0.7565635230747527
F1-MAE-ATTRIBUTION,F1-MAE-ATTRIBUTION::D1::full_vs_b_lite_ft,hidden_uv_mae,D1,b_lite_ft,D1-I010,8,-0.03429205229504721,-0.29233483018146234,-0.039179026401740494,-0.03067846904976783,-0.03258101215387135,-0.036427799486557395,-0.03429205229504721,-8.74447333523704,-29.233483018146234
F1-MAE-ATTRIBUTION,F1-MAE-ATTRIBUTION::D1::full_vs_b_lite_ft,hidden_uv_mae,D1,b_lite_ft,D1-I011,6,-0.03950154733537558,-0.24207717535060663,-0.03950154733537558,-0.018954180425856823,-0.04136892679160151,-0.027767883309039065,-0.04739738926216207,-10.072894570520774,-24.207717535060663
F1-MAE-ATTRIBUTION,F1-MAE-ATTRIBUTION::D1::full_vs_b_lite_ft,hidden_uv_mae,D1,b_lite_ft,D1-I012,4,-0.013922167327785576,-0.08123331668790014,0.0003446314203324752,-0.024175849426026033,-0.013922167327785576,-0.017557405954906152,-0.00499726193195793,-3.550152668585322,-8.123331668790014
F1-MAE-ATTRIBUTION,F1-MAE-ATTRIBUTION::D1::full_vs_b_lite_ft,hidden_uv_mae,D1,b_lite_ft,D1-I013,4,-0.02536538209510493,-0.14698083246386837,-0.031856522704355225,-0.014235744562773558,-0.02466904040535582,-0.03173456041752791,-0.02536538209510493,-6.468172434251757,-14.698083246386837
F1-MAE-ATTRIBUTION,F1-MAE-ATTRIBUTION::D1::full_vs_b_lite_ft,hidden_uv_mae,D1,b_lite_ft,D1-I014,8,-0.05695646299828144,-1.032337227645275,-0.05872157823669168,-0.05695646299828144,-0.049270655047674035,-0.04900504763965019,-0.06018528655330549,-14.523898064561768,-103.23372276452749
F1-MAE-ATTRIBUTION,F1-MAE-ATTRIBUTION::D1::full_vs_b_lite_ft,hidden_uv_mae,D1,b_lite_ft,D1-I015,8,-0.049193693504602926,-0.3417390651501545,-0.04973773277582384,-0.04671379869948031,-0.042831696171551845,-0.04975738521173022,-0.049193693504602926,-12.544391843673745,-34.17390651501545
F1-MAE-ATTRIBUTION,F1-MAE-ATTRIBUTION::D1::full_vs_b_lite_ft,hidden_uv_mae,D1,b_lite_ft,D1-I016,8,-0.05029972083142677,-0.4544764742933058,-0.053534282483196916,-0.04946366205819154,-0.053358006980754664,-0.04178494444856072,-0.05029972083142677,-12.826428812013825,-45.44764742933058
F1-MAE-ATTRIBUTION,F1-MAE-ATTRIBUTION::D1::full_vs_b_lite_ft,hidden_uv_mae,D1,b_lite_ft,D1-I017,6,-0.024317505250694926,-0.11342027597493654,-0.018709483282965803,-0.01675089509273417,-0.028301139337697415,-0.032016059661265264,-0.024317505250694926,-6.200963838927207,-11.342027597493654
F1-MAE-ATTRIBUTION,F1-MAE-ATTRIBUTION::D1::full_vs_b_lite_ft,hidden_uv_mae,D1,b_lite_ft,D1-I018,8,-0.0328335494408052,-0.22334761952140747,-0.01576441158786481,-0.025326827111698327,-0.0328335494408052,-0.042327033294722385,-0.03660618307002528,-8.372555107405326,-22.334761952140745
F1-MAE-ATTRIBUTION,F1-MAE-ATTRIBUTION::D1::full_vs_b_lite_ft,hidden_uv_mae,D1,b_lite_ft,D1-I019,8,-0.02019836843487105,-0.19172936040568092,-0.02019836843487105,-0.017806458851331385,-0.017751169188150832,-0.023670750855554798,-0.023996302757366278,-5.150583950892118,-19.172936040568093
F1-MAE-ATTRIBUTION,F1-MAE-ATTRIBUTION::D1::full_vs_b_lite_ft,hidden_uv_mae,D1,b_lite_ft,D1-I020,8,-0.03043793454160995,-0.3288258087166355,-0.03043793454160995,-0.04834237523475342,-0.029047510728231356,-0.02088183479604598,-0.030810060156014306,-7.761673308110537,-32.88258087166355
F1-MAE-ATTRIBUTION,F1-MAE-ATTRIBUTION::D2::full_vs_condition0,hidden_uv_mae,D2,condition0,D2-001,12,0.004130968624829423,0.020071281472108668,0.0013193488121032715,-0.0011649280308912852,0.009704383695998825,0.004130968624829423,0.006410915802957273,1.0533969993315029,2.007128147210867
F1-MAE-ATTRIBUTION,F1-MAE-ATTRIBUTION::D2::full_vs_condition0,hidden_uv_mae,D2,condition0,D2-002,12,-0.00209112244795074,-0.009766194095781798,-0.00209112244795074,-0.008140462955312781,0.016821953182670005,0.01045345962382685,-0.009872303021628864,-0.5332362242274387,-0.9766194095781798
F1-MAE-ATTRIBUTION,F1-MAE-ATTRIBUTION::D2::full_vs_condition0,hidden_uv_mae,D2,condition0,D2-003,12,-0.008690996202303472,-0.032846993037601475,-0.02168495598347764,-0.008690996202303472,-0.017976993782069586,0.005854116522130512,-5.906174580255774e-05,-2.2162040315873854,-3.2846993037601475
F1-MAE-ATTRIBUTION,F1-MAE-ATTRIBUTION::D2::full_vs_condition0,hidden_uv_mae,D2,condition0,D2-004,12,-0.001973163295123287,-0.007629662206853907,-0.023746601281338486,2.4884117622969715e-05,-0.003921271735352699,-0.001973163295123287,-0.0002641770774696739,-0.5031566402564381,-0.7629662206853907
F1-MAE-ATTRIBUTION,F1-MAE-ATTRIBUTION::D2::full_vs_condition0,hidden_uv_mae,D2,condition0,D2-005,12,0.0014436290012121433,0.0062866201673734195,-0.008271368158563233,0.0039788301153395045,0.0014436290012121433,-0.010244610183510222,0.0027438003579381143,0.36812539530909655,0.6286620167373419
F1-MAE-ATTRIBUTION,F1-MAE-ATTRIBUTION::D2::full_vs_condition0,hidden_uv_mae,D2,condition0,D2-006,12,0.007885011857380726,0.0369469388135694,-0.022387499454753865,0.01238196602352959,0.007885011857380726,0.011837212618259943,-0.00970741514449286,2.010678023632085,3.69469388135694
F1-MAE-ATTRIBUTION,F1-MAE-ATTRIBUTION::D2::full_vs_condition0,hidden_uv_mae,D2,condition0,D2-007,12,0.007767200363837087,0.04818553868448202,0.0017949908419891691,0.01065383499264027,0.007767200363837087,0.011615739427132087,0.00020277911565121098,1.9806360927784572,4.818553868448202
F1-MAE-ATTRIBUTION,F1-MAE-ATTRIBUTION::D2::full_vs_condition0,hidden_uv_mae,D2,condition0,D2-008,12,-0.0025735727127860347,-0.0161468256480897,0.024850489359555965,-0.0025735727127860347,0.017058232168918885,-0.009875956575806213,-0.0038595258639278762,-0.6562610417604389,-1.61468256480897
F1-MAE-ATTRIBUTION,F1-MAE-ATTRIBUTION::D2::full_vs_condition0,hidden_uv_mae,D2,condition0,D2-009,12,-0.0053132135609803705,-0.025338312588416005,-0.00572733775204147,0.001434287764768838,-0.0053132135609803705,-0.0007875835667947861,-0.009601545712304468,-1.3548694580499945,-2.5338312588416003
F1-MAE-ATTRIBUTION,F1-MAE-ATTRIBUTION::D2::full_vs_condition0,hidden_uv_mae,D2,condition0,D2-010,12,-0.00010025988654184526,-0.0004330605556206075,-0.007097657670224022,-0.00010025988654184526,0.007236828043208868,0.003252896359947882,-0.010872872788004723,-0.02556627106817054,-0.04330605556206075
F1-MAE-ATTRIBUTION,F1-MAE-ATTRIBUTION::D2::full_vs_condition0,hidden_uv_mae,D2,condition0,D2-011,12,0.001979233745517797,0.012683634423295908,-0.002088698285885829,0.012423269220857652,0.02283842812868811,-0.004383675079386314,0.001979233745517797,0.5047046051070383,1.2683634423295909
F1-MAE-ATTRIBUTION,F1-MAE-ATTRIBUTION::D2::full_vs_condition0,hidden_uv_mae,D2,condition0,D2-012,12,0.003083017227054133,0.015519216294733911,-0.006596908116569877,0.017156651871862723,-0.0066868371812375815,0.0077939978301952845,0.003083017227054133,0.7861693928988038,1.551921629473391
F1-MAE-ATTRIBUTION,F1-MAE-ATTRIBUTION::D2::full_vs_condition0,hidden_uv_mae,D2,condition0,D2-013,12,-0.004030742954678146,-0.02080092613822066,-0.00811710175682745,0.008600317385341782,-0.03095892376299518,0.003675105321841926,-0.004030742954678146,-1.0278394534429272,-2.080092613822066
F1-MAE-ATTRIBUTION,F1-MAE-ATTRIBUTION::D2::full_vs_condition0,hidden_uv_mae,D2,condition0,D2-014,12,0.00791777593371161,0.045870241086581685,0.016601391010670277,0.00791777593371161,0.0039286660582919936,0.00992973306865405,0.0072471698545123475,2.0190328630964607,4.587024108658168
F1-MAE-ATTRIBUTION,F1-MAE-ATTRIBUTION::D2::full_vs_condition0,hidden_uv_mae,D2,condition0,D2-015,12,0.001307727069997322,0.00892105657202871,-0.016547872469065694,-0.008391530941594574,0.001307727069997322,0.008689826892481912,0.0027916696780021233,0.3334704028493171,0.8921056572028709
F1-MAE-ATTRIBUTION,F1-MAE-ATTRIBUTION::D2::full_vs_condition0,hidden_uv_mae,D2,condition0,D2-016,12,-0.004495749722039422,-0.019851662728002227,-0.0076134337888683346,-0.0071354533605199055,-0.0026759494802418987,-0.004495749722039422,0.0037512669827824974,-1.1464161791200524,-1.9851662728002226
F1-MAE-ATTRIBUTION,F1-MAE-ATTRIBUTION::D2::full_vs_condition0,hidden_uv_mae,D2,condition0,D2-017,12,0.002389956861734391,0.010919166838150132,-0.01190356496307586,-0.011479163679673707,0.002389956861734391,0.014418946587377149,0.007658354451649085,0.6094389997422697,1.0919166838150132
F1-MAE-ATTRIBUTION,F1-MAE-ATTRIBUTION::D2::full_vs_condition0,hidden_uv_mae,D2,condition0,D2-018,12,0.003166564823880391,0.0215096112314256,0.006846108266876788,-0.013393192029253057,0.003166564823880391,0.025335617960816376,0.0004053290270805976,0.8074740300894998,2.15096112314256
F1-MAE-ATTRIBUTION,F1-MAE-ATTRIBUTION::D2::full_vs_condition0,hidden_uv_mae,D2,condition0,D2-019,12,0.0005330026898921758,0.00336832284617023,0.0005330026898921758,0.013959003039461917,-0.003359060122498439,-0.017553365625510048,0.0038282574257916813,0.13591568592250483,0.33683228461702297
F1-MAE-ATTRIBUTION,F1-MAE-ATTRIBUTION::D2::full_vs_condition0,hidden_uv_mae,D2,condition0,D2-020,12,-0.0060120862598220595,-0.03980182822238281,-0.025220049374804987,0.004716282011941075,-0.0060120862598220595,0.0060984602508445535,-0.0182407898871753,-1.5330819962546252,-3.980182822238281
F1-MAE-ATTRIBUTION,F1-MAE-ATTRIBUTION::D2::full_vs_condition0,hidden_uv_mae,D2,condition0,D2-021,12,0.007388615536512835,0.04236536268552675,-0.005433520767837749,0.00826963646835907,-0.010308085091150637,0.017852191591171407,0.007388615536512835,1.884096961810773,4.236536268552675
F1-MAE-ATTRIBUTION,F1-MAE-ATTRIBUTION::D2::full_vs_condition0,hidden_uv_mae,D2,condition0,D2-022,12,-0.003390438484966299,-0.014890435692218264,-0.006941354095030147,-0.0017203679713744258,0.003037037516412447,-0.003390438484966299,-0.011975869071534542,-0.8645618136664062,-1.4890435692218265
F1-MAE-ATTRIBUTION,F1-MAE-ATTRIBUTION::D2::full_vs_condition0,hidden_uv_mae,D2,condition0,D2-023,12,-0.014557141972185793,-0.11238798506277502,-0.024691741106833198,0.017707535807923613,0.0026099629819584177,-0.018523423620886992,-0.014557141972185793,-3.712071202907377,-11.2387985062775
F1-MAE-ATTRIBUTION,F1-MAE-ATTRIBUTION::D2::full_vs_condition0,hidden_uv_mae,D2,condition0,D2-024,12,-0.0058079910666013895,-0.029753133077638754,-0.006709977748054846,-0.0058079910666013895,0.008895378864323136,0.012624591138530414,-0.011285232093424122,-1.4810377219833544,-2.9753133077638756
F1-MAE-ATTRIBUTION,F1-MAE-ATTRIBUTION::D2::full_vs_condition0,hidden_uv_mae,D2,condition0,D2-025,12,-0.004459398850384683,-0.02158935748152166,-0.03558874823099986,0.005862746654707068,-0.004459398850384683,0.0020084892333086107,-0.0125894259356681,-1.137146706848094,-2.158935748152166
F1-MAE-ATTRIBUTION,F1-MAE-ATTRIBUTION::D2::full_vs_condition0,hidden_uv_mae,D2,condition0,D2-026,12,-0.0014958965492113813,-0.009704532514575516,0.00016544933002271556,-0.012643683034594996,-0.0014958965492113813,-0.009967099917714266,-0.0010047462333634127,-0.3814536200489022,-0.9704532514575516
F1-MAE-ATTRIBUTION,F1-MAE-ATTRIBUTION::D2::full_vs_condition0,hidden_uv_mae,D2,condition0,D2-027,12,-0.0021814056681563054,-0.009440720154879071,-0.0021814056681563054,-0.008819065134788584,0.013933012769980858,-0.004449914391867073,0.005970633464308567,-0.5562584453798579,-0.9440720154879071
F1-MAE-ATTRIBUTION,F1-MAE-ATTRIBUTION::D2::full_vs_condition0,hidden_uv_mae,D2,condition0,D2-028,12,-0.0003144469619463519,-0.0013071397740934945,-0.004643583042197849,0.01074117134643221,-0.0003144469619463519,-0.002125806119982851,0.015833265117902007,-0.08018397529631974,-0.13071397740934945
F1-MAE-ATTRIBUTION,F1-MAE-ATTRIBUTION::D2::full_vs_condition0,hidden_uv_mae,D2,condition0,D2-029,12,-0.004238002710673303,-0.028551518554677073,-0.005611357054868107,0.02252713994374908,-0.0066639975667363155,0.013336705399012702,-0.004238002710673303,-1.0806906912216923,-2.855151855467707
F1-MAE-ATTRIBUTION,F1-MAE-ATTRIBUTION::D2::full_vs_condition0,hidden_uv_mae,D2,condition0,D2-030,12,1.48305669426807e-05,7.303883862999809e-05,1.48305669426807e-05,0.003025183751125385,-0.01794507030807045,0.0011448141406563972,-0.004766892272609846,0.0037817945703835787,0.0073038838629998085
F1-MAE-ATTRIBUTION,F1-MAE-ATTRIBUTION::D2::full_vs_condition0,hidden_uv_mae,D2,condition0,D2-031,12,-0.0010942576480356542,-0.0050791980889856436,0.004437419498120418,-0.020090596369913505,-0.0010942576480356542,-0.006043271385056073,0.008341504622447662,-0.2790357002490918,-0.5079198088985644
F1-MAE-ATTRIBUTION,F1-MAE-ATTRIBUTION::D2::full_vs_condition0,hidden_uv_mae,D2,condition0,D2-032,12,0.004548015884044299,0.024537967680124194,-0.014247651552425175,-0.0068327730177143164,0.00807363910518355,0.00902485194137298,0.004548015884044299,1.1597440504312961,2.4537967680124195
F1-MAE-ATTRIBUTION,F1-MAE-ATTRIBUTION::D2::full_vs_condition0,hidden_uv_mae,D2,condition0,D2-033,12,0.002215049544285086,0.012893625080106618,0.009203889220952971,0.004609821743361456,0.002215049544285086,-0.002821009650023701,-0.008041004450389688,0.5648376337926969,1.2893625080106619
F1-MAE-ATTRIBUTION,F1-MAE-ATTRIBUTION::D2::full_vs_condition0,hidden_uv_mae,D2,condition0,D2-034,12,-0.0013067366385329793,-0.00948710803423884,-0.01860425684334295,0.005450782762771389,0.007150753063061059,-0.0073268758668716405,-0.0013067366385329793,-0.3332178428259097,-0.948710803423884
F1-MAE-ATTRIBUTION,F1-MAE-ATTRIBUTION::D2::full_vs_condition0,hidden_uv_mae,D2,condition0,D2-035,12,-0.00587947784908234,-0.02374190221965282,-0.00587947784908234,-0.007368014885319615,-0.002979373279958966,0.0017358079173807606,-0.007620226169725505,-1.4992668515159968,-2.3741902219652817
F1-MAE-ATTRIBUTION,F1-MAE-ATTRIBUTION::D2::full_vs_condition0,hidden_uv_mae,D2,condition0,D2-036,12,-0.004007545199797111,-0.016424199305056446,-0.008461300482352593,0.0036528975426874805,-0.001552893967421906,-0.004007545199797111,-0.022377949636993993,-1.0219240259482631,-1.6424199305056446
F1-MAE-ATTRIBUTION,F1-MAE-ATTRIBUTION::D2::full_vs_condition0,hidden_uv_mae,D2,condition0,D2-037,12,0.00124319128950022,0.007828749346359484,-0.004297493101546063,0.006805728883573822,-0.0015379000952671085,0.0016609879763606061,0.00124319128950022,0.3170137788225561,0.7828749346359484
F1-MAE-ATTRIBUTION,F1-MAE-ATTRIBUTION::D2::full_vs_condition0,hidden_uv_mae,D2,condition0,D2-038,12,0.0033606330286742175,0.014834112997687644,-0.009078283068586698,0.006147066600198023,-0.012267991723907051,0.007405991036920745,0.0033606330286742175,0.8569614223119255,1.4834112997687645
F1-MAE-ATTRIBUTION,F1-MAE-ATTRIBUTION::D2::full_vs_condition0,hidden_uv_mae,D2,condition0,D2-039,12,-0.002530087492952901,-0.013326884663878274,-0.005196832256013403,-0.002530087492952901,-0.003855715041777008,0.00573652966426369,0.005306736938768472,-0.6451723107029897,-1.3326884663878273
F1-MAE-ATTRIBUTION,F1-MAE-ATTRIBUTION::D2::full_vs_condition0,hidden_uv_mae,D2,condition0,D2-040,12,-0.0025912539591316647,-0.013622382549098854,-0.009380108065376369,0.008234754049529641,-0.0025912539591316647,-0.00614754707753859,0.010504265504352961,-0.6607697595785745,-1.3622382549098855
F1-MAE-ATTRIBUTION,F1-MAE-ATTRIBUTION::D2::full_vs_condition0,hidden_uv_mae,D2,condition0,D2-041,12,0.00571558046199027,0.03231723850376417,-0.0031519176930318304,-0.013615778467011813,0.017645423036689555,0.00571558046199027,0.007828547611522171,1.457473017807519,3.231723850376417
F1-MAE-ATTRIBUTION,F1-MAE-ATTRIBUTION::D2::full_vs_condition0,hidden_uv_mae,D2,condition0,D2-042,12,0.0060052316921122145,0.033343870487437845,-0.002388914765713679,0.01031581501753527,0.005437803369734373,0.0060052316921122145,0.006130029021350347,1.5313340814886147,3.3343870487437846
F1-MAE-ATTRIBUTION,F1-MAE-ATTRIBUTION::D2::full_vs_condition0,hidden_uv_mae,D2,condition0,D2-043,12,-0.0006219003400593781,-0.002905752621358324,-0.0006219003400593781,-0.0048280808692881955,0.013399643329167911,-0.0052432898207809,0.014207516252876279,-0.15858458671514142,-0.2905752621358324
F1-MAE-ATTRIBUTION,F1-MAE-ATTRIBUTION::D2::full_vs_condition0,hidden_uv_mae,D2,condition0,D2-044,12,0.009152049299927412,0.055798186001795806,-0.011594301139693744,0.009803679877636473,-0.004337251069499004,0.012130174599587928,0.009152049299927412,2.33377257148149,5.57981860017958
F1-MAE-ATTRIBUTION,F1-MAE-ATTRIBUTION::D2::full_vs_condition0,hidden_uv_mae,D2,condition0,D2-045,12,0.0004641964047584768,0.001827045411318724,0.019342931477106473,-0.019813407833377525,0.0004641964047584768,0.001663527798761305,0.00018003237657031324,0.11837008321341158,0.1827045411318724
F1-MAE-ATTRIBUTION,F1-MAE-ATTRIBUTION::D2::full_vs_condition0,hidden_uv_mae,D2,condition0,D2-046,12,-0.004216685499981276,-0.020589248613274852,-0.028047177044719443,-0.004216685499981276,0.0013077993728616566,0.003654345252108601,-0.010450346452377385,-1.0752548024952255,-2.058924861327485
F1-MAE-ATTRIBUTION,F1-MAE-ATTRIBUTION::D2::full_vs_condition0,hidden_uv_mae,D2,condition0,D2-047,12,-0.005733024097914888,-0.03240822497287307,-0.005733024097914888,-0.009261640223958187,-0.01063626181042078,0.0014325321652133433,0.008191977180962443,-1.4619211449682963,-3.2408224972873074
F1-MAE-ATTRIBUTION,F1-MAE-ATTRIBUTION::D2::full_vs_condition0,hidden_uv_mae,D2,condition0,D2-048,12,-0.0019308616814417284,-0.01093136405400995,-0.005936502589512671,0.003127449047234318,0.007195843417668588,-0.019525859483048053,-0.0019308616814417284,-0.49236972876764074,-1.093136405400995
F1-MAE-ATTRIBUTION,F1-MAE-ATTRIBUTION::D2::full_vs_condition0,hidden_uv_mae,D2,condition0,D2-049,12,-0.007290310708059203,-0.03546301500398266,-0.004730156349079945,-0.0011564757302277573,-0.007290310708059203,-0.009987818928091072,-0.03154997662694907,-1.8590292305550966,-3.546301500398266
F1-MAE-ATTRIBUTION,F1-MAE-ATTRIBUTION::D2::full_vs_condition0,hidden_uv_mae,D2,condition0,D2-050,12,0.0032731664618584067,0.015706387667557668,0.0010921799435629348,0.0032731664618584067,0.005233123073578795,0.005074116275247231,-0.0020781179553150814,0.8346574477738937,1.5706387667557669
F1-MAE-ATTRIBUTION,F1-MAE-ATTRIBUTION::D2::full_vs_condition0,hidden_uv_mae,D2,condition0,D2-051,12,-0.0030397698734328793,-0.012190466316377444,-0.0020242127056207537,-0.022943201812281128,-0.0030397698734328793,0.0036698653020805633,-0.014052258570958667,-0.7751413177253842,-1.2190466316377444
F1-MAE-ATTRIBUTION,F1-MAE-ATTRIBUTION::D2::full_vs_condition0,hidden_uv_mae,D2,condition0,D2-052,12,-0.0015489167411520052,-0.008837477713972558,-0.0015489167411520052,-0.0019599814221940293,0.007788721598500817,-0.00958441384564871,0.004987926758600006,-0.39497376899376135,-0.8837477713972558
F1-MAE-ATTRIBUTION,F1-MAE-ATTRIBUTION::D2::full_vs_condition0,hidden_uv_mae,D2,condition0,D2-053,12,0.0005763180331256612,0.0038032067261571448,-0.01047920428890263,0.004165138665176163,0.0005763180331256612,-0.004744032998719519,0.002896248522374016,0.1469610984470436,0.38032067261571445
F1-MAE-ATTRIBUTION,F1-MAE-ATTRIBUTION::D2::full_vs_condition0,hidden_uv_mae,D2,condition0,D2-054,12,-0.0084277500950352,-0.04549764571395437,-0.007640971284773618,-0.0084277500950352,0.002694126875903549,-0.016796959006455767,-0.010119618214708095,-2.149076274233976,-4.549764571395437
F1-MAE-ATTRIBUTION,F1-MAE-ATTRIBUTION::D2::full_vs_condition0,hidden_uv_mae,D2,condition0,D2-055,12,-0.0012282290451583328,-0.0062843204598270214,-0.0012282290451583328,-0.005145392734794085,0.005782810966187019,0.008315903360979648,-0.01407155571748956,-0.31319840651537484,-0.6284320459827022
F1-MAE-ATTRIBUTION,F1-MAE-ATTRIBUTION::D2::full_vs_condition0,hidden_uv_mae,D2,condition0,D2-056,12,-0.0009889160890294152,-0.005495423286318423,0.005289336613318679,-0.012476822854403186,-0.021647124240795783,-0.0009889160890294152,0.0016819531228125517,-0.2521736027025009,-0.5495423286318423
F1-MAE-ATTRIBUTION,F1-MAE-ATTRIBUTION::D2::full_vs_condition0,hidden_uv_mae,D2,condition0,D2-057,12,-0.009133683444530374,-0.05047993320273999,-0.025480353277331835,0.017682824970609468,0.011390710473204141,-0.010528038221376927,-0.009133683444530374,-2.3290892783552453,-5.047993320273999
F1-MAE-ATTRIBUTION,F1-MAE-ATTRIBUTION::D2::full_vs_condition0,hidden_uv_mae,D2,condition0,D2-058,12,0.002270426891170685,0.01055927992034111,0.000369419141881544,0.002270426891170685,-0.009987103512245618,0.006794895963806766,0.009944561946756511,0.5789588572485247,1.055927992034111
F1-MAE-ATTRIBUTION,F1-MAE-ATTRIBUTION::D2::full_vs_condition0,hidden_uv_mae,D2,condition0,D2-059,12,-0.0043538411176114455,-0.024080979072217387,0.0008405336554636184,0.0010687932959594082,-0.0043538411176114455,-0.016875009606656374,-0.00466063586601375,-1.1102294849909187,-2.4080979072217388
F1-MAE-ATTRIBUTION,F1-MAE-ATTRIBUTION::D2::full_vs_condition0,hidden_uv_mae,D2,condition0,D2-060,12,-0.006130637672266681,-0.03629204321095026,-0.015149877886428992,-0.006130637672266681,0.010404742623540311,0.01925754483534868,-0.016368310540746153,-1.5633126064280036,-3.629204321095026
F1-MAE-ATTRIBUTION,F1-MAE-ATTRIBUTION::D2::full_vs_condition0,hidden_uv_mae,D2,condition0,D2-061,12,0.00031993021247077313,0.0018824640536065083,0.00031993021247077313,-0.008997971282305062,0.0011947121178079723,0.0028570157167357862,-0.012393690623698245,0.08158220418004715,0.18824640536065082
F1-MAE-ATTRIBUTION,F1-MAE-ATTRIBUTION::D2::full_vs_condition0,hidden_uv_mae,D2,condition0,D2-062,12,0.0032257922485053464,0.02181687333595528,0.0032257922485053464,-0.0016851359508297942,0.017968022968128487,0.011272743268589666,-0.011492967660618802,0.8225770233688633,2.1816873335955282
F1-MAE-ATTRIBUTION,F1-MAE-ATTRIBUTION::D2::full_vs_condition0,hidden_uv_mae,D2,condition0,D2-063,12,-0.007457716142137832,-0.036597421545204345,-0.0052544026629500196,-0.012664582458586482,-0.007457716142137832,-0.002058410730239907,-0.017487361570376725,-1.9017176162451472,-3.6597421545204343
F1-MAE-ATTRIBUTION,F1-MAE-ATTRIBUTION::D2::full_vs_condition0,hidden_uv_mae,D2,condition0,D2-064,12,-0.009706395482353455,-0.056597046043903615,-0.009706395482353455,-0.014679540574319513,0.011501229764176293,-0.004046509340996769,-0.018355845728830242,-2.475130848000131,-5.659704604390361
F1-MAE-ATTRIBUTION,F1-MAE-ATTRIBUTION::D2::full_vs_condition0,hidden_uv_mae,D2,condition0,D2-065,12,0.004581828303380289,0.029190040512467038,0.017397108990526572,0.008345192358441042,0.004383834032341827,0.004581828303380289,-0.007948489947011687,1.1683662173619738,2.919004051246704
F1-MAE-ATTRIBUTION,F1-MAE-ATTRIBUTION::D2::full_vs_condition0,hidden_uv_mae,D2,condition0,D2-066,12,-0.00011936989552006894,-0.000568530651845488,-0.017109937686701937,0.006208106358741819,-0.017056169346332903,-0.00011936989552006894,0.015896042212457273,-0.03043932335761758,-0.0568530651845488
F1-MAE-ATTRIBUTION,F1-MAE-ATTRIBUTION::D2::full_vs_condition0,hidden_uv_mae,D2,condition0,D2-067,12,-0.008236310374799855,-0.04273298259599848,-0.022272672504186637,-0.006395541011754952,0.01462563198237192,-0.008236310374799855,-0.03570100388593145,-2.100259145573963,-4.273298259599848
F1-MAE-ATTRIBUTION,F1-MAE-ATTRIBUTION::D2::full_vs_condition0,hidden_uv_mae,D2,condition0,D2-068,12,-0.01146081914859158,-0.04553558358367372,-0.018245173834807477,-0.010954420017004418,-0.018256095505660125,0.008960024687269391,-0.01146081914859158,-2.922508882890853,-4.553558358367372
F1-MAE-ATTRIBUTION,F1-MAE-ATTRIBUTION::D2::full_vs_condition0,hidden_uv_mae,D2,condition0,D2-069,12,-0.003357740542809448,-0.017077886699121962,-0.006813273522647462,0.004328899928415661,0.002711531395713493,-0.004916757565957525,-0.003357740542809448,-0.8562238384164093,-1.7077886699121962
F1-MAE-ATTRIBUTION,F1-MAE-ATTRIBUTION::D2::full_vs_condition0,hidden_uv_mae,D2,condition0,D2-070,12,0.008367375941366287,0.04543463307077377,0.01025429344139038,0.0025851779711851056,0.018693026874808644,0.008367375941366287,-0.014009143416889178,2.133680865048403,4.543463307077377
F1-MAE-ATTRIBUTION,F1-MAE-ATTRIBUTION::D2::full_vs_condition0,hidden_uv_mae,D2,condition0,D2-071,12,-0.004701429460611639,-0.014852392837922956,-0.007864030436254471,-0.013394382052129339,-0.004701429460611639,0.021369777798443013,0.011901380764602731,-1.198864512455968,-1.4852392837922956
F1-MAE-ATTRIBUTION,F1-MAE-ATTRIBUTION::D2::full_vs_condition0,hidden_uv_mae,D2,condition0,D2-072,12,0.0029652931703588875,0.011656393574863283,8.365236377963492e-05,0.004623083585981652,0.0029652931703588875,0.025518091801302364,-0.007348859183365031,0.7561497584415163,1.1656393574863282
F1-MAE-ATTRIBUTION,F1-MAE-ATTRIBUTION::D2::full_vs_condition0,hidden_uv_mae,D2,condition0,D2-073,12,-0.008789023257259235,-0.04418931766783355,-0.015160492081200905,-0.003661622130936487,-0.008577128226491967,-0.008789023257259235,-0.013608118103703173,-2.2412009306011047,-4.418931766783355
F1-MAE-ATTRIBUTION,F1-MAE-ATTRIBUTION::D2::full_vs_condition0,hidden_uv_mae,D2,condition0,D2-074,12,0.0035482520375020865,0.012656941271173276,-0.012979750988982894,0.0073000267148017745,0.003862898423806868,0.0035482520375020865,-0.005259980134230818,0.9048042695630321,1.2656941271173276
F1-MAE-ATTRIBUTION,F1-MAE-ATTRIBUTION::D2::full_vs_condition0,hidden_uv_mae,D2,condition0,D2-075,12,-0.000589314690028972,-0.0032959791892894805,-0.0028876152020274534,0.0062717331461926845,0.019745246502399977,-0.000589314690028972,-0.020031225867569433,-0.15027524595738784,-0.329597918928948
F1-MAE-ATTRIBUTION,F1-MAE-ATTRIBUTION::D2::full_vs_condition0,hidden_uv_mae,D2,condition0,D2-076,12,0.0007749552358249368,0.0030913163673152643,0.0007749552358249368,-0.00019265611966449991,0.026875649172908217,-0.0042533152575645605,0.00840233348744917,0.19761358513535887,0.30913163673152644
F1-MAE-ATTRIBUTION,F1-MAE-ATTRIBUTION::D2::full_vs_condition0,hidden_uv_mae,D2,condition0,D2-077,12,-0.0137487658315575,-0.08327764698676218,-0.016213481175317145,-0.0019660075602449673,-0.0137487658315575,-0.004614745537893303,-0.014469841553621271,-3.5059352870471625,-8.327764698676217
F1-MAE-ATTRIBUTION,F1-MAE-ATTRIBUTION::D2::full_vs_condition0,hidden_uv_mae,D2,condition0,D2-078,12,-0.0006908080466682953,-0.003179504912308042,-0.0006908080466682953,-0.015472414328696879,0.014971735537375214,-0.005842003464945372,0.0140466821926927,-0.1761560519004153,-0.3179504912308042
F1-MAE-ATTRIBUTION,F1-MAE-ATTRIBUTION::D2::full_vs_condition0,hidden_uv_mae,D2,condition0,D2-079,12,-0.006126427661571926,-0.03585601619401874,-0.012487386663754776,-0.001362659402632263,-0.015618204394830193,0.0124179642053618,-0.006126427661571926,-1.562239053700841,-3.5856016194018743
F1-MAE-ATTRIBUTION,F1-MAE-ATTRIBUTION::D2::full_vs_condition0,hidden_uv_mae,D2,condition0,D2-080,12,0.00019249382353983546,0.0011691051556537138,-0.0025495431754225806,0.006776625447034626,0.0054652422087458075,-0.021654096282569216,0.00019249382353983546,0.04908592500265804,0.11691051556537138
F1-MAE-ATTRIBUTION,F1-MAE-ATTRIBUTION::D2::full_vs_condition0,hidden_uv_mae,D2,condition0,D2-081,12,0.0006759569126491977,0.002893053675858224,-0.01662140164164712,0.0006759569126491977,0.009099047500313373,0.006935101933777318,-0.014214936311223683,0.1723690127255454,0.2893053675858224
F1-MAE-ATTRIBUTION,F1-MAE-ATTRIBUTION::D2::full_vs_condition0,hidden_uv_mae,D2,condition0,D2-082,12,-0.019655475964139968,-0.07623379783104516,-0.03176612848016454,-0.015533916618821864,-0.03125574825427088,-0.019655475964139968,-0.0151634074328693,-5.0121463708556915,-7.623379783104515
F1-MAE-ATTRIBUTION,F1-MAE-ATTRIBUTION::D2::full_vs_condition0,hidden_uv_mae,D2,condition0,D2-083,12,-0.005418857023812729,-0.04081189316237178,-0.011337813742670656,0.0006101421714678132,-0.005418857023812729,-0.006143768151307544,0.002827477410581345,-1.3818085410722458,-4.081189316237178
F1-MAE-ATTRIBUTION,F1-MAE-ATTRIBUTION::D2::full_vs_condition0,hidden_uv_mae,D2,condition0,D2-084,12,-0.0002341291303598475,-0.0015814946905013906,-0.0020525810627704394,0.0020334917353466153,-0.0006479525938630076,0.01000925727274226,-0.0002341291303598475,-0.05970292824176111,-0.15814946905013905
F1-MAE-ATTRIBUTION,F1-MAE-ATTRIBUTION::D2::full_vs_condition0,hidden_uv_mae,D2,condition0,D2-085,12,0.00024785235134322514,0.000852207741041034,0.00024785235134322514,0.0024752957087296745,-0.008701241244840563,0.0007396480581366716,-0.009362072660623832,0.06320234959252241,0.0852207741041034
F1-MAE-ATTRIBUTION,F1-MAE-ATTRIBUTION::D2::full_vs_condition0,hidden_uv_mae,D2,condition0,D2-086,12,-0.003885952931452996,-0.021563642366456543,-0.0039443159863973565,0.015184801955389793,-0.003482422351630203,-0.003885952931452996,-0.0065801334357271715,-0.990917997520514,-2.156364236645654
F1-MAE-ATTRIBUTION,F1-MAE-ATTRIBUTION::D2::full_vs_condition0,hidden_uv_mae,D2,condition0,D2-087,12,0.003796160173904467,0.019363380792820725,-0.01733488614360492,0.018933595984483784,0.003796160173904467,0.005531663605199008,-0.022243035957217223,0.9680208443456391,1.9363380792820726
F1-MAE-ATTRIBUTION,F1-MAE-ATTRIBUTION::D2::full_vs_condition0,hidden_uv_mae,D2,condition0,D2-088,12,0.010923208563466263,0.06488164980146152,0.012106163415944948,0.011403378574585274,-0.007669424177194489,-0.016510801925948344,0.010923208563466263,2.7854181836838974,6.488164980146152
F1-MAE-ATTRIBUTION,F1-MAE-ATTRIBUTION::D2::full_vs_condition0,hidden_uv_mae,D2,condition0,D2-089,12,-0.0012757871808901505,-0.00827784245839167,-0.01624543982699239,0.014500733524087886,0.007434680885137435,-0.0012757871808901505,-0.003198036257131616,-0.32532573112698837,-0.8277842458391671
F1-MAE-ATTRIBUTION,F1-MAE-ATTRIBUTION::D2::full_vs_condition0,hidden_uv_mae,D2,condition0,D2-090,12,0.006609509110004991,0.04309476822346979,0.006609509110004991,0.008300335375084122,0.008088914049454998,-0.007463780954833299,0.0012829350901808756,1.6854248230512727,4.309476822346979
F1-MAE-ATTRIBUTION,F1-MAE-ATTRIBUTION::D2::full_vs_condition0,hidden_uv_mae,D2,condition0,D2-091,12,-0.008487289410427229,-0.04236904155048199,-0.03447355057779747,-0.008487289410427229,-0.03457180044757642,-0.004869550051409238,0.0005347220049727458,-2.1642587996589433,-4.236904155048199
F1-MAE-ATTRIBUTION,F1-MAE-ATTRIBUTION::D2::full_vs_condition0,hidden_uv_mae,D2,condition0,D2-092,12,0.006777612597992019,0.03185002652170875,-0.01105997390387689,0.007414681925660083,0.007353577820669394,0.006777612597992019,-0.013361243753681487,1.728291212487965,3.185002652170875
F1-MAE-ATTRIBUTION,F1-MAE-ATTRIBUTION::D2::full_vs_condition0,hidden_uv_mae,D2,condition0,D2-093,12,-0.0010712361110674778,-0.004814128170585469,-0.02339212347613219,-0.0010712361110674778,0.01418722439213431,-0.010730422376158566,-0.0002592782403887661,-0.27316520832220686,-0.48141281705854694
F1-MAE-ATTRIBUTION,F1-MAE-ATTRIBUTION::D2::full_vs_condition0,hidden_uv_mae,D2,condition0,D2-094,12,-0.00039044409824362525,-0.0018711301876391951,-0.010402024753743258,0.01861291805342321,0.007128557362766158,-0.00039044409824362525,-0.009800506149585747,-0.09956324505212444,-0.1871130187639195
F1-MAE-ATTRIBUTION,F1-MAE-ATTRIBUTION::D2::full_vs_condition0,hidden_uv_mae,D2,condition0,D2-095,12,-0.012598904344758521,-0.05281093266841595,-0.01833461351710869,0.013273262157642018,-0.006808400752070634,-0.02629572964710436,-0.012598904344758521,-3.2127206079134227,-5.281093266841595
F1-MAE-ATTRIBUTION,F1-MAE-ATTRIBUTION::D2::full_vs_condition0,hidden_uv_mae,D2,condition0,D2-096,12,-0.00039863122834098846,-0.0017170821401259636,-0.004723871575827279,0.007984096419008435,-0.006492248065625303,0.0014597236070522102,-0.00039863122834098846,-0.10165096322695205,-0.17170821401259637
F1-MAE-ATTRIBUTION,F1-MAE-ATTRIBUTION::D2::full_vs_condition0,hidden_uv_mae,D2,condition0,D2-097,12,-0.002482481359931163,-0.01881717726785843,0.001573149403234865,-0.002482481359931163,-0.00789513154779898,0.006437922463468887,-0.013238679364767164,-0.6330327467824466,-1.8817177267858431
F1-MAE-ATTRIBUTION,F1-MAE-ATTRIBUTION::D2::full_vs_condition0,hidden_uv_mae,D2,condition0,D2-098,12,0.005230803382589987,0.031116198885659058,-0.005046480384785772,0.00533797448141534,0.007987084117723482,0.005230803382589987,-0.012943124052747133,1.3338548625604465,3.111619888565906
F1-MAE-ATTRIBUTION,F1-MAE-ATTRIBUTION::D2::full_vs_condition0,hidden_uv_mae,D2,condition0,D2-099,12,-0.002471262109682043,-0.013354366350358755,-0.008412873810832056,0.013091137218806476,-0.002471262109682043,-0.007686321805801075,0.013343464467851888,-0.630171837968921,-1.3354366350358755
F1-MAE-ATTRIBUTION,F1-MAE-ATTRIBUTION::D2::full_vs_condition0,hidden_uv_mae,D2,condition0,D2-100,12,-0.009364044011443258,-0.03900344640553066,-0.00960778362445449,0.009924648598968702,0.009335514208090492,-0.009364044011443258,-0.010343516721554848,-2.387831222918031,-3.900344640553066
F1-MAE-ATTRIBUTION,F1-MAE-ATTRIBUTION::D2::full_vs_b_lite_ft,hidden_uv_mae,D2,b_lite_ft,D2-001,12,0.016611392642610162,0.07255706602289541,-0.021182054240223055,0.016611392642610162,0.0206516920718261,0.02095428906912461,0.01377729281860715,4.235905123865591,7.255706602289541
F1-MAE-ATTRIBUTION,F1-MAE-ATTRIBUTION::D2::full_vs_b_lite_ft,hidden_uv_mae,D2,b_lite_ft,D2-002,12,0.027763105809455513,0.11639693237905555,0.019691149393717466,0.02233680469942266,0.057381195149251385,0.06094993830766475,0.027763105809455513,7.079591981411156,11.639693237905554
F1-MAE-ATTRIBUTION,F1-MAE-ATTRIBUTION::D2::full_vs_b_lite_ft,hidden_uv_mae,D2,b_lite_ft,D2-003,12,-0.025070191235994695,-0.1087563979986097,-0.029208107229978214,-0.01608473092488858,-0.025070191235994695,-0.03358780433579038,0.0027268582127160518,-6.392898765178647,-10.87563979986097
F1-MAE-ATTRIBUTION,F1-MAE-ATTRIBUTION::D2::full_vs_b_lite_ft,hidden_uv_mae,D2,b_lite_ft,D2-004,12,0.030725066814525637,0.11977422030094986,-0.007714846387806576,0.030725066814525637,0.03314855236014884,0.011933214332862374,0.049281302799397575,7.834892037704037,11.977422030094987
F1-MAE-ATTRIBUTION,F1-MAE-ATTRIBUTION::D2::full_vs_b_lite_ft,hidden_uv_mae,D2,b_lite_ft,D2-005,12,-0.01801365625288852,-0.08835169822894456,-0.01801365625288852,-0.029129758460860217,-0.015520214811771724,-0.025939678604836244,-0.0168545498902532,-4.593482344486572,-8.835169822894457
F1-MAE-ATTRIBUTION,F1-MAE-ATTRIBUTION::D2::full_vs_b_lite_ft,hidden_uv_mae,D2,b_lite_ft,D2-006,12,0.0010902015416602712,0.005013736045218842,-0.019712185798771265,0.0010902015416602712,-0.005388802666855069,0.030884087970465574,0.012147560396442061,0.27800139312336913,0.5013736045218842
F1-MAE-ATTRIBUTION,F1-MAE-ATTRIBUTION::D2::full_vs_b_lite_ft,hidden_uv_mae,D2,b_lite_ft,D2-007,12,0.017330731135386274,0.09270251772794949,-0.010484122086067076,0.02747447859585804,0.017330731135386274,0.023068842686184157,0.012890624967539413,4.4193364395235,9.27025177279495
F1-MAE-ATTRIBUTION,F1-MAE-ATTRIBUTION::D2::full_vs_b_lite_ft,hidden_uv_mae,D2,b_lite_ft,D2-008,12,0.028596263931565016,0.1139749186234171,0.03696553313634694,0.01824947857274528,0.051613698455756946,0.01823618122436689,0.028596263931565016,7.292047302549079,11.39749186234171
F1-MAE-ATTRIBUTION,F1-MAE-ATTRIBUTION::D2::full_vs_b_lite_ft,hidden_uv_mae,D2,b_lite_ft,D2-009,12,0.030180413173613974,0.10439943173134952,0.03218325870318545,0.03936484624978666,0.030180413173613974,0.009181187886233427,0.005622873091653505,7.696005359271563,10.439943173134953
F1-MAE-ATTRIBUTION,F1-MAE-ATTRIBUTION::D2::full_vs_b_lite_ft,hidden_uv_mae,D2,b_lite_ft,D2-010,12,0.04349611555891378,0.15860630305388587,0.007855211054837274,0.04349611555891378,0.047154644314475636,0.04364822341336144,0.029538297823694326,11.091509467523013,15.860630305388588
F1-MAE-ATTRIBUTION,F1-MAE-ATTRIBUTION::D2::full_vs_b_lite_ft,hidden_uv_mae,D2,b_lite_ft,D2-011,12,-0.006043010404229998,-0.040224818422448495,-0.010192252756028926,-0.006803706415101057,0.020334394317777713,-0.006043010404229998,0.013291790776466028,-1.5409676530786496,-4.02248184224485
F1-MAE-ATTRIBUTION,F1-MAE-ATTRIBUTION::D2::full_vs_b_lite_ft,hidden_uv_mae,D2,b_lite_ft,D2-012,12,0.023857325322298367,0.10240082235104749,0.016059829151040317,0.023857325322298367,0.027843651618284976,0.023491140679851377,0.025620978221081156,6.083617957186084,10.24008223510475
F1-MAE-ATTRIBUTION,F1-MAE-ATTRIBUTION::D2::full_vs_b_lite_ft,hidden_uv_mae,D2,b_lite_ft,D2-013,12,0.039763864241222024,0.1638990509755622,0.018788055766522163,0.039763864241222024,0.04551079776108366,0.05506358435964005,0.03663441773233375,10.139785381511617,16.38990509755622
F1-MAE-ATTRIBUTION,F1-MAE-ATTRIBUTION::D2::full_vs_b_lite_ft,hidden_uv_mae,D2,b_lite_ft,D2-014,12,-0.002269944092337453,-0.014888798207624477,0.000898825574159795,-0.009442522848405258,-0.002269944092337453,-0.012752434710661564,0.012551785797461301,-0.5788357435460505,-1.4888798207624476
F1-MAE-ATTRIBUTION,F1-MAE-ATTRIBUTION::D2::full_vs_b_lite_ft,hidden_uv_mae,D2,b_lite_ft,D2-015,12,-0.00810061023821905,-0.05442196137792622,-0.011492552056356714,-0.01744684105152898,-0.0033021903138548553,0.0007532139675126767,-0.00810061023821905,-2.065655610745858,-5.442196137792623
F1-MAE-ATTRIBUTION,F1-MAE-ATTRIBUTION::D2::full_vs_b_lite_ft,hidden_uv_mae,D2,b_lite_ft,D2-016,12,0.01573041683530492,0.07551153089068642,0.02116879597306251,0.00568823983592677,0.019467312760206523,0.01573041683530492,0.01222852606858528,4.011256293002755,7.5511530890686425
F1-MAE-ATTRIBUTION,F1-MAE-ATTRIBUTION::D2::full_vs_b_lite_ft,hidden_uv_mae,D2,b_lite_ft,D2-017,12,0.03710551453725239,0.1412399082560913,0.0216161123607648,0.01958844659820437,0.04455109748795483,0.03710551453725239,0.04095931547069097,9.461906206999359,14.12399082560913
F1-MAE-ATTRIBUTION,F1-MAE-ATTRIBUTION::D2::full_vs_b_lite_ft,hidden_uv_mae,D2,b_lite_ft,D2-018,12,-0.011481151526763309,-0.09281927648067916,0.0027158423899746875,-0.015528434766953654,-0.022288688872423433,-0.011481151526763309,-0.0021320866506042008,-2.9276936393246435,-9.281927648067915
F1-MAE-ATTRIBUTION,F1-MAE-ATTRIBUTION::D2::full_vs_b_lite_ft,hidden_uv_mae,D2,b_lite_ft,D2-019,12,0.016142133473564163,0.08763016307999932,-0.0029063432494195254,0.015286590241723588,0.01702869201581629,0.018609461909721778,0.016142133473564163,4.116244035758862,8.763016307999932
F1-MAE-ATTRIBUTION,F1-MAE-ATTRIBUTION::D2::full_vs_b_lite_ft,hidden_uv_mae,D2,b_lite_ft,D2-020,12,-0.003034606851289,-0.022058533524882785,-0.007524776148299384,-0.003034606851289,0.010773827928381087,0.0020892692396674573,-0.020831419118044384,-0.773824747078695,-2.2058533524882784
F1-MAE-ATTRIBUTION,F1-MAE-ATTRIBUTION::D2::full_vs_b_lite_ft,hidden_uv_mae,D2,b_lite_ft,D2-021,12,0.00726451739051126,0.04222617561943073,0.015969156353461647,-0.014151079293627009,0.00726451739051126,-0.0067508589150429565,0.030284067682707992,1.8524519345803714,4.222617561943073
F1-MAE-ATTRIBUTION,F1-MAE-ATTRIBUTION::D2::full_vs_b_lite_ft,hidden_uv_mae,D2,b_lite_ft,D2-022,12,0.012455210623181896,0.05670776193717035,-0.026074245598430565,0.025194318289006194,0.018400349855771547,0.012455210623181896,-0.01174481200675169,3.1760787089113833,5.670776193717035
F1-MAE-ATTRIBUTION,F1-MAE-ATTRIBUTION::D2::full_vs_b_lite_ft,hidden_uv_mae,D2,b_lite_ft,D2-023,12,0.021913544882876355,0.10899425590375128,-0.021010302232973496,0.03443294836181543,0.03188256748977504,0.012547084671628274,0.021913544882876355,5.587953945133471,10.899425590375127
F1-MAE-ATTRIBUTION,F1-MAE-ATTRIBUTION::D2::full_vs_b_lite_ft,hidden_uv_mae,D2,b_lite_ft,D2-024,12,0.005165145111580699,0.021472757752474654,-0.005087093272734267,-0.002536417127980639,0.005165145111580699,0.01607020323475203,0.015264742477145557,1.3171120034530783,2.1472757752474654
F1-MAE-ATTRIBUTION,F1-MAE-ATTRIBUTION::D2::full_vs_b_lite_ft,hidden_uv_mae,D2,b_lite_ft,D2-025,12,0.013578989021164167,0.060733845430578304,0.007725547158948479,0.013578989021164167,0.020082948154685393,0.012669913495127652,0.023972086129079487,3.4626422003968624,6.073384543057831
F1-MAE-ATTRIBUTION,F1-MAE-ATTRIBUTION::D2::full_vs_b_lite_ft,hidden_uv_mae,D2,b_lite_ft,D2-026,12,0.021024808345376983,0.1162216202814639,0.011016614801649526,0.02198677346273463,0.021024808345376983,0.023182879642821674,0.01653303615107242,5.361326128071131,11.622162028146391
F1-MAE-ATTRIBUTION,F1-MAE-ATTRIBUTION::D2::full_vs_b_lite_ft,hidden_uv_mae,D2,b_lite_ft,D2-027,12,-0.003379295683569379,-0.015077581976358037,-0.005487777105796274,-0.003379295683569379,0.01965458717933266,0.01519224010007858,-0.004248722103470201,-0.8617203993101916,-1.5077581976358037
F1-MAE-ATTRIBUTION,F1-MAE-ATTRIBUTION::D2::full_vs_b_lite_ft,hidden_uv_mae,D2,b_lite_ft,D2-028,12,0.039275497976871146,0.12409020878129741,0.029440301688827164,0.03261038733209359,0.039275497976871146,0.05441335775871198,0.04648102416734522,10.015251984102143,12.409020878129741
F1-MAE-ATTRIBUTION,F1-MAE-ATTRIBUTION::D2::full_vs_b_lite_ft,hidden_uv_mae,D2,b_lite_ft,D2-029,12,0.05317767464761873,0.23233697234416684,0.021464240916988314,0.05675147220444682,0.04675431767943161,0.06388769956708651,0.05317767464761873,13.560307035142776,23.233697234416685
F1-MAE-ATTRIBUTION,F1-MAE-ATTRIBUTION::D2::full_vs_b_lite_ft,hidden_uv_mae,D2,b_lite_ft,D2-030,12,0.016406915925138627,0.07615196879149998,-0.004392863201050506,0.014690300533550998,0.02483147616599657,0.016406915925138627,0.03179577375037404,4.18376356091035,7.615196879149997
F1-MAE-ATTRIBUTION,F1-MAE-ATTRIBUTION::D2::full_vs_b_lite_ft,hidden_uv_mae,D2,b_lite_ft,D2-031,12,0.0031726808334963386,0.013127266596987926,0.0003039393788920042,-0.0213047363349579,0.02098071409605197,0.0031726808334963386,0.0034467051926303643,0.8090336125415664,1.3127266596987925
F1-MAE-ATTRIBUTION,F1-MAE-ATTRIBUTION::D2::full_vs_b_lite_ft,hidden_uv_mae,D2,b_lite_ft,D2-032,12,0.016205573348679905,0.08648677478359307,-0.015019881890077955,0.0022060646145951462,0.016205573348679905,0.02156068459964984,0.018377023831989872,4.132421203913376,8.648677478359307
F1-MAE-ATTRIBUTION,F1-MAE-ATTRIBUTION::D2::full_vs_b_lite_ft,hidden_uv_mae,D2,b_lite_ft,D2-033,12,0.0028797482199239,0.015558800408309365,-0.013739512363741338,0.0120894283531051,0.02961617876965103,-0.008437300242447099,0.0028797482199239,0.7343357960805945,1.5558800408309366
F1-MAE-ATTRIBUTION,F1-MAE-ATTRIBUTION::D2::full_vs_b_lite_ft,hidden_uv_mae,D2,b_lite_ft,D2-034,12,-0.0011966175158266562,-0.00800778746593444,-0.017636781065868072,-0.0011966175158266562,0.008779514702513314,-8.996754574278759e-05,-0.011423853286985475,-0.3051374665357973,-0.800778746593444
F1-MAE-ATTRIBUTION,F1-MAE-ATTRIBUTION::D2::full_vs_b_lite_ft,hidden_uv_mae,D2,b_lite_ft,D2-035,12,-0.012267175596207366,-0.04957808310802805,-0.01284394599758093,-0.007229250885309679,-8.398873938456064e-05,-0.01419377164863464,-0.012267175596207366,-3.1281297770328784,-4.957808310802805
F1-MAE-ATTRIBUTION,F1-MAE-ATTRIBUTION::D2::full_vs_b_lite_ft,hidden_uv_mae,D2,b_lite_ft,D2-036,12,0.04129971313689437,0.13116386959305956,0.007194391973316672,0.04747155673269712,0.03205587337032342,0.04129971313689437,0.0445038589911583,10.531426849908065,13.116386959305956
F1-MAE-ATTRIBUTION,F1-MAE-ATTRIBUTION::D2::full_vs_b_lite_ft,hidden_uv_mae,D2,b_lite_ft,D2-037,12,0.04711538760198487,0.20576160819934405,0.02880350900417132,0.03237173707745461,0.053638013114255895,0.04711538760198487,0.05449510948318574,12.014423838506143,20.576160819934405
F1-MAE-ATTRIBUTION,F1-MAE-ATTRIBUTION::D2::full_vs_b_lite_ft,hidden_uv_mae,D2,b_lite_ft,D2-038,12,0.022148350221447607,0.09458604831972767,0.022148350221447607,0.0036003022485017744,0.012228238287272764,0.035952926746436534,0.028449322614913383,5.64782930646914,9.458604831972767
F1-MAE-ATTRIBUTION,F1-MAE-ATTRIBUTION::D2::full_vs_b_lite_ft,hidden_uv_mae,D2,b_lite_ft,D2-039,12,-0.004529199918866647,-0.023455604034831597,-0.011639810231637251,-0.02273571706542652,-0.004529199918866647,0.003836072668058396,0.01962704190045013,-1.154945979310995,-2.3455604034831596
F1-MAE-ATTRIBUTION,F1-MAE-ATTRIBUTION::D2::full_vs_b_lite_ft,hidden_uv_mae,D2,b_lite_ft,D2-040,12,0.030190178655991037,0.14806587378685768,0.005585913772158557,0.03352699423152389,0.03206379607771383,0.02892868223346093,0.030190178655991037,7.698495557277715,14.806587378685768
F1-MAE-ATTRIBUTION,F1-MAE-ATTRIBUTION::D2::full_vs_b_lite_ft,hidden_uv_mae,D2,b_lite_ft,D2-041,12,-0.004850841670607529,-0.02953965310648778,0.008229986764490597,-0.0084990672314436,-0.004850841670607529,0.007504942143956819,-0.009172549859310195,-1.23696462600492,-2.953965310648778
F1-MAE-ATTRIBUTION,F1-MAE-ATTRIBUTION::D2::full_vs_b_lite_ft,hidden_uv_mae,D2,b_lite_ft,D2-042,12,0.04317834236337777,0.20185850555380022,0.031354403083971624,0.04317834236337777,0.04295348582277572,0.05489950509529497,0.05178249179939225,11.01047730266133,20.18585055538002
F1-MAE-ATTRIBUTION,F1-MAE-ATTRIBUTION::D2::full_vs_b_lite_ft,hidden_uv_mae,D2,b_lite_ft,D2-043,12,0.04597521275445893,0.187916780242097,0.019621703076606614,0.04258183546649301,0.04597521275445893,0.05071095032334853,0.05652136267651988,11.723679252387026,18.7916780242097
F1-MAE-ATTRIBUTION,F1-MAE-ATTRIBUTION::D2::full_vs_b_lite_ft,hidden_uv_mae,D2,b_lite_ft,D2-044,12,0.05346874682036391,0.24376041471600854,0.03418659725825793,0.05346874682036391,0.0742480715840227,0.061427637109265076,0.049054637473476354,13.634530439192798,24.376041471600853
F1-MAE-ATTRIBUTION,F1-MAE-ATTRIBUTION::D2::full_vs_b_lite_ft,hidden_uv_mae,D2,b_lite_ft,D2-045,12,0.013978393437961728,0.0541155607002707,0.02033091300751068,0.017513904646630343,0.008211020186233028,0.013978393437961728,0.004654334887625677,3.564490326680241,5.41155607002707
F1-MAE-ATTRIBUTION,F1-MAE-ATTRIBUTION::D2::full_vs_b_lite_ft,hidden_uv_mae,D2,b_lite_ft,D2-046,12,0.02586745040921068,0.10614122639246941,-0.011778845781520345,0.02586745040921068,0.05292683264907497,0.03361997865618038,0.01461109400374816,6.596199854348724,10.614122639246942
F1-MAE-ATTRIBUTION,F1-MAE-ATTRIBUTION::D2::full_vs_b_lite_ft,hidden_uv_mae,D2,b_lite_ft,D2-047,12,-0.01094248632484849,-0.0576173116582141,-0.01107766627989916,0.0013224427718588755,0.0031249824184798117,-0.01094248632484849,-0.013879499184017513,-2.790334012836365,-5.76173116582141
F1-MAE-ATTRIBUTION,F1-MAE-ATTRIBUTION::D2::full_vs_b_lite_ft,hidden_uv_mae,D2,b_lite_ft,D2-048,12,0.053030933445644746,0.21243177872989777,0.04333735461391154,0.05633811801294798,0.08426259474326223,0.04778569364949825,0.053030933445644746,13.52288802863941,21.243177872989776
F1-MAE-ATTRIBUTION,F1-MAE-ATTRIBUTION::D2::full_vs_b_lite_ft,hidden_uv_mae,D2,b_lite_ft,D2-049,12,0.004195945492635175,0.021812156991720223,0.006881728814361512,0.019598790875722152,-0.0008864107330896348,0.004195945492635175,-0.004244930448104908,1.0699661006219696,2.1812156991720224
F1-MAE-ATTRIBUTION,F1-MAE-ATTRIBUTION::D2::full_vs_b_lite_ft,hidden_uv_mae,D2,b_lite_ft,D2-050,12,0.004881670441892402,0.019249158876303043,0.004881670441892402,-0.0005057326051123578,0.004562586999426688,0.02041699175297479,0.006277086813814753,1.2448259626825626,1.9249158876303043
F1-MAE-ATTRIBUTION,F1-MAE-ATTRIBUTION::D2::full_vs_b_lite_ft,hidden_uv_mae,D2,b_lite_ft,D2-051,12,-0.002251862322268955,-0.009518022032987563,0.0034484567603687843,-0.026503716504263225,-0.002251862322268955,-0.006953939852621216,0.006532948235992833,-0.5742248921785835,-0.9518022032987563
F1-MAE-ATTRIBUTION,F1-MAE-ATTRIBUTION::D2::full_vs_b_lite_ft,hidden_uv_mae,D2,b_lite_ft,D2-052,12,0.008635509254956486,0.041398008062396165,0.011278604154446828,0.002678440681969124,0.008635509254956486,0.008523306575399736,0.021335016807183776,2.202054860013904,4.1398008062396165
F1-MAE-ATTRIBUTION,F1-MAE-ATTRIBUTION::D2::full_vs_b_lite_ft,hidden_uv_mae,D2,b_lite_ft,D2-053,12,0.030893814000778674,0.1691908954772319,-0.009667990069079896,0.04102637598878149,0.030893814000778674,0.03739513684032035,0.026559975148103706,7.877922570198562,16.91908954772319
F1-MAE-ATTRIBUTION,F1-MAE-ATTRIBUTION::D2::full_vs_b_lite_ft,hidden_uv_mae,D2,b_lite_ft,D2-054,12,-0.006271480297344548,-0.03159613936503819,-0.011091903420293939,-0.00589498463604185,0.01162179429773931,-0.00914127984514801,-0.006271480297344548,-1.5992274758228597,-3.1596139365038187
F1-MAE-ATTRIBUTION,F1-MAE-ATTRIBUTION::D2::full_vs_b_lite_ft,hidden_uv_mae,D2,b_lite_ft,D2-055,12,-0.017223203502951798,-0.08158529875306861,-0.013684844248052816,-0.02457499968009292,-0.024589544978768405,-0.017223203502951798,-0.01663794982756564,-4.391916893252708,-8.158529875306861
F1-MAE-ATTRIBUTION,F1-MAE-ATTRIBUTION::D2::full_vs_b_lite_ft,hidden_uv_mae,D2,b_lite_ft,D2-056,12,-0.030842515641888973,-0.19283944760228003,-0.018381457944549068,-0.036401049154516474,-0.03223851190620913,-0.008585516282277258,-0.030842515641888973,-7.864841488681688,-19.283944760228003
F1-MAE-ATTRIBUTION,F1-MAE-ATTRIBUTION::D2::full_vs_b_lite_ft,hidden_uv_mae,D2,b_lite_ft,D2-057,12,0.0007511902105191148,0.0035744627819971763,-0.01140077347521709,0.010979595211735832,-0.010604893010369737,0.0007511902105191148,0.008312049674361013,0.19155350368237428,0.35744627819971764
F1-MAE-ATTRIBUTION,F1-MAE-ATTRIBUTION::D2::full_vs_b_lite_ft,hidden_uv_mae,D2,b_lite_ft,D2-058,12,-0.0006956791656457934,-0.004121861735863402,0.0006834544220339495,-0.003845104113210554,-0.0006956791656457934,0.022671401962176402,-0.017582260056311236,-0.17739818723967732,-0.41218617358634024
F1-MAE-ATTRIBUTION,F1-MAE-ATTRIBUTION::D2::full_vs_b_lite_ft,hidden_uv_mae,D2,b_lite_ft,D2-059,12,0.0440259831605338,0.20574823734259637,0.00492168226902015,0.060032872668309534,0.06738854908696106,0.0440259831605338,0.0365557793073462,11.226625705936119,20.57482373425964
F1-MAE-ATTRIBUTION,F1-MAE-ATTRIBUTION::D2::full_vs_b_lite_ft,hidden_uv_mae,D2,b_lite_ft,D2-060,12,-0.002111831426461555,-0.013466129680846067,-0.002111831426461555,-0.008791339062160446,0.0051296905217294644,-0.008285583627193865,0.012530065684969005,-0.5385170137476966,-1.3466129680846066
F1-MAE-ATTRIBUTION,F1-MAE-ATTRIBUTION::D2::full_vs_b_lite_ft,hidden_uv_mae,D2,b_lite_ft,D2-061,12,-0.015476039224767917,-0.10606590429955755,-0.018722537074091966,-0.02486594532976716,-0.01546957337646504,-0.014242924389919802,-0.015476039224767917,-3.9463900023158187,-10.606590429955755
F1-MAE-ATTRIBUTION,F1-MAE-ATTRIBUTION::D2::full_vs_b_lite_ft,hidden_uv_mae,D2,b_lite_ft,D2-062,12,-0.013040848238462653,-0.09513105409857882,-0.018344597665653113,-0.013040848238462653,-0.003549781099202176,-0.005086619313206406,-0.01771001879683451,-3.3254163008079765,-9.513105409857882
F1-MAE-ATTRIBUTION,F1-MAE-ATTRIBUTION::D2::full_vs_b_lite_ft,hidden_uv_mae,D2,b_lite_ft,D2-063,12,-0.0028154761880031104,-0.013288036884422191,-0.0028154761880031104,-0.00714470136438923,0.0031848853821454526,0.01026940322797873,-0.022365805654527754,-0.7179464279407931,-1.3288036884422192
F1-MAE-ATTRIBUTION,F1-MAE-ATTRIBUTION::D2::full_vs_b_lite_ft,hidden_uv_mae,D2,b_lite_ft,D2-064,12,-0.015013107463606942,-0.07462087388766347,-0.03251126201027117,-0.0275328259427748,-0.010531246272042077,-0.015013107463606942,-0.01398807025974752,-3.82834240321977,-7.4620873887663475
F1-MAE-ATTRIBUTION,F1-MAE-ATTRIBUTION::D2::full_vs_b_lite_ft,hidden_uv_mae,D2,b_lite_ft,D2-065,12,0.018505821240073314,0.10305013997724836,0.018505821240073314,0.0020855356749346493,0.02757890956057049,0.01947760677988722,0.00742894990627202,4.718984416218695,10.305013997724837
F1-MAE-ATTRIBUTION,F1-MAE-ATTRIBUTION::D2::full_vs_b_lite_ft,hidden_uv_mae,D2,b_lite_ft,D2-066,12,0.0013415239181528427,0.006350591863474745,-0.013153358670592169,0.0015086348223411483,0.016408831561636125,0.0013415239181528427,-0.0022559184431069773,0.3420885991289749,0.6350591863474745
F1-MAE-ATTRIBUTION,F1-MAE-ATTRIBUTION::D2::full_vs_b_lite_ft,hidden_uv_mae,D2,b_lite_ft,D2-067,12,-0.014687212832547987,-0.08007097148932087,-0.03388572776483163,-0.014687212832547987,0.02227041597167649,0.0007354454748859443,-0.0330611315369606,-3.7452392722997367,-8.007097148932086
F1-MAE-ATTRIBUTION,F1-MAE-ATTRIBUTION::D2::full_vs_b_lite_ft,hidden_uv_mae,D2,b_lite_ft,D2-068,12,-0.026422083135768173,-0.1046067332595569,-0.03843930175235724,-0.026422083135768173,-0.030532856477461484,-0.0016796622732062894,0.006391857267531165,-6.737631199620885,-10.460673325955689
F1-MAE-ATTRIBUTION,F1-MAE-ATTRIBUTION::D2::full_vs_b_lite_ft,hidden_uv_mae,D2,b_lite_ft,D2-069,12,0.018312960759633123,0.09643595909468781,0.018312960759633123,0.01970145510578597,0.02034656639905677,0.007763920633723512,0.01400548654297988,4.669804993706446,9.64359590946878
F1-MAE-ATTRIBUTION,F1-MAE-ATTRIBUTION::D2::full_vs_b_lite_ft,hidden_uv_mae,D2,b_lite_ft,D2-070,12,0.036878198484501856,0.14352128231213945,0.02763272620134699,0.04131810324590701,0.036878198484501856,0.04898447745324597,0.021744328079901218,9.403940613547974,14.352128231213946
F1-MAE-ATTRIBUTION,F1-MAE-ATTRIBUTION::D2::full_vs_b_lite_ft,hidden_uv_mae,D2,b_lite_ft,D2-071,12,0.004388423838342231,0.013860661448275451,0.003768275301865881,0.004258421479413896,0.011444391268902482,0.004388423838342231,0.04572951071884804,1.119048078777269,1.386066144827545
F1-MAE-ATTRIBUTION,F1-MAE-ATTRIBUTION::D2::full_vs_b_lite_ft,hidden_uv_mae,D2,b_lite_ft,D2-072,12,-0.0035988131067807017,-0.01543351074962086,-0.022819888114959427,-0.01708255196903266,0.008381610037916348,0.0006560915972662618,-0.0035988131067807017,-0.917697342229079,-1.543351074962086
F1-MAE-ATTRIBUTION,F1-MAE-ATTRIBUTION::D2::full_vs_b_lite_ft,hidden_uv_mae,D2,b_lite_ft,D2-073,12,-0.014612901380805107,-0.05986471348426943,-0.01673710175662063,0.026816895861744558,-0.014612901380805107,-0.009691925729931314,-0.01854614385149697,-3.7262898521053023,-5.986471348426943
F1-MAE-ATTRIBUTION,F1-MAE-ATTRIBUTION::D2::full_vs_b_lite_ft,hidden_uv_mae,D2,b_lite_ft,D2-074,12,-0.0061914031766727995,-0.02279207598889324,-0.006372455011198708,-0.0061914031766727995,-0.02678879031832382,0.02646162951443423,0.0034793822826551524,-1.578807810051564,-2.279207598889324
F1-MAE-ATTRIBUTION,F1-MAE-ATTRIBUTION::D2::full_vs_b_lite_ft,hidden_uv_mae,D2,b_lite_ft,D2-075,12,0.01731389183073473,0.07423961081939578,0.0037485875392075374,0.01731389183073473,0.03168638208960621,0.02297843322586053,0.013399572115783465,4.415042416837355,7.423961081939579
F1-MAE-ATTRIBUTION,F1-MAE-ATTRIBUTION::D2::full_vs_b_lite_ft,hidden_uv_mae,D2,b_lite_ft,D2-076,12,0.017065292367568374,0.0641660205223678,-0.0023232421532713293,0.024072281975630397,0.017065292367568374,-0.004985519231262586,0.02381200749548218,4.351649553729936,6.41660205223678
F1-MAE-ATTRIBUTION,F1-MAE-ATTRIBUTION::D2::full_vs_b_lite_ft,hidden_uv_mae,D2,b_lite_ft,D2-077,12,0.028226655323145,0.13978319296733627,0.007464875360407561,0.031465770295333303,0.04746623080974633,0.028226655323145,0.010157581536626853,7.197797107401975,13.978319296733627
F1-MAE-ATTRIBUTION,F1-MAE-ATTRIBUTION::D2::full_vs_b_lite_ft,hidden_uv_mae,D2,b_lite_ft,D2-078,12,0.040346667127705155,0.1647178011848556,0.035289886168479,0.019193352376364187,0.056078214620835926,0.040346667127705155,0.05767523974779695,10.288400117564814,16.47178011848556
F1-MAE-ATTRIBUTION,F1-MAE-ATTRIBUTION::D2::full_vs_b_lite_ft,hidden_uv_mae,D2,b_lite_ft,D2-079,12,0.02797493283447776,0.12410030957606083,0.024595367948295213,0.04057980470260053,0.034232234744439954,0.02797493283447776,0.020311976760564787,7.133607872791829,12.410030957606082
F1-MAE-ATTRIBUTION,F1-MAE-ATTRIBUTION::D2::full_vs_b_lite_ft,hidden_uv_mae,D2,b_lite_ft,D2-080,12,0.005630249291873321,0.026370212858352574,-0.004215734643049737,-0.00039630737299509167,0.034131360817573037,0.005630249291873321,0.02473403463047051,1.4357135694276968,2.6370212858352575
F1-MAE-ATTRIBUTION,F1-MAE-ATTRIBUTION::D2::full_vs_b_lite_ft,hidden_uv_mae,D2,b_lite_ft,D2-081,12,-0.006285249560580158,-0.025966470651990675,-0.023228131060052032,0.00037043622862072134,-0.0024271038934565725,-0.006285249560580158,-0.028641629464514845,-1.6027386379479405,-2.5966470651990674
F1-MAE-ATTRIBUTION,F1-MAE-ATTRIBUTION::D2::full_vs_b_lite_ft,hidden_uv_mae,D2,b_lite_ft,D2-082,12,-0.01739070210962447,-0.08204122666663355,-0.02680059653278942,-0.023198520717885265,-0.01739070210962447,-0.0116132097588382,-0.006434311500375489,-4.43462903795424,-8.204122666663356
F1-MAE-ATTRIBUTION,F1-MAE-ATTRIBUTION::D2::full_vs_b_lite_ft,hidden_uv_mae,D2,b_lite_ft,D2-083,12,0.01009480795608117,0.06973827351991152,0.016343492139695284,0.01009480795608117,0.009135532017765381,0.008593798713470858,0.016616311757978744,2.5741760288006983,6.973827351991152
F1-MAE-ATTRIBUTION,F1-MAE-ATTRIBUTION::D2::full_vs_b_lite_ft,hidden_uv_mae,D2,b_lite_ft,D2-084,12,-0.008733084895461207,-0.056194160317183425,-0.008733084895461207,-0.016145393135592483,-0.0005957292824568527,-0.0036444414250010188,-0.009097632641593613,-2.226936648342608,-5.619416031718343
F1-MAE-ATTRIBUTION,F1-MAE-ATTRIBUTION::D2::full_vs_b_lite_ft,hidden_uv_mae,D2,b_lite_ft,D2-085,12,-0.07246238953696613,-0.327803411572362,-0.07246238953696613,-0.059465176835064845,-0.0735531349340056,-0.07259198661804911,-0.06497654086348438,-18.477909331926362,-32.7803411572362
F1-MAE-ATTRIBUTION,F1-MAE-ATTRIBUTION::D2::full_vs_b_lite_ft,hidden_uv_mae,D2,b_lite_ft,D2-086,12,0.0034129961013925347,0.018142807091415292,-0.020666066064512816,0.0034129961013925347,0.019475360772968547,-0.002740987005681872,0.006931143291738044,0.8703140058550963,1.8142807091415292
F1-MAE-ATTRIBUTION,F1-MAE-ATTRIBUTION::D2::full_vs_b_lite_ft,hidden_uv_mae,D2,b_lite_ft,D2-087,12,-0.026158281360511418,-0.14799330283288495,-0.033196197342917774,-0.026158281360511418,-0.02636918599751812,0.01033546965293311,-0.019076152609407225,-6.6703617469304115,-14.799330283288494
F1-MAE-ATTRIBUTION,F1-MAE-ATTRIBUTION::D2::full_vs_b_lite_ft,hidden_uv_mae,D2,b_lite_ft,D2-088,12,-0.002744197661075934,-0.01906860672756304,-0.027784551379054473,-0.0050243834202939736,0.006062201335014089,0.002248788668275492,-0.002744197661075934,-0.6997704035743632,-1.906860672756304
F1-MAE-ATTRIBUTION,F1-MAE-ATTRIBUTION::D2::full_vs_b_lite_ft,hidden_uv_mae,D2,b_lite_ft,D2-089,12,0.014578707678805286,0.08969779855880834,-0.0027283846720602342,0.02244711170854225,0.030803955049438524,0.014578707678805286,0.0011725057667252708,3.717570458095348,8.969779855880834
F1-MAE-ATTRIBUTION,F1-MAE-ATTRIBUTION::D2::full_vs_b_lite_ft,hidden_uv_mae,D2,b_lite_ft,D2-090,12,-0.006289293168238716,-0.043631027334286504,-0.006231207165530266,-0.006289293168238716,0.0023083908203109516,-0.021940150244110987,-0.007199225986474447,-1.6037697579008725,-4.363102733428651
F1-MAE-ATTRIBUTION,F1-MAE-ATTRIBUTION::D2::full_vs_b_lite_ft,hidden_uv_mae,D2,b_lite_ft,D2-091,12,-0.026921638713169854,-0.13344758348023397,-0.02482270482147672,-0.029330576610526224,-0.026921638713169854,-0.031077517341408484,-0.0018145986411185616,-6.865017871858313,-13.344758348023397
F1-MAE-ATTRIBUTION,F1-MAE-ATTRIBUTION::D2::full_vs_b_lite_ft,hidden_uv_mae,D2,b_lite_ft,D2-092,12,-0.005783533945497937,-0.025674458740999814,-0.02777280713900243,0.009220722081760557,-0.00018903721290509934,-0.008787920773029326,-0.005783533945497937,-1.474801156101974,-2.5674458740999815
F1-MAE-ATTRIBUTION,F1-MAE-ATTRIBUTION::D2::full_vs_b_lite_ft,hidden_uv_mae,D2,b_lite_ft,D2-093,12,0.015170864667869127,0.062400920203395674,-0.01084445242578333,0.01699229944525439,0.031375629240211506,0.015170864667869127,0.0020489948575333344,3.8685704903066274,6.240092020339567
F1-MAE-ATTRIBUTION,F1-MAE-ATTRIBUTION::D2::full_vs_b_lite_ft,hidden_uv_mae,D2,b_lite_ft,D2-094,12,-0.0075673727437850224,-0.03408664577945141,-0.0075673727437850224,-0.009537933259338577,0.02710042092713666,-0.013737275018470177,0.0033997875131101946,-1.9296800496651807,-3.408664577945141
F1-MAE-ATTRIBUTION,F1-MAE-ATTRIBUTION::D2::full_vs_b_lite_ft,hidden_uv_mae,D2,b_lite_ft,D2-095,12,-0.009333012273461172,-0.03633498654469544,-0.03494941352951396,-0.02643159081999398,-0.008002391552635074,-0.009333012273461172,-0.005711722323486518,-2.379918129732599,-3.6334986544695442
F1-MAE-ATTRIBUTION,F1-MAE-ATTRIBUTION::D2::full_vs_b_lite_ft,hidden_uv_mae,D2,b_lite_ft,D2-096,12,-0.008439015719837462,-0.039654711576595586,-0.012184943550432384,0.02066568019609266,-0.014658493950038924,0.0014735228987100418,-0.008439015719837462,-2.1519490085585526,-3.9654711576595587
F1-MAE-ATTRIBUTION,F1-MAE-ATTRIBUTION::D2::full_vs_b_lite_ft,hidden_uv_mae,D2,b_lite_ft,D2-097,12,0.01990145418999923,0.14667464838122946,0.016001764510527455,0.0218995215209851,0.023214464058616643,0.01990145418999923,0.008714236886014297,5.074870818449804,14.667464838122946
F1-MAE-ATTRIBUTION,F1-MAE-ATTRIBUTION::D2::full_vs_b_lite_ft,hidden_uv_mae,D2,b_lite_ft,D2-098,12,-0.012340075108325632,-0.10172956974388495,-0.03384254382461564,-0.0028249195591781295,-0.00392741246488007,-0.012340075108325632,-0.015812621050701275,-3.146719152623036,-10.172956974388494
F1-MAE-ATTRIBUTION,F1-MAE-ATTRIBUTION::D2::full_vs_b_lite_ft,hidden_uv_mae,D2,b_lite_ft,D2-099,12,0.035755771577790155,0.15475823197371807,0.015809412941114584,0.024708140080413193,0.059603039252214315,0.035755771577790155,0.036517698400550413,9.11772175233649,15.475823197371808
F1-MAE-ATTRIBUTION,F1-MAE-ATTRIBUTION::D2::full_vs_b_lite_ft,hidden_uv_mae,D2,b_lite_ft,D2-100,12,-0.005880725500582343,-0.025590032786846562,-0.005880725500582343,-0.011413648746539336,-0.0013088906739364553,-0.01809962196379567,-0.0010347470263854033,-1.4995850026484974,-2.5590032786846564
F2-MAE-PUBLIC,F2-MAE-PUBLIC::D1::full_vs_freeuv_conserved,hidden_uv_mae,D1,freeuv_conserved,D1-I001,8,-0.017029500415918247,-0.14635361494288895,-0.02245180165788871,-0.017029500415918247,-0.01619764886056193,-0.02503871139836312,-0.008665531437697646,-4.342522606059153,-14.635361494288896
F2-MAE-PUBLIC,F2-MAE-PUBLIC::D1::full_vs_freeuv_conserved,hidden_uv_mae,D1,freeuv_conserved,D1-I002,8,0.029419538486255656,0.15703984289195458,0.02913242406337338,0.032234290849484176,0.029556366574425924,0.027304633041811383,0.029419538486255656,7.501982313995192,15.703984289195457
F2-MAE-PUBLIC,F2-MAE-PUBLIC::D1::full_vs_freeuv_conserved,hidden_uv_mae,D1,freeuv_conserved,D1-I003,8,-0.006088352169714831,-0.025050824886220572,0.002890747475816288,-0.006088352169714831,-0.016731303103391895,-0.010217574657971823,-0.000489681701427741,-1.5525298032772819,-2.5050824886220573
F2-MAE-PUBLIC,F2-MAE-PUBLIC::D1::full_vs_freeuv_conserved,hidden_uv_mae,D1,freeuv_conserved,D1-I004,8,0.00671434103960384,0.05341416496285886,0.0069260194001982064,-0.002316345315870841,0.0030851043195419536,0.00671434103960384,0.010453135738234427,1.7121569650989792,5.341416496285886
F2-MAE-PUBLIC,F2-MAE-PUBLIC::D1::full_vs_freeuv_conserved,hidden_uv_mae,D1,freeuv_conserved,D1-I005,8,-0.010623767284921898,-0.0933334437796934,-0.01618538066536205,-0.016245613004536315,-0.010066061006986232,-0.010623767284921898,-0.004222168862463037,-2.7090606576550837,-9.33334437796934
F2-MAE-PUBLIC,F2-MAE-PUBLIC::D1::full_vs_freeuv_conserved,hidden_uv_mae,D1,freeuv_conserved,D1-I006,8,0.059068465157868094,0.27634739404460756,0.059068465157868094,0.06893681677473831,0.06142670896934853,0.057570030394864594,0.05897334720478259,15.062458615256364,27.634739404460756
F2-MAE-PUBLIC,F2-MAE-PUBLIC::D1::full_vs_freeuv_conserved,hidden_uv_mae,D1,freeuv_conserved,D1-I007,8,0.047961634329713135,0.2621155537221795,0.0410605302459313,0.03781749880437332,0.05929690766441928,0.050750096328810786,0.047961634329713135,12.23021675407685,26.211555372217948
F2-MAE-PUBLIC,F2-MAE-PUBLIC::D1::full_vs_freeuv_conserved,hidden_uv_mae,D1,freeuv_conserved,D1-I008,8,0.043662278453984335,0.21860026344856023,0.042194519217291226,0.043662278453984335,0.032783844178943006,0.047357315728139684,0.05198213138977603,11.133881005766005,21.860026344856024
F2-MAE-PUBLIC,F2-MAE-PUBLIC::D1::full_vs_freeuv_conserved,hidden_uv_mae,D1,freeuv_conserved,D1-I009,8,0.021611490714480097,0.1276249685128253,0.013388988506702636,0.0277545932124363,0.021611490714480097,0.0224534664276256,0.015566853747666143,5.510930132192425,12.76249685128253
F2-MAE-PUBLIC,F2-MAE-PUBLIC::D1::full_vs_freeuv_conserved,hidden_uv_mae,D1,freeuv_conserved,D1-I010,8,0.02723822331263548,0.14719776437610735,0.028458199201198353,0.02723822331263548,0.024452347601772423,0.02332428401918739,0.028925706876084353,6.945746944722047,14.719776437610735
F2-MAE-PUBLIC,F2-MAE-PUBLIC::D1::full_vs_freeuv_conserved,hidden_uv_mae,D1,freeuv_conserved,D1-I011,6,0.013680563165879317,0.06241340804860934,0.012416609048052085,0.01614123456330817,0.010571905948524377,0.013680563165879317,0.013808620134024077,3.488543607299226,6.2413408048609345
F2-MAE-PUBLIC,F2-MAE-PUBLIC::D1::full_vs_freeuv_conserved,hidden_uv_mae,D1,freeuv_conserved,D1-I012,4,0.03553793561075365,0.16653309381281398,0.03904963403924498,0.027817486023443402,0.03166682095919826,0.050177187963824074,0.03553793561075365,9.062173580742181,16.653309381281396
F2-MAE-PUBLIC,F2-MAE-PUBLIC::D1::full_vs_freeuv_conserved,hidden_uv_mae,D1,freeuv_conserved,D1-I013,4,0.008452849557446268,0.03925852734695077,-0.0018030603686904761,0.024830633792426865,0.00715513576300654,0.011615001167371575,0.008452849557446268,2.1554766371487983,3.9258527346950767
F2-MAE-PUBLIC,F2-MAE-PUBLIC::D1::full_vs_freeuv_conserved,hidden_uv_mae,D1,freeuv_conserved,D1-I014,8,0.015647595029748634,0.12946469086345552,0.015647595029748634,0.017325586872273514,0.011785309889364999,0.019558087203374784,0.013418570163672962,3.990136732585902,12.946469086345552
F2-MAE-PUBLIC,F2-MAE-PUBLIC::D1::full_vs_freeuv_conserved,hidden_uv_mae,D1,freeuv_conserved,D1-I015,8,0.016110950106467417,0.0746078237729161,0.01521418670501648,0.01595989576774806,0.01910418553354233,0.016110950106467417,0.03416077829947474,4.108292277149191,7.4607823772916095
F2-MAE-PUBLIC,F2-MAE-PUBLIC::D1::full_vs_freeuv_conserved,hidden_uv_mae,D1,freeuv_conserved,D1-I016,8,0.07479367958930083,0.3041107378203142,0.07721864908393392,0.07657953172951701,0.06535189077217793,0.07479367958930083,0.07410742264055521,19.07238829527171,30.411073782031423
F2-MAE-PUBLIC,F2-MAE-PUBLIC::D1::full_vs_freeuv_conserved,hidden_uv_mae,D1,freeuv_conserved,D1-I017,6,-0.01988318384626815,-0.08302885799959828,-0.0004143836737497131,-0.01988318384626815,-0.02158064940524322,-0.022513388001688922,-0.009337411896784178,-5.070211880798379,-8.302885799959828
F2-MAE-PUBLIC,F2-MAE-PUBLIC::D1::full_vs_freeuv_conserved,hidden_uv_mae,D1,freeuv_conserved,D1-I018,8,0.040536912068799016,0.197478908115493,0.040536912068799016,0.04602512148401314,0.04462626986002727,0.03284578980047467,0.025069252445669626,10.33691257754375,19.7478908115493
F2-MAE-PUBLIC,F2-MAE-PUBLIC::D1::full_vs_freeuv_conserved,hidden_uv_mae,D1,freeuv_conserved,D1-I019,8,-0.008217890180806278,-0.06692199482171227,-0.018466085252701436,-0.00804708217556975,-0.00809729826760533,-0.008217890180806278,-0.012490445065969413,-2.095561996105601,-6.692199482171227
F2-MAE-PUBLIC,F2-MAE-PUBLIC::D1::full_vs_freeuv_conserved,hidden_uv_mae,D1,freeuv_conserved,D1-I020,8,-0.024450530275376105,-0.2384070118650699,-0.02529364504582304,-0.03242703933051619,-0.022881631397842783,-0.024069823134366588,-0.024450530275376105,-6.234885220220907,-23.84070118650699
F2-MAE-PUBLIC,F2-MAE-PUBLIC::D2::full_vs_freeuv_conserved,hidden_uv_mae,D2,freeuv_conserved,D2-001,12,0.042772278894701254,0.17341220332920793,0.036979904183401524,0.023628277023537814,0.057434134226526545,0.04331312451653027,0.042772278894701254,10.90693111814882,17.34122033292079
F2-MAE-PUBLIC,F2-MAE-PUBLIC::D2::full_vs_freeuv_conserved,hidden_uv_mae,D2,freeuv_conserved,D2-002,12,0.11292726916336837,0.3314664890749218,0.11292726916336837,0.1263476117469725,0.10015520421522002,0.11085847920427719,0.1155464613372417,28.796453636658935,33.146648907492185
F2-MAE-PUBLIC,F2-MAE-PUBLIC::D2::full_vs_freeuv_conserved,hidden_uv_mae,D2,freeuv_conserved,D2-003,12,0.008628085841025618,0.028938289418927645,0.008628085841025618,0.01589863695913836,-0.004065719430437598,0.006940217915501479,0.05082977949547727,2.2001618894615325,2.8938289418927643
F2-MAE-PUBLIC,F2-MAE-PUBLIC::D2::full_vs_freeuv_conserved,hidden_uv_mae,D2,freeuv_conserved,D2-004,12,0.08078446143563289,0.2469017747018692,0.06021588612324323,0.09394142201876846,0.08078446143563289,0.07111392796965155,0.0872894117066287,20.600037666086386,24.69017747018692
F2-MAE-PUBLIC,F2-MAE-PUBLIC::D2::full_vs_freeuv_conserved,hidden_uv_mae,D2,freeuv_conserved,D2-005,12,0.02661847870760939,0.09998889521624642,0.02661847870760939,0.043436944595659915,0.012980522549427956,0.017434832823922497,0.0332089529577079,6.787712070440394,9.998889521624642
F2-MAE-PUBLIC,F2-MAE-PUBLIC::D2::full_vs_freeuv_conserved,hidden_uv_mae,D2,freeuv_conserved,D2-006,12,0.02910541015892075,0.11077623020205048,-0.004016580725060712,0.02910541015892075,0.03136838669689676,0.03898882512082784,0.017879334604902875,7.421879590524791,11.077623020205047
F2-MAE-PUBLIC,F2-MAE-PUBLIC::D2::full_vs_freeuv_conserved,hidden_uv_mae,D2,freeuv_conserved,D2-007,12,0.04345107746921127,0.20353691757744252,0.032504092353842384,0.04715402604686379,0.06541601278406765,0.04345107746921127,0.04302362164754098,11.080024754648875,20.35369175774425
F2-MAE-PUBLIC,F2-MAE-PUBLIC::D2::full_vs_freeuv_conserved,hidden_uv_mae,D2,freeuv_conserved,D2-008,12,0.03087914616759843,0.14585971398648218,0.0349264124138447,0.0172388675531336,0.029384150932085275,0.03087914616759843,0.03130947375560507,7.8741822727376,14.585971398648217
F2-MAE-PUBLIC,F2-MAE-PUBLIC::D2::full_vs_freeuv_conserved,hidden_uv_mae,D2,freeuv_conserved,D2-009,12,-0.0007420948864831148,-0.0027767431739386668,0.006516596673208176,-0.0007420948864831148,0.010463100022787226,-0.019652673855194917,-0.01309480286793769,-0.18923419605319428,-0.27767431739386667
F2-MAE-PUBLIC,F2-MAE-PUBLIC::D2::full_vs_freeuv_conserved,hidden_uv_mae,D2,freeuv_conserved,D2-010,12,0.06884746892584694,0.2544630095760889,0.06246560152766167,0.07564713407840047,0.0705376258600385,0.06884746892584694,0.0566078849491619,17.55610457609097,25.44630095760889
F2-MAE-PUBLIC,F2-MAE-PUBLIC::D2::full_vs_freeuv_conserved,hidden_uv_mae,D2,freeuv_conserved,D2-011,12,0.037218310755184475,0.18603114390696285,0.037218310755184475,0.027783981800152388,0.06518264231728571,0.02084368854088503,0.04732308514124038,9.490669242572041,18.603114390696284
F2-MAE-PUBLIC,F2-MAE-PUBLIC::D2::full_vs_freeuv_conserved,hidden_uv_mae,D2,freeuv_conserved,D2-012,12,-0.00030501868457114,-0.0015777848874985343,0.017953144303186147,0.015662076730340938,-0.013064901574141558,-0.005673614407725472,-0.00030501868457114,-0.0777797645656407,-0.15777848874985342
F2-MAE-PUBLIC,F2-MAE-PUBLIC::D2::full_vs_freeuv_conserved,hidden_uv_mae,D2,freeuv_conserved,D2-013,12,0.04165378335525191,0.16659278861961874,0.036313823670045375,0.05251972762659525,0.034889244887082546,0.04165378335525191,0.04581390146581023,10.621714755589238,16.659278861961873
F2-MAE-PUBLIC,F2-MAE-PUBLIC::D2::full_vs_freeuv_conserved,hidden_uv_mae,D2,freeuv_conserved,D2-014,12,0.09808557771101949,0.35851667054487485,0.09808557771101949,0.09732007239740402,0.10989555807917999,0.07448280430725658,0.107452735369117,25.01182231630997,35.851667054487486
F2-MAE-PUBLIC,F2-MAE-PUBLIC::D2::full_vs_freeuv_conserved,hidden_uv_mae,D2,freeuv_conserved,D2-015,12,-0.0006768143090306114,-0.004227020325616742,-0.0031239668370554655,-0.008591034297066272,-0.0006768143090306114,0.0006346265080744706,0.0017828863077672744,-0.17258764880280592,-0.42270203256167416
F2-MAE-PUBLIC,F2-MAE-PUBLIC::D2::full_vs_freeuv_conserved,hidden_uv_mae,D2,freeuv_conserved,D2-016,12,0.0032897204637538646,0.012451225671093514,0.0032897204637538646,-0.004440139677306568,0.021070247962294772,0.006674213489898925,-0.0020621709096207558,0.8388787182572355,1.2451225671093513
F2-MAE-PUBLIC,F2-MAE-PUBLIC::D2::full_vs_freeuv_conserved,hidden_uv_mae,D2,freeuv_conserved,D2-017,12,0.07498380653385875,0.2476802923932514,0.07498380653385875,0.06752353079572675,0.07456757024388819,0.08648789791373183,0.0825993218873558,19.120870666133982,24.76802923932514
F2-MAE-PUBLIC,F2-MAE-PUBLIC::D2::full_vs_freeuv_conserved,hidden_uv_mae,D2,freeuv_conserved,D2-018,12,0.004227377036160718,0.03252287458168161,0.010667440573507485,-0.0047463383163997425,0.0006173945751356547,0.004227377036160718,0.01035692389439627,1.077981144220983,3.252287458168161
F2-MAE-PUBLIC,F2-MAE-PUBLIC::D2::full_vs_freeuv_conserved,hidden_uv_mae,D2,freeuv_conserved,D2-019,12,0.009274732631941646,0.05137830096029602,0.010374711120060873,0.009274732631941646,-0.008622669046971843,0.006429780264533953,0.014581353610588446,2.3650568211451195,5.137830096029602
F2-MAE-PUBLIC,F2-MAE-PUBLIC::D2::full_vs_freeuv_conserved,hidden_uv_mae,D2,freeuv_conserved,D2-020,12,0.039088224079094694,0.16529971885868253,0.039088224079094694,0.05389564060145518,0.035023967863297936,0.043149812183543745,0.029090779318870164,9.967497140169147,16.529971885868253
F2-MAE-PUBLIC,F2-MAE-PUBLIC::D2::full_vs_freeuv_conserved,hidden_uv_mae,D2,freeuv_conserved,D2-021,12,0.11468815137259823,0.4018170111535229,0.11468815137259823,0.11112607924888532,0.10653299210770499,0.1162124016667686,0.1269015404421796,29.24547860001255,40.18170111535229
F2-MAE-PUBLIC,F2-MAE-PUBLIC::D2::full_vs_freeuv_conserved,hidden_uv_mae,D2,freeuv_conserved,D2-022,12,0.05833558394332175,0.19514334564813965,0.05274771236711079,0.07068633579844492,0.060603931850903195,0.05833558394332175,0.05522818627218022,14.875573905547046,19.514334564813964
F2-MAE-PUBLIC,F2-MAE-PUBLIC::D2::full_vs_freeuv_conserved,hidden_uv_mae,D2,freeuv_conserved,D2-023,12,0.016415906703540026,0.09691938758274316,0.012677931912927612,0.04147939189704656,0.012310426654011927,0.03030141569724701,0.016415906703540026,4.1860562094027065,9.691938758274315
F2-MAE-PUBLIC,F2-MAE-PUBLIC::D2::full_vs_freeuv_conserved,hidden_uv_mae,D2,freeuv_conserved,D2-024,12,0.003136911394971381,0.013539691154581429,-0.010507720133299536,0.0035616501556410413,0.0024231462620007693,0.003136911394971381,0.005063004696216344,0.7999124057177022,1.3539691154581428
F2-MAE-PUBLIC,F2-MAE-PUBLIC::D2::full_vs_freeuv_conserved,hidden_uv_mae,D2,freeuv_conserved,D2-025,12,0.017227350784066522,0.07487775034719531,0.010409054700081646,0.014595423299314,0.03052376892735502,0.026712570132480712,0.017227350784066522,4.392974449936963,7.48777503471953
F2-MAE-PUBLIC,F2-MAE-PUBLIC::D2::full_vs_freeuv_conserved,hidden_uv_mae,D2,freeuv_conserved,D2-026,12,0.020048727501127225,0.10341775949137186,0.02928443879243873,0.008369200092858284,0.020048727501127225,0.036450170917022566,0.017185249155722712,5.112425512787443,10.341775949137185
F2-MAE-PUBLIC,F2-MAE-PUBLIC::D2::full_vs_freeuv_conserved,hidden_uv_mae,D2,freeuv_conserved,D2-027,12,0.05842383782675657,0.2213003766155685,0.03836122813214887,0.04738730550875643,0.06352459212765704,0.05842383782675657,0.059777142953415296,14.898078645822926,22.13003766155685
F2-MAE-PUBLIC,F2-MAE-PUBLIC::D2::full_vs_freeuv_conserved,hidden_uv_mae,D2,freeuv_conserved,D2-028,12,0.032933524536351,0.12385397858178358,0.032933524536351,0.03783805013944705,0.038588405462602754,0.03067620955959846,0.025559772569686154,8.398048756769505,12.385397858178358
F2-MAE-PUBLIC,F2-MAE-PUBLIC::D2::full_vs_freeuv_conserved,hidden_uv_mae,D2,freeuv_conserved,D2-029,12,0.04865122665452143,0.23363065066130317,0.04262751823737783,0.0502240562318933,0.05202650618405341,0.04865122665452143,0.043292120782542354,12.406062796902964,23.363065066130318
F2-MAE-PUBLIC,F2-MAE-PUBLIC::D2::full_vs_freeuv_conserved,hidden_uv_mae,D2,freeuv_conserved,D2-030,12,0.003663869167846459,0.01613181047349835,-0.025161673091827458,0.0021792543323584657,0.003663869167846459,0.009993503513910304,0.005706829788905923,0.9342866378008471,1.6131810473498351
F2-MAE-PUBLIC,F2-MAE-PUBLIC::D2::full_vs_freeuv_conserved,hidden_uv_mae,D2,freeuv_conserved,D2-031,12,0.06470207068993429,0.2176611448616087,0.08047260482132813,0.055847554029305524,0.07241540430494918,0.06337950032145256,0.06470207068993429,16.499028025933246,21.76611448616087
F2-MAE-PUBLIC,F2-MAE-PUBLIC::D2::full_vs_freeuv_conserved,hidden_uv_mae,D2,freeuv_conserved,D2-032,12,-0.0033261579009327275,-0.017143073317759706,-0.0033261579009327275,-0.018894175094287716,0.0018132698637244732,0.0021715832756262765,-0.021787482344066605,-0.8481702647378455,-1.7143073317759705
F2-MAE-PUBLIC,F2-MAE-PUBLIC::D2::full_vs_freeuv_conserved,hidden_uv_mae,D2,freeuv_conserved,D2-033,12,0.019502107037637148,0.09001264348845335,0.018052381649613355,0.03914920663482499,0.040379296493349044,0.018578966086109483,0.019502107037637148,4.973037294597472,9.001264348845336
F2-MAE-PUBLIC,F2-MAE-PUBLIC::D2::full_vs_freeuv_conserved,hidden_uv_mae,D2,freeuv_conserved,D2-034,12,0.025597122735330588,0.13148992277336302,0.015589125863419304,0.03312816052940212,0.025597122735330588,0.020521211879989343,0.0333272400584093,6.5272662975093,13.148992277336301
F2-MAE-PUBLIC,F2-MAE-PUBLIC::D2::full_vs_freeuv_conserved,hidden_uv_mae,D2,freeuv_conserved,D2-035,12,-0.006116236939671504,-0.02302767142114154,-0.019506104660192217,0.012217992480016399,-0.006116236939671504,-0.013274004566890346,-0.002097967167379644,-1.5596404196162337,-2.302767142114154
F2-MAE-PUBLIC,F2-MAE-PUBLIC::D2::full_vs_freeuv_conserved,hidden_uv_mae,D2,freeuv_conserved,D2-036,12,0.041432141895805075,0.14280257382358466,0.037679523169123486,0.041432141895805075,0.057275960716818064,0.037198161074157896,0.04266042484768798,10.565196183430293,14.280257382358466
F2-MAE-PUBLIC,F2-MAE-PUBLIC::D2::full_vs_freeuv_conserved,hidden_uv_mae,D2,freeuv_conserved,D2-037,12,0.026906997996953105,0.13339223867690514,0.026906997996953105,0.02204134719348981,0.00904013136957725,0.030444158661541418,0.03578607786762697,6.861284489223042,13.339223867690514
F2-MAE-PUBLIC,F2-MAE-PUBLIC::D2::full_vs_freeuv_conserved,hidden_uv_mae,D2,freeuv_conserved,D2-038,12,0.022273139518945093,0.08932396452341475,0.026066418597905705,0.01895800353701002,-0.01012671135832964,0.03895193562415,0.022273139518945093,5.679650577330999,8.932396452341475
F2-MAE-PUBLIC,F2-MAE-PUBLIC::D2::full_vs_freeuv_conserved,hidden_uv_mae,D2,freeuv_conserved,D2-039,12,-0.018732101809590646,-0.09921929238707734,-0.025891099392845868,-0.018732101809590646,-0.045529780489017735,-0.004810689271378205,-0.01348746704963455,-4.776685961445614,-9.921929238707735
F2-MAE-PUBLIC,F2-MAE-PUBLIC::D2::full_vs_freeuv_conserved,hidden_uv_mae,D2,freeuv_conserved,D2-040,12,-0.0011308509766779773,-0.005331497981904126,-0.023643190194076548,-0.0011308509766779773,0.0010758195900254786,-0.00580157998095579,0.013815227455595942,-0.2883669990528842,-0.5331497981904126
F2-MAE-PUBLIC,F2-MAE-PUBLIC::D2::full_vs_freeuv_conserved,hidden_uv_mae,D2,freeuv_conserved,D2-041,12,0.10221770400595334,0.3302639902963389,0.0767322352168978,0.10221770400595334,0.12170933763623051,0.09194988128023616,0.10730235739093688,26.065514521518104,33.02639902963389
F2-MAE-PUBLIC,F2-MAE-PUBLIC::D2::full_vs_freeuv_conserved,hidden_uv_mae,D2,freeuv_conserved,D2-042,12,0.008825670798125893,0.04936533188222508,0.008825670798125893,0.00489297267077661,0.0087047025271096,0.017931746644383115,0.022625066595217763,2.2505460535221027,4.9365331882225085
F2-MAE-PUBLIC,F2-MAE-PUBLIC::D2::full_vs_freeuv_conserved,hidden_uv_mae,D2,freeuv_conserved,D2-043,12,0.03925532292405873,0.16566540434397464,0.02043499516263235,0.03431457650820108,0.03925532292405873,0.04723696394444939,0.04832951623004411,10.010107345634976,16.566540434397464
F2-MAE-PUBLIC,F2-MAE-PUBLIC::D2::full_vs_freeuv_conserved,hidden_uv_mae,D2,freeuv_conserved,D2-044,12,0.12319786045091606,0.4197246422834184,0.10359554075593361,0.12319786045091606,0.12752256511461013,0.12305935709889419,0.1284447899296064,31.415454414983596,41.972464228341835
F2-MAE-PUBLIC,F2-MAE-PUBLIC::D2::full_vs_freeuv_conserved,hidden_uv_mae,D2,freeuv_conserved,D2-045,12,0.06171776414553205,0.20834508835958862,0.08224657789672112,0.06171776414553205,0.05194261143786004,0.07010903275220724,0.057990688295274456,15.738029857110673,20.83450883595886
F2-MAE-PUBLIC,F2-MAE-PUBLIC::D2::full_vs_freeuv_conserved,hidden_uv_mae,D2,freeuv_conserved,D2-046,12,0.07360955836674107,0.22435600834035502,0.05089095158322032,0.06682137646363007,0.07360955836674107,0.08027613931976733,0.08141898385701786,18.770437383518974,22.4356008340355
F2-MAE-PUBLIC,F2-MAE-PUBLIC::D2::full_vs_freeuv_conserved,hidden_uv_mae,D2,freeuv_conserved,D2-047,12,0.017324146805774612,0.07750641710671297,0.020152346547448345,0.022673432878713012,0.009481340481181356,0.008718269164947903,0.017324146805774612,4.417657435472526,7.750641710671297
F2-MAE-PUBLIC,F2-MAE-PUBLIC::D2::full_vs_freeuv_conserved,hidden_uv_mae,D2,freeuv_conserved,D2-048,12,0.05977038778523858,0.23786704680251605,0.06756056457783817,0.04528399695538811,0.054654842657813174,0.05977038778523858,0.07041533075195425,15.241448885235837,23.786704680251606
F2-MAE-PUBLIC,F2-MAE-PUBLIC::D2::full_vs_freeuv_conserved,hidden_uv_mae,D2,freeuv_conserved,D2-049,12,0.04650283758886732,0.1873697513042492,0.046100179394873514,0.054513462431288864,0.04650283758886732,0.05057594580858042,0.03899262267618607,11.858223585161166,18.73697513042492
F2-MAE-PUBLIC,F2-MAE-PUBLIC::D2::full_vs_freeuv_conserved,hidden_uv_mae,D2,freeuv_conserved,D2-050,12,0.08309024680825153,0.23636142738121302,0.08130993894273134,0.09111298457880132,0.07709611136099383,0.09812486457319788,0.08309024680825153,21.18801293610414,23.6361427381213
F2-MAE-PUBLIC,F2-MAE-PUBLIC::D2::full_vs_freeuv_conserved,hidden_uv_mae,D2,freeuv_conserved,D2-051,12,0.0980500430821374,0.3125451158058523,0.0980500430821374,0.08732838711025495,0.10182364688442144,0.08509959292261515,0.09999476343013901,25.002760985945038,31.25451158058523
F2-MAE-PUBLIC,F2-MAE-PUBLIC::D2::full_vs_freeuv_conserved,hidden_uv_mae,D2,freeuv_conserved,D2-052,12,0.05578657650445221,0.22197758578073173,0.06300574104358075,0.05386042469210828,0.05578657650445221,0.05177833447515061,0.060338938006698484,14.225577008635312,22.197758578073174
F2-MAE-PUBLIC,F2-MAE-PUBLIC::D2::full_vs_freeuv_conserved,hidden_uv_mae,D2,freeuv_conserved,D2-053,12,0.0235670953256955,0.1278619322659861,0.0208214025668524,0.0235670953256955,0.03398718171374761,0.023540957127894016,0.029250585170309186,6.009609308052353,12.786193226598611
F2-MAE-PUBLIC,F2-MAE-PUBLIC::D2::full_vs_freeuv_conserved,hidden_uv_mae,D2,freeuv_conserved,D2-054,12,0.0030944428829200316,0.016561581329884188,-0.003929155995138003,-0.0015865120200302396,0.014487786553602985,0.0030944428829200316,0.014056724647094523,0.789082935144608,1.6561581329884187
F2-MAE-PUBLIC,F2-MAE-PUBLIC::D2::full_vs_freeuv_conserved,hidden_uv_mae,D2,freeuv_conserved,D2-055,12,0.016500277913112704,0.06315917226502604,0.027981126994864214,-0.003780882385559986,0.02375644168139182,0.016500277913112704,0.006011072603660628,4.20757086784374,6.315917226502604
F2-MAE-PUBLIC,F2-MAE-PUBLIC::D2::full_vs_freeuv_conserved,hidden_uv_mae,D2,freeuv_conserved,D2-056,12,0.034623993617178245,0.14391008920644158,0.028996812391400742,0.02986025412284772,0.034623993617178245,0.03683785305703151,0.04650188749753705,8.829118372380453,14.391008920644158
F2-MAE-PUBLIC,F2-MAE-PUBLIC::D2::full_vs_freeuv_conserved,hidden_uv_mae,D2,freeuv_conserved,D2-057,12,0.04673051729488356,0.17039433064068818,0.05155602831526662,0.05807778031690766,0.03984272068947954,0.044390336593070234,0.04673051729488356,11.916281910195307,17.039433064068817
F2-MAE-PUBLIC,F2-MAE-PUBLIC::D2::full_vs_freeuv_conserved,hidden_uv_mae,D2,freeuv_conserved,D2-058,12,-0.0017778428902866794,-0.008156046037939482,-0.0049660139355820615,0.0065325120870166065,-0.011033156147117126,-0.0017778428902866794,0.005542006038781119,-0.4533499370231032,-0.8156046037939482
F2-MAE-PUBLIC,F2-MAE-PUBLIC::D2::full_vs_freeuv_conserved,hidden_uv_mae,D2,freeuv_conserved,D2-059,12,0.002099440041298653,0.009315287975904874,-0.006559175721901872,0.002099440041298653,0.012743513031609907,-7.319162943446311e-05,0.021410060734991493,0.5353572105311565,0.9315287975904875
F2-MAE-PUBLIC,F2-MAE-PUBLIC::D2::full_vs_freeuv_conserved,hidden_uv_mae,D2,freeuv_conserved,D2-060,12,0.05506140714438011,0.2341442835476392,0.05506140714438011,0.04679900039521431,0.044054572526384006,0.0698481351353823,0.06176277261897688,14.040658821816928,23.41442835476392
F2-MAE-PUBLIC,F2-MAE-PUBLIC::D2::full_vs_freeuv_conserved,hidden_uv_mae,D2,freeuv_conserved,D2-061,12,0.008726159211416465,0.04126779069333275,0.008726159211416465,0.003783611651005117,0.0012864684008325744,0.023908630778992565,0.010142321159360396,2.2251705989111987,4.126779069333275
F2-MAE-PUBLIC,F2-MAE-PUBLIC::D2::full_vs_freeuv_conserved,hidden_uv_mae,D2,freeuv_conserved,D2-062,12,0.023799640434443298,0.14485727377780014,0.023799640434443298,0.0092273592073117,0.03110824479838232,0.029469942674040794,0.022197532092070496,6.068908310783041,14.485727377780014
F2-MAE-PUBLIC,F2-MAE-PUBLIC::D2::full_vs_freeuv_conserved,hidden_uv_mae,D2,freeuv_conserved,D2-063,12,0.01758440749582628,0.07398817052785044,0.01758440749582628,0.031170133956722232,0.015237887715250892,0.025163573448614918,0.008932777023535107,4.484023911435701,7.398817052785043
F2-MAE-PUBLIC,F2-MAE-PUBLIC::D2::full_vs_freeuv_conserved,hidden_uv_mae,D2,freeuv_conserved,D2-064,12,0.03553160838019408,0.15291460155081335,0.023374352323752567,0.016116079936424874,0.036136346040994555,0.039277909007219086,0.03553160838019408,9.060560136949489,15.291460155081335
F2-MAE-PUBLIC,F2-MAE-PUBLIC::D2::full_vs_freeuv_conserved,hidden_uv_mae,D2,freeuv_conserved,D2-065,12,0.02149381412876225,0.118935785894111,0.004651840273824481,0.017337501586088988,0.02820512004685856,0.02149381412876225,0.026218232813702003,5.480922602834374,11.8935785894111
F2-MAE-PUBLIC,F2-MAE-PUBLIC::D2::full_vs_freeuv_conserved,hidden_uv_mae,D2,freeuv_conserved,D2-066,12,0.0194872469421373,0.0821252284312639,0.01487641978150274,0.029675167510468586,-2.5895602719094857e-05,0.02347534836257545,0.0194872469421373,4.969247970245011,8.21252284312639
F2-MAE-PUBLIC,F2-MAE-PUBLIC::D2::full_vs_freeuv_conserved,hidden_uv_mae,D2,freeuv_conserved,D2-067,12,0.03158941031211898,0.12692512281214527,0.03158941031211898,0.0028454508743293166,0.06732434524781375,0.03258341062400073,0.02911293866056383,8.05529962959034,12.692512281214526
F2-MAE-PUBLIC,F2-MAE-PUBLIC::D2::full_vs_freeuv_conserved,hidden_uv_mae,D2,freeuv_conserved,D2-068,12,-0.010949602656525892,-0.043952488183977574,-0.03802571108846252,-0.008772861913587005,-0.042401599124706424,-0.0034330006816094827,-0.010949602656525892,-2.7921486774141027,-4.395248818397757
F2-MAE-PUBLIC,F2-MAE-PUBLIC::D2::full_vs_freeuv_conserved,hidden_uv_mae,D2,freeuv_conserved,D2-069,12,0.018747788560749185,0.08955975077040723,0.008735288238711017,0.022775704930113133,0.02266255980236577,-0.0001210514173814875,0.018747788560749185,4.780686082991042,8.955975077040723
F2-MAE-PUBLIC,F2-MAE-PUBLIC::D2::full_vs_freeuv_conserved,hidden_uv_mae,D2,freeuv_conserved,D2-070,12,0.07549623034829375,0.27576844228982733,0.07549623034829375,0.07539313279084024,0.09437737109199648,0.06548761335796545,0.08428045809830957,19.251538738814908,27.576844228982733
F2-MAE-PUBLIC,F2-MAE-PUBLIC::D2::full_vs_freeuv_conserved,hidden_uv_mae,D2,freeuv_conserved,D2-071,12,0.05032710394115894,0.15750375244203693,0.05339858667304119,0.05032710394115894,0.03586691271875314,0.03299041244511805,0.0727288446460779,12.83341150499553,15.750375244203694
F2-MAE-PUBLIC,F2-MAE-PUBLIC::D2::full_vs_freeuv_conserved,hidden_uv_mae,D2,freeuv_conserved,D2-072,12,0.013663990057780045,0.051540793338813985,0.014321629461890847,0.013663990057780045,0.014561954022196053,0.012858938355300872,0.013355917338326223,3.4843174647339117,5.154079333881398
F2-MAE-PUBLIC,F2-MAE-PUBLIC::D2::full_vs_freeuv_conserved,hidden_uv_mae,D2,freeuv_conserved,D2-073,12,0.036176123976998875,0.14149176378086276,0.020715428702378788,0.04043178625266862,0.030557359119831373,0.05546960301350774,0.036176123976998875,9.224911614134713,14.149176378086276
F2-MAE-PUBLIC,F2-MAE-PUBLIC::D2::full_vs_freeuv_conserved,hidden_uv_mae,D2,freeuv_conserved,D2-074,12,0.081478302280798,0.24445553232400258,0.07829783943724697,0.09236632073989841,0.081478302280798,0.08242851960189315,0.0714153013151625,20.77696708160349,24.445553232400258
F2-MAE-PUBLIC,F2-MAE-PUBLIC::D2::full_vs_freeuv_conserved,hidden_uv_mae,D2,freeuv_conserved,D2-075,12,0.06466806770708315,0.2512333801828716,0.06466806770708315,0.06864296847948527,0.07349191528991757,0.051566017962978786,0.060802851102699895,16.490357265306205,25.12333801828716
F2-MAE-PUBLIC,F2-MAE-PUBLIC::D2::full_vs_freeuv_conserved,hidden_uv_mae,D2,freeuv_conserved,D2-076,12,-0.00845910279246135,-0.03125268958048978,-0.008512884548698689,-0.0039633168325920315,0.002369270064788008,-0.024965992543115684,-0.00845910279246135,-2.157071212077644,-3.125268958048978
F2-MAE-PUBLIC,F2-MAE-PUBLIC::D2::full_vs_freeuv_conserved,hidden_uv_mae,D2,freeuv_conserved,D2-077,12,0.027762400139564367,0.13322683485215597,0.01793357099782912,0.03187576685351595,0.03411111429592954,0.027762400139564367,0.02479724477321564,7.079412035588914,13.322683485215597
F2-MAE-PUBLIC,F2-MAE-PUBLIC::D2::full_vs_freeuv_conserved,hidden_uv_mae,D2,freeuv_conserved,D2-078,12,0.0025484168041222943,0.009873653096593318,-0.0019289872833499477,0.005477576459426661,0.0025484168041222943,-0.014892783927473618,0.023545087864749972,0.649846285051185,0.9873653096593318
F2-MAE-PUBLIC,F2-MAE-PUBLIC::D2::full_vs_freeuv_conserved,hidden_uv_mae,D2,freeuv_conserved,D2-079,12,0.09589724971484097,0.3453307398071295,0.07770755149364944,0.09589724971484097,0.07711103568888372,0.11798627841626368,0.10760925271149192,24.453798677284446,34.533073980712956
F2-MAE-PUBLIC,F2-MAE-PUBLIC::D2::full_vs_freeuv_conserved,hidden_uv_mae,D2,freeuv_conserved,D2-080,12,-0.03342714617175606,-0.18119604814185544,-0.03342714617175606,-0.035642436331940835,-0.008121386684939842,-0.03752452406755341,-0.00629868019292576,-8.523922273797796,-18.119604814185543
F2-MAE-PUBLIC,F2-MAE-PUBLIC::D2::full_vs_freeuv_conserved,hidden_uv_mae,D2,freeuv_conserved,D2-081,12,0.020717005184408097,0.08996443894872944,0.020603367974538184,0.011938429369348955,0.020717005184408097,0.020797899607144427,0.0305353630184462,5.282836322024065,8.996443894872943
F2-MAE-PUBLIC,F2-MAE-PUBLIC::D2::full_vs_freeuv_conserved,hidden_uv_mae,D2,freeuv_conserved,D2-082,12,0.021046467508433336,0.07528407693813348,0.014384142799304653,0.02313428692374231,0.010198518245674346,0.02692778831012403,0.021046467508433336,5.366849214650501,7.528407693813348
F2-MAE-PUBLIC,F2-MAE-PUBLIC::D2::full_vs_freeuv_conserved,hidden_uv_mae,D2,freeuv_conserved,D2-083,12,-0.006674991779509178,-0.05358674153711876,0.003993648485065011,-0.008563539111056874,-0.009168671185858089,-0.006674991779509178,0.004466465092535468,-1.7021229037748402,-5.358674153711876
F2-MAE-PUBLIC,F2-MAE-PUBLIC::D2::full_vs_freeuv_conserved,hidden_uv_mae,D2,freeuv_conserved,D2-084,12,0.024570729024708284,0.1480375524871298,0.033257045390966695,0.023247497359654687,0.013682707709570724,0.04083418082445861,0.024570729024708284,6.265535901300613,14.80375524871298
F2-MAE-PUBLIC,F2-MAE-PUBLIC::D2::full_vs_freeuv_conserved,hidden_uv_mae,D2,freeuv_conserved,D2-085,12,0.032651102727991904,0.11204179872585682,0.056426537901531015,0.035695968783106824,0.032651102727991904,0.020549089080101807,0.03238388309255244,8.326031195637935,11.204179872585682
F2-MAE-PUBLIC,F2-MAE-PUBLIC::D2::full_vs_freeuv_conserved,hidden_uv_mae,D2,freeuv_conserved,D2-086,12,0.11455260702167396,0.44706722327647136,0.08939515953747737,0.12224512702844566,0.10670113236029215,0.11950608668492692,0.11455260702167396,29.210914790526857,44.706722327647135
F2-MAE-PUBLIC,F2-MAE-PUBLIC::D2::full_vs_freeuv_conserved,hidden_uv_mae,D2,freeuv_conserved,D2-087,12,-0.004849812019247182,-0.024802109868908826,-0.010188155051835068,-0.004849812019247182,-0.011565273019300173,0.014640901004895561,0.01176368003642117,-1.2367020649080314,-2.480210986890883
F2-MAE-PUBLIC,F2-MAE-PUBLIC::D2::full_vs_freeuv_conserved,hidden_uv_mae,D2,freeuv_conserved,D2-088,12,-0.012388825347578084,-0.07341263870555047,-0.012388825347578084,-0.026023504315634036,0.0009802287856041508,-0.02643728766195251,0.00015102761195671943,-3.1591504636324115,-7.341263870555046
F2-MAE-PUBLIC,F2-MAE-PUBLIC::D2::full_vs_freeuv_conserved,hidden_uv_mae,D2,freeuv_conserved,D2-089,12,0.034543144198538156,0.20919609265499794,0.036759532762296265,0.04173676216353973,0.034543144198538156,0.024390559610705687,0.02012035926881295,8.80850177062723,20.919609265499794
F2-MAE-PUBLIC,F2-MAE-PUBLIC::D2::full_vs_freeuv_conserved,hidden_uv_mae,D2,freeuv_conserved,D2-090,12,0.01619030313733487,0.08922912215969146,0.02603627021038621,0.013730522788440197,0.029381029352997294,0.013521333895015829,0.01619030313733487,4.128527300020392,8.922912215969147
F2-MAE-PUBLIC,F2-MAE-PUBLIC::D2::full_vs_freeuv_conserved,hidden_uv_mae,D2,freeuv_conserved,D2-091,12,0.028911859040746613,0.10506324088878453,0.020492045148365362,0.041882204003761414,0.019474345205104354,0.028911859040746613,0.04863069212533591,7.372524055390386,10.506324088878454
F2-MAE-PUBLIC,F2-MAE-PUBLIC::D2::full_vs_freeuv_conserved,hidden_uv_mae,D2,freeuv_conserved,D2-092,12,0.033132927114557884,0.11450100108477732,0.033132927114557884,0.05215643301251388,0.04374360638714972,0.026070214627114105,0.01674153282092168,8.44889641421226,11.45010010847773
F2-MAE-PUBLIC,F2-MAE-PUBLIC::D2::full_vs_freeuv_conserved,hidden_uv_mae,D2,freeuv_conserved,D2-093,12,0.006995529693573824,0.031889559488560426,-0.008175748557103096,0.011067722925794915,0.013618284344050949,0.006995529693573824,-0.0024654362795015483,1.7838600718613251,3.1889559488560426
F2-MAE-PUBLIC,F2-MAE-PUBLIC::D2::full_vs_freeuv_conserved,hidden_uv_mae,D2,freeuv_conserved,D2-094,12,0.048656108133770776,0.18407520476347705,0.048656108133770776,0.05346486842446174,0.05288263719974673,0.030467508265036428,0.04120551546414693,12.407307574111547,18.407520476347706
F2-MAE-PUBLIC,F2-MAE-PUBLIC::D2::full_vs_freeuv_conserved,hidden_uv_mae,D2,freeuv_conserved,D2-095,12,0.005119498485573651,0.020127982529623167,-0.012051352262792595,0.007626444278728398,0.006093857477286052,-0.0036575583939529033,0.005119498485573651,1.305472113821281,2.012798252962317
F2-MAE-PUBLIC,F2-MAE-PUBLIC::D2::full_vs_freeuv_conserved,hidden_uv_mae,D2,freeuv_conserved,D2-096,12,0.08043592609710208,0.29140318403474874,0.07302789931588576,0.08325275136157871,0.06740730413268403,0.09014341063737565,0.08043592609710208,20.51116115476103,29.140318403474875
F2-MAE-PUBLIC,F2-MAE-PUBLIC::D2::full_vs_freeuv_conserved,hidden_uv_mae,D2,freeuv_conserved,D2-097,12,0.019217523213897227,0.12826987412884025,0.019217523213897227,0.014497659773602456,0.026378019287069426,0.020892920343822265,0.017114235060428508,4.900468419543793,12.826987412884025
F2-MAE-PUBLIC,F2-MAE-PUBLIC::D2::full_vs_freeuv_conserved,hidden_uv_mae,D2,freeuv_conserved,D2-098,12,0.038106765005921514,0.209863106841068,0.038106765005921514,0.036897203585470634,0.042948484521631525,0.042453325478289075,0.03399214238791459,9.717225076509987,20.986310684106797
F2-MAE-PUBLIC,F2-MAE-PUBLIC::D2::full_vs_freeuv_conserved,hidden_uv_mae,D2,freeuv_conserved,D2-099,12,0.002449970418444747,0.011417734977676893,0.018130616176561323,-8.00400042727939e-05,-0.006939404559809542,0.002449970418444747,0.025553810336572683,0.6247424567034104,1.1417734977676892
F2-MAE-PUBLIC,F2-MAE-PUBLIC::D2::full_vs_freeuv_conserved,hidden_uv_mae,D2,freeuv_conserved,D2-100,12,0.007811822952836556,0.030430821997632876,0.003717867449059886,0.007811822952836556,0.03146057709856749,0.00842812656291024,-0.0009987067090335422,1.9920148529733217,3.0430821997632878
F3-LPIPS,F3-LPIPS::D1::full_vs_condition0,lpips_alex_v0_1,D1,condition0,D1-I001,8,-0.0005584843456745148,-0.004849214456498826,-0.0004156827926635742,-0.0005584843456745148,7.609277963638306e-05,-0.0006454773247241974,-0.0008697099983692169,,-0.4849214456498826
F3-LPIPS,F3-LPIPS::D1::full_vs_condition0,lpips_alex_v0_1,D1,condition0,D1-I002,8,6.360560655593872e-05,0.0007335638140368901,0.00018304213881492615,-0.0008559208363294601,-0.0002965070307254791,0.0003270953893661499,6.360560655593872e-05,,0.07335638140368901
F3-LPIPS,F3-LPIPS::D1::full_vs_condition0,lpips_alex_v0_1,D1,condition0,D1-I003,8,-0.00031870603561401367,-0.0016334493898564762,-0.0007558539509773254,-0.00031870603561401367,-0.0001695379614830017,-0.0005099698901176453,8.800625801086426e-05,,-0.16334493898564761
F3-LPIPS,F3-LPIPS::D1::full_vs_condition0,lpips_alex_v0_1,D1,condition0,D1-I004,8,-0.0006227698177099228,-0.008197054094275867,-0.0014812760055065155,0.0008210539817810059,0.0006398297846317291,-0.0010647308081388474,-0.0006227698177099228,,-0.8197054094275867
F3-LPIPS,F3-LPIPS::D1::full_vs_condition0,lpips_alex_v0_1,D1,condition0,D1-I005,8,-0.00039135850965976715,-0.005362576576789037,0.0013094134628772736,-0.00043164193630218506,-0.0008142460137605667,0.0008135195821523666,-0.00039135850965976715,,-0.5362576576789037
F3-LPIPS,F3-LPIPS::D1::full_vs_condition0,lpips_alex_v0_1,D1,condition0,D1-I006,8,-0.0003775358200073242,-0.0019490764542471305,-0.0003775358200073242,0.00033402442932128906,-0.00026069581508636475,-0.0008766427636146545,-0.0012231916189193726,,-0.19490764542471306
F3-LPIPS,F3-LPIPS::D1::full_vs_condition0,lpips_alex_v0_1,D1,condition0,D1-I007,8,0.0001839473843574524,0.001054668740718945,0.0001839473843574524,-0.0003769993782043457,0.0002648010849952698,-0.001203887164592743,0.000481531023979187,,0.1054668740718945
F3-LPIPS,F3-LPIPS::D1::full_vs_condition0,lpips_alex_v0_1,D1,condition0,D1-I008,8,0.00013751909136772156,0.0012646612835227739,-0.00011737272143363953,-0.0005387626588344574,0.00013751909136772156,0.000423431396484375,0.00016262754797935486,,0.12646612835227738
F3-LPIPS,F3-LPIPS::D1::full_vs_condition0,lpips_alex_v0_1,D1,condition0,D1-I009,8,6.759539246559143e-05,0.000275963521044496,-0.0002482794225215912,-0.0002804454416036606,0.00020347535610198975,0.00025824829936027527,6.759539246559143e-05,,0.027596352104449603
F3-LPIPS,F3-LPIPS::D1::full_vs_condition0,lpips_alex_v0_1,D1,condition0,D1-I010,8,0.0006824806332588196,0.004540677332779733,-0.001086995005607605,0.0007474273443222046,0.0010082349181175232,9.322911500930786e-05,0.0006824806332588196,,0.45406773327797334
F3-LPIPS,F3-LPIPS::D1::full_vs_condition0,lpips_alex_v0_1,D1,condition0,D1-I011,6,-8.855760097503662e-05,-0.0002984769389273895,0.0006155297160148621,-0.00014394521713256836,-0.000837475061416626,0.002527788281440735,-8.855760097503662e-05,,-0.02984769389273895
F3-LPIPS,F3-LPIPS::D1::full_vs_condition0,lpips_alex_v0_1,D1,condition0,D1-I012,4,0.0011123456060886383,0.00626891425738204,0.0036594606935977936,-0.00541292130947113,-0.0006848648190498352,0.0011123456060886383,0.00238993763923645,,0.626891425738204
F3-LPIPS,F3-LPIPS::D1::full_vs_condition0,lpips_alex_v0_1,D1,condition0,D1-I013,4,-0.00017847493290901184,-0.0011673239732024967,-0.00035001710057258606,-0.00014461949467658997,-0.00017847493290901184,6.191432476043701e-05,-0.000277932733297348,,-0.11673239732024968
F3-LPIPS,F3-LPIPS::D1::full_vs_condition0,lpips_alex_v0_1,D1,condition0,D1-I014,8,0.00017968937754631042,0.0020326330417006037,-3.2845884561538696e-05,-0.00019498169422149658,0.00032796338200569153,0.0019227489829063416,0.00017968937754631042,,0.2032633041700604
F3-LPIPS,F3-LPIPS::D1::full_vs_condition0,lpips_alex_v0_1,D1,condition0,D1-I015,8,-0.00017303228378295898,-0.0014030120779621382,0.00020372867584228516,-0.00017303228378295898,-0.00034193694591522217,-9.831041097640991e-05,-0.00048808008432388306,,-0.14030120779621383
F3-LPIPS,F3-LPIPS::D1::full_vs_condition0,lpips_alex_v0_1,D1,condition0,D1-I016,8,6.89476728439331e-05,0.0004302315439779951,6.89476728439331e-05,-0.0005768910050392151,-0.00030938535928726196,0.0012293234467506409,0.0011653006076812744,,0.04302315439779951
F3-LPIPS,F3-LPIPS::D1::full_vs_condition0,lpips_alex_v0_1,D1,condition0,D1-I017,6,8.258968591690063e-05,0.000288083284838664,0.00021701306104660034,-0.00106821209192276,0.0019542276859283447,8.258968591690063e-05,-1.4819204807281494e-05,,0.0288083284838664
F3-LPIPS,F3-LPIPS::D1::full_vs_condition0,lpips_alex_v0_1,D1,condition0,D1-I018,8,0.000392962247133255,0.004852268357832953,-0.00010541826486587524,0.0004522837698459625,0.0005738027393817902,0.000392962247133255,0.0002772882580757141,,0.48522683578329534
F3-LPIPS,F3-LPIPS::D1::full_vs_condition0,lpips_alex_v0_1,D1,condition0,D1-I019,8,0.00107671320438385,0.005457205717630822,0.00107671320438385,-0.002308979630470276,0.0012608766555786133,0.002268277108669281,-0.0007128119468688965,,0.5457205717630822
F3-LPIPS,F3-LPIPS::D1::full_vs_condition0,lpips_alex_v0_1,D1,condition0,D1-I020,8,-0.00013729557394981384,-0.0011962973501502456,-0.0001441575586795807,0.00021620839834213257,-0.00013729557394981384,-0.0004137270152568817,-0.00010554492473602295,,-0.11962973501502457
F3-LPIPS,F3-LPIPS::D1::full_vs_b_lite_ft,lpips_alex_v0_1,D1,b_lite_ft,D1-I001,8,-0.00772031769156456,-0.06977619270877612,-0.009316377341747284,-0.006874460726976395,-0.006822027266025543,-0.007987745106220245,-0.00772031769156456,,-6.977619270877613
F3-LPIPS,F3-LPIPS::D1::full_vs_b_lite_ft,lpips_alex_v0_1,D1,b_lite_ft,D1-I002,8,-0.006848011165857315,-0.09160345779633429,-0.007961738854646683,-0.006848011165857315,-0.005295015871524811,-0.006640413776040077,-0.00725182332098484,,-9.16034577963343
F3-LPIPS,F3-LPIPS::D1::full_vs_b_lite_ft,lpips_alex_v0_1,D1,b_lite_ft,D1-I003,8,-0.0005749613046646118,-0.0029271699482175026,-0.0005749613046646118,0.00020772963762283325,-0.0007088556885719299,-0.0006894543766975403,-0.0005253180861473083,,-0.2927169948217503
F3-LPIPS,F3-LPIPS::D1::full_vs_b_lite_ft,lpips_alex_v0_1,D1,b_lite_ft,D1-I004,8,-0.002992028370499611,-0.044075133185101215,-0.004819780588150024,-0.0038980338722467422,-0.0021886788308620453,-0.00291258841753006,-0.002992028370499611,,-4.407513318510121
F3-LPIPS,F3-LPIPS::D1::full_vs_b_lite_ft,lpips_alex_v0_1,D1,b_lite_ft,D1-I005,8,-0.008029880002140999,-0.13291850062571153,-0.008935559540987015,-0.00888257659971714,-0.008029880002140999,-0.006700305268168449,-0.007288973778486252,,-13.291850062571154
F3-LPIPS,F3-LPIPS::D1::full_vs_b_lite_ft,lpips_alex_v0_1,D1,b_lite_ft,D1-I006,8,-0.004869334399700165,-0.024836838316173247,-0.008005954325199127,-0.004418574273586273,-0.004869334399700165,-0.0042873769998550415,-0.00590863823890686,,-2.483683831617325
F3-LPIPS,F3-LPIPS::D1::full_vs_b_lite_ft,lpips_alex_v0_1,D1,b_lite_ft,D1-I007,8,-0.0029913857579231262,-0.017353603646436462,-0.003563530743122101,-0.002177000045776367,-0.0015895441174507141,-0.003488965332508087,-0.0029913857579231262,,-1.7353603646436462
F3-LPIPS,F3-LPIPS::D1::full_vs_b_lite_ft,lpips_alex_v0_1,D1,b_lite_ft,D1-I008,8,-0.002231009304523468,-0.021413584329490632,-0.002231009304523468,-0.004603929817676544,-0.0012394636869430542,-0.000540468841791153,-0.0030932947993278503,,-2.141358432949063
F3-LPIPS,F3-LPIPS::D1::full_vs_b_lite_ft,lpips_alex_v0_1,D1,b_lite_ft,D1-I009,8,0.0001530926674604416,0.0006503237653533171,0.00039933808147907257,-0.0009520966559648514,0.0003533158451318741,-0.0006349850445985794,0.0001530926674604416,,0.06503237653533171
F3-LPIPS,F3-LPIPS::D1::full_vs_b_lite_ft,lpips_alex_v0_1,D1,b_lite_ft,D1-I010,8,-0.0020046457648277283,-0.013687122987187796,-0.001484110951423645,-0.001762785017490387,-0.00313529372215271,-0.0020046457648277283,-0.0020652860403060913,,-1.3687122987187796
F3-LPIPS,F3-LPIPS::D1::full_vs_b_lite_ft,lpips_alex_v0_1,D1,b_lite_ft,D1-I011,6,-0.005049347877502441,-0.017048088997649483,-0.006214812397956848,-0.0023523345589637756,-0.005049347877502441,-0.00443655252456665,-0.00579012930393219,,-1.7048088997649484
F3-LPIPS,F3-LPIPS::D1::full_vs_b_lite_ft,lpips_alex_v0_1,D1,b_lite_ft,D1-I012,4,-0.0004708021879196167,-0.0030016599621360478,-0.00042320042848587036,-0.0020995214581489563,-0.0009387582540512085,-0.0004708021879196167,-0.00027867406606674194,,-0.3001659962136048
F3-LPIPS,F3-LPIPS::D1::full_vs_b_lite_ft,lpips_alex_v0_1,D1,b_lite_ft,D1-I013,4,0.00020003318786621094,0.0013032372008204647,0.00020003318786621094,0.0004965662956237793,0.00013263151049613953,0.0002157054841518402,-0.0002806819975376129,,0.13032372008204646
F3-LPIPS,F3-LPIPS::D1::full_vs_b_lite_ft,lpips_alex_v0_1,D1,b_lite_ft,D1-I014,8,-0.0075320713222026825,-0.09589163821594861,-0.007696907967329025,-0.0075320713222026825,-0.007472492754459381,-0.00661415234208107,-0.00891445204615593,,-9.58916382159486
F3-LPIPS,F3-LPIPS::D1::full_vs_b_lite_ft,lpips_alex_v0_1,D1,b_lite_ft,D1-I015,8,-0.003278430551290512,-0.027855255741745685,-0.0035083964467048645,-0.00399412214756012,-0.0012337937951087952,-0.002976495772600174,-0.003278430551290512,,-2.7855255741745686
F3-LPIPS,F3-LPIPS::D1::full_vs_b_lite_ft,lpips_alex_v0_1,D1,b_lite_ft,D1-I016,8,-0.002922073006629944,-0.018769719394623737,-0.004037804901599884,-0.004205323755741119,-0.002922073006629944,-0.0006185322999954224,-0.002009153366088867,,-1.8769719394623736
F3-LPIPS,F3-LPIPS::D1::full_vs_b_lite_ft,lpips_alex_v0_1,D1,b_lite_ft,D1-I017,6,-0.0026222169399261475,-0.009271287663914636,-0.0011897683143615723,-0.0031630992889404297,0.0004308968782424927,-0.0026222169399261475,-0.0048358142375946045,,-0.9271287663914637
F3-LPIPS,F3-LPIPS::D1::full_vs_b_lite_ft,lpips_alex_v0_1,D1,b_lite_ft,D1-I018,8,-0.0017271600663661957,-0.023016072494390704,-0.0017271600663661957,-0.0009117871522903442,-0.002368040382862091,-0.0013225376605987549,-0.0035264119505882263,,-2.3016072494390705
F3-LPIPS,F3-LPIPS::D1::full_vs_b_lite_ft,lpips_alex_v0_1,D1,b_lite_ft,D1-I019,8,-0.018633022904396057,-0.1087367751516093,-0.015732362866401672,-0.023668453097343445,-0.016760557889938354,-0.020926758646965027,-0.018633022904396057,,-10.87367751516093
F3-LPIPS,F3-LPIPS::D1::full_vs_b_lite_ft,lpips_alex_v0_1,D1,b_lite_ft,D1-I020,8,-0.005918651819229126,-0.0576189814762766,-0.004606526345014572,-0.006723426282405853,-0.006307169795036316,-0.005116797983646393,-0.005918651819229126,,-5.76189814762766
F3-LPIPS,F3-LPIPS::D1::full_vs_freeuv_conserved,lpips_alex_v0_1,D1,freeuv_conserved,D1-I001,8,-0.010367501527071,-0.09437178598606251,-0.010724503546953201,-0.009632207453250885,-0.008603021502494812,-0.010367501527071,-0.011150721460580826,,-9.43717859860625
F3-LPIPS,F3-LPIPS::D1::full_vs_freeuv_conserved,lpips_alex_v0_1,D1,freeuv_conserved,D1-I002,8,-0.007948346436023712,-0.1000307272148138,-0.008568912744522095,-0.007948346436023712,-0.007805787026882172,-0.008146572858095169,-0.006716221570968628,,-10.00307272148138
F3-LPIPS,F3-LPIPS::D1::full_vs_freeuv_conserved,lpips_alex_v0_1,D1,freeuv_conserved,D1-I003,8,-0.005088783800601959,-0.025975699853631996,-0.005120508372783661,-0.004330962896347046,-0.005130581557750702,-0.005088783800601959,-0.0049389079213142395,,-2.5975699853631995
F3-LPIPS,F3-LPIPS::D1::full_vs_freeuv_conserved,lpips_alex_v0_1,D1,freeuv_conserved,D1-I004,8,-0.002493886277079582,-0.03181442055717763,-0.0028626155108213425,-0.002493886277079582,-0.001618705689907074,-0.0036471616476774216,-0.00039947405457496643,,-3.1814420557177634
F3-LPIPS,F3-LPIPS::D1::full_vs_freeuv_conserved,lpips_alex_v0_1,D1,freeuv_conserved,D1-I005,8,-0.0057149846106767654,-0.08819319063872931,-0.0057149846106767654,-0.006135759875178337,-0.005540875717997551,-0.0049844831228256226,-0.005877654999494553,,-8.81931906387293
F3-LPIPS,F3-LPIPS::D1::full_vs_freeuv_conserved,lpips_alex_v0_1,D1,freeuv_conserved,D1-I006,8,-0.0015759915113449097,-0.007803784942317196,-0.0015759915113449097,0.000364549458026886,-0.0023716986179351807,-0.0016621127724647522,-0.0010424405336380005,,-0.7803784942317196
F3-LPIPS,F3-LPIPS::D1::full_vs_freeuv_conserved,lpips_alex_v0_1,D1,freeuv_conserved,D1-I007,8,-0.0008423849940299988,-0.004824490659784717,-0.0022711902856826782,-0.00020210444927215576,-0.0004445090889930725,-0.0020828768610954285,-0.0008423849940299988,,-0.4824490659784717
F3-LPIPS,F3-LPIPS::D1::full_vs_freeuv_conserved,lpips_alex_v0_1,D1,freeuv_conserved,D1-I008,8,-0.006210252642631531,-0.05650715716919566,-0.008607178926467896,-0.006210252642631531,-0.006121430546045303,-0.005533482879400253,-0.0072740912437438965,,-5.650715716919566
F3-LPIPS,F3-LPIPS::D1::full_vs_freeuv_conserved,lpips_alex_v0_1,D1,freeuv_conserved,D1-I009,8,-0.00411546416580677,-0.018110418987839553,-0.0033329054713249207,-0.004566870629787445,-0.00411546416580677,-0.003565974533557892,-0.004241034388542175,,-1.8110418987839554
F3-LPIPS,F3-LPIPS::D1::full_vs_freeuv_conserved,lpips_alex_v0_1,D1,freeuv_conserved,D1-I010,8,-0.0037463605403900146,-0.025756434024608522,-0.0033730193972587585,-0.0037463605403900146,-0.004220932722091675,-0.0037043318152427673,-0.0038145557045936584,,-2.575643402460852
F3-LPIPS,F3-LPIPS::D1::full_vs_freeuv_conserved,lpips_alex_v0_1,D1,freeuv_conserved,D1-I011,6,-0.02279001474380493,-0.07889875657278128,-0.02279001474380493,-0.02169756591320038,-0.025609195232391357,-0.022730901837348938,-0.02390614151954651,,-7.889875657278128
F3-LPIPS,F3-LPIPS::D1::full_vs_freeuv_conserved,lpips_alex_v0_1,D1,freeuv_conserved,D1-I012,4,-0.015420857816934586,-0.10700181056305502,-0.014544893056154251,-0.025681592524051666,-0.02214120328426361,-0.015420857816934586,-0.014764681458473206,,-10.700181056305503
F3-LPIPS,F3-LPIPS::D1::full_vs_freeuv_conserved,lpips_alex_v0_1,D1,freeuv_conserved,D1-I013,4,-0.0020394697785377502,-0.013485249152433324,-0.002214282751083374,-0.0020394697785377502,-0.0016610287129878998,-0.0018142014741897583,-0.0021560192108154297,,-1.3485249152433325
F3-LPIPS,F3-LPIPS::D1::full_vs_freeuv_conserved,lpips_alex_v0_1,D1,freeuv_conserved,D1-I014,8,-0.0025803856551647186,-0.030566419156751155,-0.0030879825353622437,-0.0025803856551647186,-0.002380840480327606,-0.002314329147338867,-0.003722105175256729,,-3.0566419156751157
F3-LPIPS,F3-LPIPS::D1::full_vs_freeuv_conserved,lpips_alex_v0_1,D1,freeuv_conserved,D1-I015,8,-0.0011496320366859436,-0.009561431208705791,-0.002221427857875824,-0.0011496320366859436,-0.0006062425673007965,-0.0019525662064552307,-0.0002464018762111664,,-0.9561431208705791
F3-LPIPS,F3-LPIPS::D1::full_vs_freeuv_conserved,lpips_alex_v0_1,D1,freeuv_conserved,D1-I016,8,0.0024411603808403015,0.015011142891949157,0.0012645348906517029,0.0013677030801773071,0.0033492743968963623,0.003457397222518921,0.0024411603808403015,,1.5011142891949156
F3-LPIPS,F3-LPIPS::D1::full_vs_freeuv_conserved,lpips_alex_v0_1,D1,freeuv_conserved,D1-I017,6,-0.004422903060913086,-0.01580209097031055,-0.004422903060913086,-0.006503850221633911,-0.0011411607265472412,-0.003658488392829895,-0.007275640964508057,,-1.580209097031055
F3-LPIPS,F3-LPIPS::D1::full_vs_freeuv_conserved,lpips_alex_v0_1,D1,freeuv_conserved,D1-I018,8,-0.002560734748840332,-0.03173043971497111,-0.002560734748840332,-0.002147626131772995,-0.0023450329899787903,-0.0026204660534858704,-0.0028348565101623535,,-3.173043971497111
F3-LPIPS,F3-LPIPS::D1::full_vs_freeuv_conserved,lpips_alex_v0_1,D1,freeuv_conserved,D1-I019,8,-0.03654159605503082,-0.23560585305826728,-0.03423752635717392,-0.03967400640249252,-0.038440532982349396,-0.03478898108005524,-0.03654159605503082,,-23.560585305826727
F3-LPIPS,F3-LPIPS::D1::full_vs_freeuv_conserved,lpips_alex_v0_1,D1,freeuv_conserved,D1-I020,8,-0.006865367293357849,-0.06337637123584282,-0.006282228976488113,-0.006865367293357849,-0.007575321942567825,-0.008447211235761642,-0.006115846335887909,,-6.337637123584281
F3-LPIPS,F3-LPIPS::D2::full_vs_condition0,lpips_alex_v0_1,D2,condition0,D2-001,12,1.9710510969161987e-05,0.00020336536430708393,3.5628676414489746e-05,-0.00019478052854537964,2.2858381271362305e-05,1.9710510969161987e-05,-0.00023489445447921753,,0.020336536430708395
F3-LPIPS,F3-LPIPS::D2::full_vs_condition0,lpips_alex_v0_1,D2,condition0,D2-002,12,0.0001591891050338745,0.0011146940105987231,0.00015607476234436035,0.00015944242477416992,0.0001704767346382141,-0.000617150217294693,0.0001591891050338745,,0.11146940105987231
F3-LPIPS,F3-LPIPS::D2::full_vs_condition0,lpips_alex_v0_1,D2,condition0,D2-003,12,-0.00011786818504333496,-0.0007535828051267257,-0.00011786818504333496,-4.634261131286621e-06,0.00011878460645675659,-0.00031579285860061646,-0.000544331967830658,,-0.07535828051267257
F3-LPIPS,F3-LPIPS::D2::full_vs_condition0,lpips_alex_v0_1,D2,condition0,D2-004,12,6.406009197235107e-05,0.0004834829123823022,6.406009197235107e-05,-0.000363767147064209,0.0001858919858932495,-0.0003454238176345825,0.0002480819821357727,,0.048348291238230215
F3-LPIPS,F3-LPIPS::D2::full_vs_condition0,lpips_alex_v0_1,D2,condition0,D2-005,12,0.0003242120146751404,0.0027107418048010583,0.0003242120146751404,0.00032432377338409424,-0.0006387941539287567,0.0006767846643924713,-0.000240374356508255,,0.27107418048010584
F3-LPIPS,F3-LPIPS::D2::full_vs_condition0,lpips_alex_v0_1,D2,condition0,D2-006,12,0.00012760236859321594,0.0016580225507137416,0.0005212221294641495,-0.00022452324628829956,0.00016121193766593933,1.695379614830017e-05,0.00012760236859321594,,0.16580225507137417
F3-LPIPS,F3-LPIPS::D2::full_vs_condition0,lpips_alex_v0_1,D2,condition0,D2-007,12,-4.216283559799194e-05,-0.00037569202866691504,0.00016710162162780762,-0.00023505836725234985,0.0003036782145500183,-0.00012768618762493134,-4.216283559799194e-05,,-0.037569202866691506
F3-LPIPS,F3-LPIPS::D2::full_vs_condition0,lpips_alex_v0_1,D2,condition0,D2-008,12,-0.00010298937559127808,-0.0017104037071821766,0.000245898962020874,-0.00018975138664245605,-3.219768404960632e-05,-0.00016922689974308014,-0.00010298937559127808,,-0.17104037071821765
F3-LPIPS,F3-LPIPS::D2::full_vs_condition0,lpips_alex_v0_1,D2,condition0,D2-009,12,-6.841123104095459e-05,-0.00047578499471957416,0.00011046230792999268,-0.0003123842179775238,-0.00016210228204727173,-4.918500781059265e-05,-6.841123104095459e-05,,-0.047578499471957414
F3-LPIPS,F3-LPIPS::D2::full_vs_condition0,lpips_alex_v0_1,D2,condition0,D2-010,12,4.971027374267578e-05,0.0005542111679946373,5.4139643907547e-05,4.971027374267578e-05,-4.9330294132232666e-05,7.417798042297363e-05,-0.0003206096589565277,,0.05542111679946373
F3-LPIPS,F3-LPIPS::D2::full_vs_condition0,lpips_alex_v0_1,D2,condition0,D2-011,12,9.862706065177917e-05,0.0013165622939841084,9.862706065177917e-05,-0.0001963190734386444,0.0006181448698043823,1.084059476852417e-06,0.0014568604528903961,,0.13165622939841085
F3-LPIPS,F3-LPIPS::D2::full_vs_condition0,lpips_alex_v0_1,D2,condition0,D2-012,12,0.0001390799880027771,0.0012062986534910186,7.922202348709106e-05,0.00029647350311279297,0.00047006458044052124,0.0001390799880027771,-0.00015464052557945251,,0.12062986534910186
F3-LPIPS,F3-LPIPS::D2::full_vs_condition0,lpips_alex_v0_1,D2,condition0,D2-013,12,-0.00010761618614196777,-0.0008052251777590049,-1.481175422668457e-05,-0.0002633705735206604,0.0002492144703865051,-0.0002732686698436737,-0.00010761618614196777,,-0.08052251777590048
F3-LPIPS,F3-LPIPS::D2::full_vs_condition0,lpips_alex_v0_1,D2,condition0,D2-014,12,-0.00016250833868980408,-0.0015781175799071479,-0.00016250833868980408,1.150369644165039e-05,-1.4767050743103027e-05,-0.00028218328952789307,-0.0005248934030532837,,-0.15781175799071478
F3-LPIPS,F3-LPIPS::D2::full_vs_condition0,lpips_alex_v0_1,D2,condition0,D2-015,12,0.00039351359009742737,0.004439337439194088,-8.750706911087036e-05,-0.0002339184284210205,0.0004255920648574829,0.00039351359009742737,0.0004665963351726532,,0.4439337439194088
F3-LPIPS,F3-LPIPS::D2::full_vs_condition0,lpips_alex_v0_1,D2,condition0,D2-016,12,0.00017026439309120178,0.0012767759798840111,-0.0001282021403312683,-0.0007155612111091614,0.00022956356406211853,0.0005471929907798767,0.00017026439309120178,,0.12767759798840111
F3-LPIPS,F3-LPIPS::D2::full_vs_condition0,lpips_alex_v0_1,D2,condition0,D2-017,12,-0.000353105366230011,-0.004192309840826594,-8.764117956161499e-05,-0.0006076991558074951,-0.00045949220657348633,6.206333637237549e-06,-0.000353105366230011,,-0.4192309840826594
F3-LPIPS,F3-LPIPS::D2::full_vs_condition0,lpips_alex_v0_1,D2,condition0,D2-018,12,-2.956390380859375e-05,-0.0003204092323562453,-2.956390380859375e-05,-0.0006924532353878021,5.081668496131897e-05,0.0007312074303627014,-0.0001926422119140625,,-0.03204092323562453
F3-LPIPS,F3-LPIPS::D2::full_vs_condition0,lpips_alex_v0_1,D2,condition0,D2-019,12,4.4990330934524536e-05,0.0006017320536043262,0.00039969757199287415,-1.2520700693130493e-05,0.0002582743763923645,-0.00031204521656036377,4.4990330934524536e-05,,0.060173205360432615
F3-LPIPS,F3-LPIPS::D2::full_vs_condition0,lpips_alex_v0_1,D2,condition0,D2-020,12,6.148219108581543e-05,0.0004345644975972038,-0.0005628913640975952,0.00041384249925613403,6.148219108581543e-05,0.00016526877880096436,-0.000430181622505188,,0.04345644975972038
F3-LPIPS,F3-LPIPS::D2::full_vs_condition0,lpips_alex_v0_1,D2,condition0,D2-021,12,0.00016618892550468445,0.0012448057521516436,0.00016618892550468445,-0.0002585984766483307,0.0004129372537136078,4.46029007434845e-05,0.0005990415811538696,,0.12448057521516435
F3-LPIPS,F3-LPIPS::D2::full_vs_condition0,lpips_alex_v0_1,D2,condition0,D2-022,12,-1.9766390323638916e-05,-0.00021796141746068952,2.5156885385513306e-05,-3.995746374130249e-05,0.00038029253482818604,-9.917467832565308e-05,-1.9766390323638916e-05,,-0.02179614174606895
F3-LPIPS,F3-LPIPS::D2::full_vs_condition0,lpips_alex_v0_1,D2,condition0,D2-023,12,-0.0002897605299949646,-0.0031323298832816294,-0.0003690812736749649,0.0006207935512065887,-0.0002897605299949646,-0.00016665086150169373,-0.0007599145174026489,,-0.31323298832816293
F3-LPIPS,F3-LPIPS::D2::full_vs_condition0,lpips_alex_v0_1,D2,condition0,D2-024,12,1.938268542289734e-05,0.00018736359152706045,-0.0003341101109981537,1.938268542289734e-05,0.00019647181034088135,1.9945204257965088e-05,-0.0001526065170764923,,0.018736359152706043
F3-LPIPS,F3-LPIPS::D2::full_vs_condition0,lpips_alex_v0_1,D2,condition0,D2-025,12,-0.00021773576736450195,-0.0017092797825288902,0.00013157352805137634,-0.00021773576736450195,0.00018370896577835083,-0.0004280656576156616,-0.0007579252123832703,,-0.17092797825288902
F3-LPIPS,F3-LPIPS::D2::full_vs_condition0,lpips_alex_v0_1,D2,condition0,D2-026,12,1.6879290342330933e-05,0.00024487735595147636,1.6879290342330933e-05,-0.00015474110841751099,4.537031054496765e-05,0.00021588429808616638,-0.0003051143139600754,,0.024487735595147636
F3-LPIPS,F3-LPIPS::D2::full_vs_condition0,lpips_alex_v0_1,D2,condition0,D2-027,12,1.8544495105743408e-05,0.00015716131680977935,-0.00013722851872444153,1.8544495105743408e-05,0.0009422525763511658,-0.0003626197576522827,0.0003372877836227417,,0.015716131680977935
F3-LPIPS,F3-LPIPS::D2::full_vs_condition0,lpips_alex_v0_1,D2,condition0,D2-028,12,8.907169103622437e-05,0.0008862090198287322,-3.2782554626464844e-07,0.00029410794377326965,-0.00035202503204345703,8.907169103622437e-05,0.0002668313682079315,,0.08862090198287322
F3-LPIPS,F3-LPIPS::D2::full_vs_condition0,lpips_alex_v0_1,D2,condition0,D2-029,12,-6.412342190742493e-05,-0.0007098369135979235,-9.266659617424011e-05,-5.1723793148994446e-05,-0.0001527015119791031,6.444752216339111e-05,-6.412342190742493e-05,,-0.07098369135979235
F3-LPIPS,F3-LPIPS::D2::full_vs_condition0,lpips_alex_v0_1,D2,condition0,D2-030,12,0.0002334490418434143,0.0023399729028255175,-8.722394704818726e-05,4.678964614868164e-06,0.0002334490418434143,0.0006508156657218933,0.0002870652824640274,,0.23399729028255176
F3-LPIPS,F3-LPIPS::D2::full_vs_condition0,lpips_alex_v0_1,D2,condition0,D2-031,12,-5.9001147747039795e-05,-0.0005315907307197583,-1.3969838619232178e-05,-0.00010780990123748779,5.295872688293457e-05,-0.00021951645612716675,-5.9001147747039795e-05,,-0.05315907307197583
F3-LPIPS,F3-LPIPS::D2::full_vs_condition0,lpips_alex_v0_1,D2,condition0,D2-032,12,7.167458534240723e-06,5.951877339356155e-05,0.00016240403056144714,-0.00014828145503997803,-2.9824674129486084e-05,8.968636393547058e-05,7.167458534240723e-06,,0.005951877339356155
F3-LPIPS,F3-LPIPS::D2::full_vs_condition0,lpips_alex_v0_1,D2,condition0,D2-033,12,2.7701258659362793e-05,0.00023608117941534667,0.00039327144622802734,-0.00043248385190963745,8.264556527137756e-05,-0.00011679530143737793,2.7701258659362793e-05,,0.023608117941534668
F3-LPIPS,F3-LPIPS::D2::full_vs_condition0,lpips_alex_v0_1,D2,condition0,D2-034,12,-1.8067657947540283e-05,-0.00022723716156890157,-0.0006816722452640533,0.00018410198390483856,3.3352524042129517e-05,-1.8067657947540283e-05,-0.0003584623336791992,,-0.02272371615689016
F3-LPIPS,F3-LPIPS::D2::full_vs_condition0,lpips_alex_v0_1,D2,condition0,D2-035,12,-4.7788023948669434e-05,-0.00031796009020865847,-4.7788023948669434e-05,-0.00027339160442352295,-0.0001685991883277893,0.00013671815395355225,0.00021692365407943726,,-0.031796009020865844
F3-LPIPS,F3-LPIPS::D2::full_vs_condition0,lpips_alex_v0_1,D2,condition0,D2-036,12,4.618987441062927e-05,0.00048785936838914454,0.00010401010513305664,0.00027351081371307373,4.618987441062927e-05,-7.441267371177673e-05,-0.00027999840676784515,,0.048785936838914454
F3-LPIPS,F3-LPIPS::D2::full_vs_condition0,lpips_alex_v0_1,D2,condition0,D2-037,12,-4.037097096443176e-05,-0.0003819356861469139,-0.00015251338481903076,-4.037097096443176e-05,-0.0002267584204673767,0.00019339844584465027,0.00010632723569869995,,-0.038193568614691385
F3-LPIPS,F3-LPIPS::D2::full_vs_condition0,lpips_alex_v0_1,D2,condition0,D2-038,12,0.0002818293869495392,0.0029076593974092764,0.0003793202340602875,2.1595507860183716e-05,0.0002818293869495392,0.0005710609257221222,-0.0005008243024349213,,0.2907659397409276
F3-LPIPS,F3-LPIPS::D2::full_vs_condition0,lpips_alex_v0_1,D2,condition0,D2-039,12,9.920820593833923e-05,0.0009170997099621803,9.920820593833923e-05,2.6222318410873413e-05,9.623169898986816e-05,0.0001644343137741089,0.00010038912296295166,,0.09170997099621803
F3-LPIPS,F3-LPIPS::D2::full_vs_condition0,lpips_alex_v0_1,D2,condition0,D2-040,12,-4.093348979949951e-05,-0.0003665390173745432,0.000188436359167099,-0.00019947439432144165,0.00026015937328338623,-4.093348979949951e-05,-0.00013162195682525635,,-0.03665390173745432
F3-LPIPS,F3-LPIPS::D2::full_vs_condition0,lpips_alex_v0_1,D2,condition0,D2-041,12,-0.00010418146848678589,-0.0009054924694310489,-3.141164779663086e-05,-0.00033833086490631104,1.1164695024490356e-05,-0.00033376365900039673,-0.00010418146848678589,,-0.09054924694310489
F3-LPIPS,F3-LPIPS::D2::full_vs_condition0,lpips_alex_v0_1,D2,condition0,D2-042,12,2.267211675643921e-05,0.00024319995191945742,0.00018317252397537231,0.0003002546727657318,-8.75331461429596e-05,-6.058625876903534e-05,2.267211675643921e-05,,0.02431999519194574
F3-LPIPS,F3-LPIPS::D2::full_vs_condition0,lpips_alex_v0_1,D2,condition0,D2-043,12,-0.00018147751688957214,-0.0017903834559233613,-0.00036982446908950806,-0.0004966780543327332,0.00022365152835845947,1.8812716007232666e-05,-0.00018147751688957214,,-0.17903834559233614
F3-LPIPS,F3-LPIPS::D2::full_vs_condition0,lpips_alex_v0_1,D2,condition0,D2-044,12,0.00017319247126579285,0.001980156439642007,0.00017319247126579285,-8.744746446609497e-05,-0.00019025057554244995,0.00042601674795150757,0.00021945685148239136,,0.1980156439642007
F3-LPIPS,F3-LPIPS::D2::full_vs_condition0,lpips_alex_v0_1,D2,condition0,D2-045,12,-5.2735209465026855e-05,-0.0004833951247709883,0.00012114271521568298,0.0004110373556613922,-7.786974310874939e-05,-0.000368703156709671,-5.2735209465026855e-05,,-0.048339512477098834
F3-LPIPS,F3-LPIPS::D2::full_vs_condition0,lpips_alex_v0_1,D2,condition0,D2-046,12,-0.00025710463523864746,-0.0027435123620641283,-0.00034078583121299744,-0.00025872886180877686,-1.5236437320709229e-06,-0.00025710463523864746,0.0005542822182178497,,-0.27435123620641283
F3-LPIPS,F3-LPIPS::D2::full_vs_condition0,lpips_alex_v0_1,D2,condition0,D2-047,12,-9.590387344360352e-05,-0.00086677446803754,6.202608346939087e-06,-0.00019524991512298584,0.0002008788287639618,-9.590387344360352e-05,-0.0002640970051288605,,-0.086677446803754
F3-LPIPS,F3-LPIPS::D2::full_vs_condition0,lpips_alex_v0_1,D2,condition0,D2-048,12,-9.392574429512024e-05,-0.0013010605503765299,7.299333810806274e-05,-9.392574429512024e-05,0.0007943436503410339,-0.0003320835530757904,-0.0004187971353530884,,-0.130106055037653
F3-LPIPS,F3-LPIPS::D2::full_vs_condition0,lpips_alex_v0_1,D2,condition0,D2-049,12,-0.00010123476386070251,-0.0008539613578321832,-0.00045300647616386414,0.00036073848605155945,0.00044605135917663574,-0.0006223097443580627,-0.00010123476386070251,,-0.08539613578321832
F3-LPIPS,F3-LPIPS::D2::full_vs_condition0,lpips_alex_v0_1,D2,condition0,D2-050,12,-3.7923455238342285e-05,-0.00036438431792982747,0.000256858766078949,5.642697215080261e-05,-3.7923455238342285e-05,-6.585568189620972e-05,-0.0006508566439151764,,-0.03643843179298275
F3-LPIPS,F3-LPIPS::D2::full_vs_condition0,lpips_alex_v0_1,D2,condition0,D2-051,12,-0.0001321248710155487,-0.0012990887954497938,-0.00019629299640655518,-0.0001321248710155487,0.0005639791488647461,-0.00024516135454177856,-0.00012621283531188965,,-0.12990887954497937
F3-LPIPS,F3-LPIPS::D2::full_vs_condition0,lpips_alex_v0_1,D2,condition0,D2-052,12,7.961690425872803e-05,0.0007983261298955654,7.961690425872803e-05,-0.00025183334946632385,0.00017927959561347961,0.0002486109733581543,-5.184859037399292e-05,,0.07983261298955653
F3-LPIPS,F3-LPIPS::D2::full_vs_condition0,lpips_alex_v0_1,D2,condition0,D2-053,12,-0.00038332492113113403,-0.004844684813698944,-0.0005000028759241104,-0.0014460831880569458,-9.214133024215698e-05,-2.2709369659423828e-05,-0.00038332492113113403,,-0.48446848136989445
F3-LPIPS,F3-LPIPS::D2::full_vs_condition0,lpips_alex_v0_1,D2,condition0,D2-054,12,-0.00026267021894454956,-0.0024001442469332125,9.015202522277832e-07,-0.00026267021894454956,-0.00030282512307167053,-0.0005182288587093353,0.00023908168077468872,,-0.24001442469332124
F3-LPIPS,F3-LPIPS::D2::full_vs_condition0,lpips_alex_v0_1,D2,condition0,D2-055,12,6.142258644104004e-05,0.00035879693351354423,5.572289228439331e-05,0.00020394474267959595,6.142258644104004e-05,8.624047040939331e-05,-3.273412585258484e-05,,0.03587969335135442
F3-LPIPS,F3-LPIPS::D2::full_vs_condition0,lpips_alex_v0_1,D2,condition0,D2-056,12,-0.00014945119619369507,-0.0015198764822849414,0.0004414208233356476,-0.0008032284677028656,-0.0007678493857383728,-0.00013059750199317932,-0.00014945119619369507,,-0.15198764822849414
F3-LPIPS,F3-LPIPS::D2::full_vs_condition0,lpips_alex_v0_1,D2,condition0,D2-057,12,-0.00019401311874389648,-0.0015945621755706644,0.00037446990609169006,9.890273213386536e-05,-0.0006409361958503723,-0.00019401311874389648,-0.00021833926439285278,,-0.15945621755706643
F3-LPIPS,F3-LPIPS::D2::full_vs_condition0,lpips_alex_v0_1,D2,condition0,D2-058,12,-7.285177707672119e-05,-0.0006495732616566197,7.223337888717651e-05,-0.00046461448073387146,-0.0001941882073879242,-7.285177707672119e-05,0.0004951320588588715,,-0.06495732616566198
F3-LPIPS,F3-LPIPS::D2::full_vs_condition0,lpips_alex_v0_1,D2,condition0,D2-059,12,-3.633275628089905e-05,-0.000311461416052478,4.46513295173645e-05,-0.00023351609706878662,-3.633275628089905e-05,-0.0001916736364364624,0.00022333115339279175,,-0.031146141605247802
F3-LPIPS,F3-LPIPS::D2::full_vs_condition0,lpips_alex_v0_1,D2,condition0,D2-060,12,7.98441469669342e-05,0.0007786446823396353,8.904561400413513e-05,9.953975677490234e-05,7.98441469669342e-05,2.004951238632202e-05,-0.0002514645457267761,,0.07786446823396354
F3-LPIPS,F3-LPIPS::D2::full_vs_condition0,lpips_alex_v0_1,D2,condition0,D2-061,12,0.0001815594732761383,0.0014407515498344483,0.00029164552688598633,-0.001093938946723938,0.0001815594732761383,0.0006508268415927887,-0.00019405782222747803,,0.14407515498344484
F3-LPIPS,F3-LPIPS::D2::full_vs_condition0,lpips_alex_v0_1,D2,condition0,D2-062,12,6.91823661327362e-05,0.0006878206995030217,6.91823661327362e-05,-0.0005391985177993774,-0.000396188348531723,0.0002344660460948944,0.00030318647623062134,,0.06878206995030217
F3-LPIPS,F3-LPIPS::D2::full_vs_condition0,lpips_alex_v0_1,D2,condition0,D2-063,12,-0.00020483508706092834,-0.0018695257042018988,4.667416214942932e-05,-7.098168134689331e-05,-0.00020483508706092834,-0.00028067827224731445,-0.00027573853731155396,,-0.18695257042018987
F3-LPIPS,F3-LPIPS::D2::full_vs_condition0,lpips_alex_v0_1,D2,condition0,D2-064,12,-0.0001773834228515625,-0.001708313321510946,-0.0003235526382923126,0.00011257827281951904,-0.0001773834228515625,-0.00044952332973480225,-7.740035653114319e-05,,-0.1708313321510946
F3-LPIPS,F3-LPIPS::D2::full_vs_condition0,lpips_alex_v0_1,D2,condition0,D2-065,12,0.00035203248262405396,0.003577215373781303,-0.00010431930422782898,0.00035203248262405396,0.0009030736982822418,0.0005174651741981506,0.0002529919147491455,,0.35772153737813034
F3-LPIPS,F3-LPIPS::D2::full_vs_condition0,lpips_alex_v0_1,D2,condition0,D2-066,12,-6.216764450073242e-05,-0.000575691336714715,-6.216764450073242e-05,-0.0004566200077533722,0.001085132360458374,0.000374767929315567,-0.00019890069961547852,,-0.0575691336714715
F3-LPIPS,F3-LPIPS::D2::full_vs_condition0,lpips_alex_v0_1,D2,condition0,D2-067,12,-4.639476537704468e-05,-0.00044808826885555183,0.00018804892897605896,-4.979223012924194e-05,0.00018952786922454834,-4.639476537704468e-05,-0.00018599256873130798,,-0.04480882688555518
F3-LPIPS,F3-LPIPS::D2::full_vs_condition0,lpips_alex_v0_1,D2,condition0,D2-068,12,6.770342588424683e-05,0.0005042097099570681,-0.00040749460458755493,6.770342588424683e-05,0.00014135241508483887,-3.79905104637146e-05,0.00048540160059928894,,0.05042097099570681
F3-LPIPS,F3-LPIPS::D2::full_vs_condition0,lpips_alex_v0_1,D2,condition0,D2-069,12,1.2706965208053589e-05,0.00013556465360906015,1.2706965208053589e-05,-0.00015801191329956055,6.712228059768677e-05,0.0001763850450515747,-0.000271432101726532,,0.013556465360906015
F3-LPIPS,F3-LPIPS::D2::full_vs_condition0,lpips_alex_v0_1,D2,condition0,D2-070,12,1.582130789756775e-05,0.00014540720041939724,0.0002149045467376709,-2.4147331714630127e-05,0.00048365816473960876,-2.6192516088485718e-05,1.582130789756775e-05,,0.014540720041939724
F3-LPIPS,F3-LPIPS::D2::full_vs_condition0,lpips_alex_v0_1,D2,condition0,D2-071,12,-5.0283968448638916e-05,-0.00032572766396990157,-0.0008462592959403992,-0.00027572549879550934,0.000582640990614891,-5.0283968448638916e-05,5.562044680118561e-05,,-0.03257276639699016
F3-LPIPS,F3-LPIPS::D2::full_vs_condition0,lpips_alex_v0_1,D2,condition0,D2-072,12,6.096065044403076e-05,0.0005518957927389144,0.00025895237922668457,-0.0002826005220413208,6.096065044403076e-05,-0.0001162402331829071,0.0005576908588409424,,0.05518957927389144
F3-LPIPS,F3-LPIPS::D2::full_vs_condition0,lpips_alex_v0_1,D2,condition0,D2-073,12,-0.00010993331670761108,-0.0008795956113574005,-0.00015026703476905823,-0.0003734976053237915,6.621330976486206e-05,-0.00010993331670761108,9.733811020851135e-05,,-0.08795956113574005
F3-LPIPS,F3-LPIPS::D2::full_vs_condition0,lpips_alex_v0_1,D2,condition0,D2-074,12,-0.00031869858503341675,-0.002952862647602576,-0.0008179470896720886,-0.00031869858503341675,-2.3674219846725464e-05,-0.00038428977131843567,-0.00024130940437316895,,-0.2952862647602576
F3-LPIPS,F3-LPIPS::D2::full_vs_condition0,lpips_alex_v0_1,D2,condition0,D2-075,12,0.00011759251356124878,0.0010326825409355772,0.0004886314272880554,4.887580871582031e-05,0.00011759251356124878,0.0002629011869430542,-0.00017163902521133423,,0.10326825409355772
F3-LPIPS,F3-LPIPS::D2::full_vs_condition0,lpips_alex_v0_1,D2,condition0,D2-076,12,-0.0001671239733695984,-0.0015720771181936231,-0.00037689879536628723,-0.0001671239733695984,-5.587190389633179e-05,-1.958012580871582e-05,-0.0003001578152179718,,-0.15720771181936233
F3-LPIPS,F3-LPIPS::D2::full_vs_condition0,lpips_alex_v0_1,D2,condition0,D2-077,12,-0.0004710778594017029,-0.004938891885198396,-0.0003241412341594696,-0.0004710778594017029,-6.36950135231018e-05,-0.00047856755554676056,-0.0007402859628200531,,-0.49388918851983965
F3-LPIPS,F3-LPIPS::D2::full_vs_condition0,lpips_alex_v0_1,D2,condition0,D2-078,12,0.000209026038646698,0.0016971567074833209,0.0002380162477493286,-0.0006077364087104797,-1.5478581190109253e-06,0.000209026038646698,0.0002979561686515808,,0.16971567074833208
F3-LPIPS,F3-LPIPS::D2::full_vs_condition0,lpips_alex_v0_1,D2,condition0,D2-079,12,-0.00026281923055648804,-0.0023068221969461795,-0.0002281665802001953,-0.00026281923055648804,-0.000863831490278244,-0.0002265647053718567,-0.00030842050909996033,,-0.23068221969461794
F3-LPIPS,F3-LPIPS::D2::full_vs_condition0,lpips_alex_v0_1,D2,condition0,D2-080,12,-0.00014320388436317444,-0.0018565379732310028,-0.00019724108278751373,-0.00014320388436317444,0.00026127323508262634,-0.0007201023399829865,-5.1431357860565186e-05,,-0.18565379732310028
F3-LPIPS,F3-LPIPS::D2::full_vs_condition0,lpips_alex_v0_1,D2,condition0,D2-081,12,-1.1783093214035034e-05,-9.489050197075543e-05,-0.0005946084856987,0.0003002174198627472,-1.1783093214035034e-05,-7.345154881477356e-05,0.0002682209014892578,,-0.009489050197075542
F3-LPIPS,F3-LPIPS::D2::full_vs_condition0,lpips_alex_v0_1,D2,condition0,D2-082,12,2.4180859327316284e-05,0.0002181813610463213,2.4180859327316284e-05,3.512948751449585e-06,0.000325176864862442,0.00017251446843147278,-0.00019732117652893066,,0.02181813610463213
F3-LPIPS,F3-LPIPS::D2::full_vs_condition0,lpips_alex_v0_1,D2,condition0,D2-083,12,-9.174272418022156e-05,-0.0013360931566227567,-0.00014351680874824524,-0.00041984766721725464,-9.174272418022156e-05,0.00018657371401786804,3.780052065849304e-05,,-0.13360931566227566
F3-LPIPS,F3-LPIPS::D2::full_vs_condition0,lpips_alex_v0_1,D2,condition0,D2-084,12,-0.00010274350643157959,-0.0009081248328546525,0.00015673041343688965,-0.0004917196929454803,0.00033538416028022766,-0.00010274350643157959,-0.0002859532833099365,,-0.09081248328546525
F3-LPIPS,F3-LPIPS::D2::full_vs_condition0,lpips_alex_v0_1,D2,condition0,D2-085,12,-0.00014703720808029175,-0.0012821999653705304,-0.0003299638628959656,-0.00010880082845687866,5.1196664571762085e-05,-0.00014703720808029175,-0.00020344555377960205,,-0.12821999653705304
F3-LPIPS,F3-LPIPS::D2::full_vs_condition0,lpips_alex_v0_1,D2,condition0,D2-086,12,0.00018185004591941833,0.0015151434263353809,0.00018185004591941833,0.00024244561791419983,-0.0001730397343635559,0.00021391361951828003,5.202740430831909e-05,,0.15151434263353808
F3-LPIPS,F3-LPIPS::D2::full_vs_condition0,lpips_alex_v0_1,D2,condition0,D2-087,12,-8.510053157806396e-05,-0.0008160713032834474,0.0003428421914577484,-0.0006813295185565948,4.345551133155823e-05,-8.510053157806396e-05,-0.0001148618757724762,,-0.08160713032834474
F3-LPIPS,F3-LPIPS::D2::full_vs_condition0,lpips_alex_v0_1,D2,condition0,D2-088,12,3.719702363014221e-05,0.0003295452625219939,0.0006354190409183502,-0.0008704587817192078,0.000328652560710907,3.719702363014221e-05,-3.765523433685303e-05,,0.03295452625219939
F3-LPIPS,F3-LPIPS::D2::full_vs_condition0,lpips_alex_v0_1,D2,condition0,D2-089,12,-0.00015983730554580688,-0.0020094748711903003,-0.0005755983293056488,-0.0002949163317680359,0.0004793927073478699,5.073472857475281e-05,-0.00015983730554580688,,-0.20094748711903002
F3-LPIPS,F3-LPIPS::D2::full_vs_condition0,lpips_alex_v0_1,D2,condition0,D2-090,12,0.00015180744230747223,0.0025763863902462433,-0.00041697360575199127,-9.872019290924072e-08,0.00015180744230747223,0.00037178024649620056,0.00020919553935527802,,0.2576386390246243
F3-LPIPS,F3-LPIPS::D2::full_vs_condition0,lpips_alex_v0_1,D2,condition0,D2-091,12,-3.4555792808532715e-05,-0.00025198819665119747,-3.4555792808532715e-05,0.0002202838659286499,-0.0006898343563079834,-0.00031368061900138855,7.353723049163818e-06,,-0.025198819665119748
F3-LPIPS,F3-LPIPS::D2::full_vs_condition0,lpips_alex_v0_1,D2,condition0,D2-092,12,-0.00034166499972343445,-0.003000792086088558,-0.00034166499972343445,0.00036249682307243347,-0.0002695731818675995,-0.0004949755966663361,-0.0005710870027542114,,-0.3000792086088558
F3-LPIPS,F3-LPIPS::D2::full_vs_condition0,lpips_alex_v0_1,D2,condition0,D2-093,12,3.9245933294296265e-05,0.00036115222471998703,-0.00023774057626724243,3.9245933294296265e-05,0.00016936659812927246,5.5361539125442505e-05,-0.000632207840681076,,0.036115222471998706
F3-LPIPS,F3-LPIPS::D2::full_vs_condition0,lpips_alex_v0_1,D2,condition0,D2-094,12,-4.6409666538238525e-05,-0.00041679629517675553,-4.8313289880752563e-05,-0.00040010735392570496,0.0003077983856201172,-4.6409666538238525e-05,0.0008145421743392944,,-0.04167962951767555
F3-LPIPS,F3-LPIPS::D2::full_vs_condition0,lpips_alex_v0_1,D2,condition0,D2-095,12,7.131695747375488e-05,0.0007417961852208967,0.00012200325727462769,0.0003554001450538635,-0.00012159347534179688,7.131695747375488e-05,-3.774464130401611e-05,,0.07417961852208968
F3-LPIPS,F3-LPIPS::D2::full_vs_condition0,lpips_alex_v0_1,D2,condition0,D2-096,12,-4.1093677282333374e-05,-0.000427302255044944,-0.00019967183470726013,-4.1093677282333374e-05,-2.0425766706466675e-05,-4.595145583152771e-05,7.954239845275879e-05,,-0.0427302255044944
F3-LPIPS,F3-LPIPS::D2::full_vs_condition0,lpips_alex_v0_1,D2,condition0,D2-097,12,-0.0002727881073951721,-0.0031721674772387906,-0.00037341564893722534,-0.0006074011325836182,0.0005883723497390747,0.001531895250082016,-0.0002727881073951721,,-0.3172167477238791
F3-LPIPS,F3-LPIPS::D2::full_vs_condition0,lpips_alex_v0_1,D2,condition0,D2-098,12,-2.2880733013153076e-05,-0.00021533147479342097,-7.389113306999207e-05,0.0004581473767757416,-3.2257288694381714e-05,1.583993434906006e-05,-2.2880733013153076e-05,,-0.021533147479342096
F3-LPIPS,F3-LPIPS::D2::full_vs_condition0,lpips_alex_v0_1,D2,condition0,D2-099,12,-1.1436641216278076e-06,-9.435925593147046e-06,-1.1436641216278076e-06,-0.00011808425188064575,5.1993876695632935e-05,-5.7328492403030396e-05,0.00011908262968063354,,-0.0009435925593147046
F3-LPIPS,F3-LPIPS::D2::full_vs_condition0,lpips_alex_v0_1,D2,condition0,D2-100,12,0.00018241256475448608,0.001338525973625522,0.00018241256475448608,0.00021844729781150818,0.00032780319452285767,-0.00022158771753311157,-3.727525472640991e-05,,0.1338525973625522
F3-LPIPS,F3-LPIPS::D2::full_vs_b_lite_ft,lpips_alex_v0_1,D2,b_lite_ft,D2-001,12,-0.00031498074531555176,-0.0032666921994510463,-0.00031498074531555176,-0.0009425953030586243,-0.0006199590861797333,-0.00020607560873031616,-4.396215081214905e-05,,-0.3266692199451046
F3-LPIPS,F3-LPIPS::D2::full_vs_b_lite_ft,lpips_alex_v0_1,D2,b_lite_ft,D2-002,12,-0.0004003383219242096,-0.002825136944152696,-0.0004003383219242096,-0.000470966100692749,-0.0001367330551147461,-0.0006338506937026978,-0.00012680143117904663,,-0.2825136944152696
F3-LPIPS,F3-LPIPS::D2::full_vs_b_lite_ft,lpips_alex_v0_1,D2,b_lite_ft,D2-003,12,-3.410130739212036e-05,-0.00021991492266653547,2.076476812362671e-05,3.50363552570343e-05,-0.0002473220229148865,-3.410130739212036e-05,-0.00024090707302093506,,-0.021991492266653548
F3-LPIPS,F3-LPIPS::D2::full_vs_b_lite_ft,lpips_alex_v0_1,D2,b_lite_ft,D2-004,12,-0.0008539706468582153,-0.006425826104760173,-0.0006993375718593597,-0.0010478124022483826,-0.0008539706468582153,-0.0012344680726528168,-0.0005071572959423065,,-0.6425826104760173
F3-LPIPS,F3-LPIPS::D2::full_vs_b_lite_ft,lpips_alex_v0_1,D2,b_lite_ft,D2-005,12,-0.001123335212469101,-0.009610016447834931,-0.001123335212469101,-0.0018315576016902924,-0.00238959863781929,-0.0009903348982334137,-0.00035252422094345093,,-0.9610016447834931
F3-LPIPS,F3-LPIPS::D2::full_vs_b_lite_ft,lpips_alex_v0_1,D2,b_lite_ft,D2-006,12,-0.00020757876336574554,-0.00263624830898118,8.225813508033752e-05,-0.0003366079181432724,0.0001423954963684082,-0.00022813305258750916,-0.00020757876336574554,,-0.263624830898118
F3-LPIPS,F3-LPIPS::D2::full_vs_b_lite_ft,lpips_alex_v0_1,D2,b_lite_ft,D2-007,12,-0.0002073422074317932,-0.0018622828171803937,-0.0002996698021888733,-0.0002073422074317932,-4.462525248527527e-05,-0.0001084059476852417,-0.00023443251848220825,,-0.18622828171803937
F3-LPIPS,F3-LPIPS::D2::full_vs_b_lite_ft,lpips_alex_v0_1,D2,b_lite_ft,D2-008,12,0.000141950324177742,0.002553992549992103,-0.00016702152788639069,0.00016093812882900238,0.000141950324177742,-0.00020400434732437134,0.00017365626990795135,,0.2553992549992103
F3-LPIPS,F3-LPIPS::D2::full_vs_b_lite_ft,lpips_alex_v0_1,D2,b_lite_ft,D2-009,12,0.0009985491633415222,0.006868268010402308,0.0007207095623016357,0.0012647807598114014,0.0009064562618732452,0.0010883547365665436,0.0009985491633415222,,0.6868268010402307
F3-LPIPS,F3-LPIPS::D2::full_vs_b_lite_ft,lpips_alex_v0_1,D2,b_lite_ft,D2-010,12,8.479878306388855e-05,0.000934009440786723,-6.16312026977539e-05,0.0003818608820438385,8.479878306388855e-05,-5.841255187988281e-06,0.00016868114471435547,,0.09340094407867229
F3-LPIPS,F3-LPIPS::D2::full_vs_b_lite_ft,lpips_alex_v0_1,D2,b_lite_ft,D2-011,12,0.00023822858929634094,0.0032325619260122488,0.00018905475735664368,0.00023822858929634094,0.0007759667932987213,2.1364539861679077e-05,0.0008829794824123383,,0.3232561926012249
F3-LPIPS,F3-LPIPS::D2::full_vs_b_lite_ft,lpips_alex_v0_1,D2,b_lite_ft,D2-012,12,0.00016082823276519775,0.0013917591494575954,-4.6566128730773926e-07,0.0008055493235588074,0.00010170415043830872,0.0003480836749076843,0.00016082823276519775,,0.13917591494575954
F3-LPIPS,F3-LPIPS::D2::full_vs_b_lite_ft,lpips_alex_v0_1,D2,b_lite_ft,D2-013,12,-0.00021054595708847046,-0.001587003987895774,-0.00023144856095314026,-0.0005594566464424133,0.0001427195966243744,5.492940545082092e-05,-0.00021054595708847046,,-0.15870039878957742
F3-LPIPS,F3-LPIPS::D2::full_vs_b_lite_ft,lpips_alex_v0_1,D2,b_lite_ft,D2-014,12,0.0003887489438056946,0.0037589290052879097,-9.774789214134216e-05,0.0003887489438056946,0.0006599165499210358,0.00024956464767456055,0.0004422813653945923,,0.375892900528791
F3-LPIPS,F3-LPIPS::D2::full_vs_b_lite_ft,lpips_alex_v0_1,D2,b_lite_ft,D2-015,12,0.0006232932209968567,0.006748911521509377,0.00036771222949028015,0.0006302930414676666,0.0010271146893501282,0.0006232932209968567,0.0005891211330890656,,0.6748911521509378
F3-LPIPS,F3-LPIPS::D2::full_vs_b_lite_ft,lpips_alex_v0_1,D2,b_lite_ft,D2-016,12,-0.00011817365884780884,-0.000881513983176038,-0.00022146105766296387,-0.00011817365884780884,-0.00020918995141983032,0.00013397261500358582,-1.5467405319213867e-05,,-0.0881513983176038
F3-LPIPS,F3-LPIPS::D2::full_vs_b_lite_ft,lpips_alex_v0_1,D2,b_lite_ft,D2-017,12,0.00011909753084182739,0.0013848435650906797,0.0003290027379989624,0.00027620792388916016,0.00011909753084182739,4.320591688156128e-05,-4.06317412853241e-05,,0.13848435650906799
F3-LPIPS,F3-LPIPS::D2::full_vs_b_lite_ft,lpips_alex_v0_1,D2,b_lite_ft,D2-018,12,-9.517744183540344e-05,-0.001037510371448936,-6.948411464691162e-05,-0.0001652836799621582,-9.517744183540344e-05,0.00032999739050865173,-0.0002608373761177063,,-0.1037510371448936
F3-LPIPS,F3-LPIPS::D2::full_vs_b_lite_ft,lpips_alex_v0_1,D2,b_lite_ft,D2-019,12,0.00036576390266418457,0.004907861626134553,0.0006277821958065033,-2.903863787651062e-05,0.0004924461245536804,-5.953013896942139e-06,0.00036576390266418457,,0.4907861626134553
F3-LPIPS,F3-LPIPS::D2::full_vs_b_lite_ft,lpips_alex_v0_1,D2,b_lite_ft,D2-020,12,0.0005713999271392822,0.0039188447777836885,-0.0002012401819229126,0.0007847994565963745,0.0005713999271392822,0.0004377290606498718,0.0006807483732700348,,0.3918844777783688
F3-LPIPS,F3-LPIPS::D2::full_vs_b_lite_ft,lpips_alex_v0_1,D2,b_lite_ft,D2-021,12,0.0001055598258972168,0.0007952464379914055,0.0001055598258972168,-0.0005053021013736725,0.00027849525213241577,-0.00015520676970481873,0.0011691711843013763,,0.07952464379914055
F3-LPIPS,F3-LPIPS::D2::full_vs_b_lite_ft,lpips_alex_v0_1,D2,b_lite_ft,D2-022,12,-3.863498568534851e-05,-0.00042245472960290316,-0.0001588687300682068,-3.302469849586487e-05,0.00018409639596939087,-3.863498568534851e-05,-0.00012416020035743713,,-0.04224547296029032
F3-LPIPS,F3-LPIPS::D2::full_vs_b_lite_ft,lpips_alex_v0_1,D2,b_lite_ft,D2-023,12,0.0012952201068401337,0.013851986301440812,0.0006738863885402679,0.0011724941432476044,0.0012952201068401337,0.0013615824282169342,0.002098310738801956,,1.385198630144081
F3-LPIPS,F3-LPIPS::D2::full_vs_b_lite_ft,lpips_alex_v0_1,D2,b_lite_ft,D2-024,12,0.0011885464191436768,0.011352966859661789,0.0007736347615718842,0.0007392056286334991,0.0011885464191436768,0.0013972893357276917,0.0012168772518634796,,1.1352966859661788
F3-LPIPS,F3-LPIPS::D2::full_vs_b_lite_ft,lpips_alex_v0_1,D2,b_lite_ft,D2-025,12,-0.0008250381797552109,-0.006533484411835655,0.00018908455967903137,-0.0014683417975902557,0.0001886114478111267,-0.0008575096726417542,-0.0008250381797552109,,-0.6533484411835655
F3-LPIPS,F3-LPIPS::D2::full_vs_b_lite_ft,lpips_alex_v0_1,D2,b_lite_ft,D2-026,12,2.942793071269989e-05,0.00042671101284973004,-4.664808511734009e-05,-0.00016229040920734406,9.675323963165283e-05,0.0002682097256183624,2.942793071269989e-05,,0.042671101284973006
F3-LPIPS,F3-LPIPS::D2::full_vs_b_lite_ft,lpips_alex_v0_1,D2,b_lite_ft,D2-027,12,0.0004022940993309021,0.0034515231511898182,1.3146549463272095e-05,0.0004601217806339264,0.0008553154766559601,0.00031066685914993286,0.0004022940993309021,,0.3451523151189818
F3-LPIPS,F3-LPIPS::D2::full_vs_b_lite_ft,lpips_alex_v0_1,D2,b_lite_ft,D2-028,12,-0.00047391653060913086,-0.004757361867532288,-0.00047391653060913086,-0.000493902713060379,-0.0002744160592556,-2.4884939193725586e-06,-0.0006523989140987396,,-0.4757361867532288
F3-LPIPS,F3-LPIPS::D2::full_vs_b_lite_ft,lpips_alex_v0_1,D2,b_lite_ft,D2-029,12,0.00012105889618396759,0.001336193616475981,0.00012105889618396759,-0.00019568204879760742,-0.0001790802925825119,0.00020236149430274963,0.00016908161342144012,,0.1336193616475981
F3-LPIPS,F3-LPIPS::D2::full_vs_b_lite_ft,lpips_alex_v0_1,D2,b_lite_ft,D2-030,12,0.0003398619592189789,0.0034274609307361056,-0.0002004094421863556,-0.00028821080923080444,0.00047884881496429443,0.0005007684230804443,0.0003398619592189789,,0.34274609307361054
F3-LPIPS,F3-LPIPS::D2::full_vs_b_lite_ft,lpips_alex_v0_1,D2,b_lite_ft,D2-031,12,-3.921985626220703e-05,-0.00035628799752439403,9.42423939704895e-05,-3.921985626220703e-05,0.00016510486602783203,-0.000410228967666626,-0.001395195722579956,,-0.035628799752439405
F3-LPIPS,F3-LPIPS::D2::full_vs_b_lite_ft,lpips_alex_v0_1,D2,b_lite_ft,D2-032,12,-0.0004735291004180908,-0.0038812829167979134,-4.863739013671875e-05,-0.0009971223771572113,-0.0004735291004180908,-0.0006686225533485413,-0.00020970776677131653,,-0.38812829167979135
F3-LPIPS,F3-LPIPS::D2::full_vs_b_lite_ft,lpips_alex_v0_1,D2,b_lite_ft,D2-033,12,-0.00011773407459259033,-0.001010159608989858,0.00013519078493118286,-0.000285860151052475,-0.00010802224278450012,-0.00011773407459259033,-0.0003108792006969452,,-0.10101596089898579
F3-LPIPS,F3-LPIPS::D2::full_vs_b_lite_ft,lpips_alex_v0_1,D2,b_lite_ft,D2-034,12,0.0006805174052715302,0.008494422000094953,0.0004010982811450958,0.0006298571825027466,0.0006805174052715302,0.0008900873363018036,0.0008629076182842255,,0.8494422000094953
F3-LPIPS,F3-LPIPS::D2::full_vs_b_lite_ft,lpips_alex_v0_1,D2,b_lite_ft,D2-035,12,-0.0013169944286346436,-0.008967787215601607,-0.0014804825186729431,-0.0011731311678886414,-0.0013169944286346436,-0.0009395144879817963,-0.0014317184686660767,,-0.8967787215601607
F3-LPIPS,F3-LPIPS::D2::full_vs_b_lite_ft,lpips_alex_v0_1,D2,b_lite_ft,D2-036,12,9.644031524658203e-05,0.0010092439305700368,9.644031524658203e-05,0.0002722926437854767,1.0961666703224182e-05,0.00017458945512771606,3.791786730289459e-05,,0.10092439305700368
F3-LPIPS,F3-LPIPS::D2::full_vs_b_lite_ft,lpips_alex_v0_1,D2,b_lite_ft,D2-037,12,-0.00016037002205848694,-0.0014784635573449406,-0.00016037002205848694,-0.0004513189196586609,4.1231513023376465e-05,-0.0004971399903297424,-0.00015080347657203674,,-0.14784635573449406
F3-LPIPS,F3-LPIPS::D2::full_vs_b_lite_ft,lpips_alex_v0_1,D2,b_lite_ft,D2-038,12,0.0006254017353057861,0.006546513881920122,0.0013142768293619156,0.00029202550649642944,0.0005280748009681702,0.001083962619304657,0.0006254017353057861,,0.6546513881920122
F3-LPIPS,F3-LPIPS::D2::full_vs_b_lite_ft,lpips_alex_v0_1,D2,b_lite_ft,D2-039,12,0.0010550282895565033,0.0096148002883554,0.0010778680443763733,0.00039718300104141235,0.0007559694349765778,0.0010550282895565033,0.0011107772588729858,,0.96148002883554
F3-LPIPS,F3-LPIPS::D2::full_vs_b_lite_ft,lpips_alex_v0_1,D2,b_lite_ft,D2-040,12,0.0007110610604286194,0.006340746018464017,0.0006038397550582886,0.0007882565259933472,0.0007110610604286194,0.00040393322706222534,0.0009351037442684174,,0.6340746018464017
F3-LPIPS,F3-LPIPS::D2::full_vs_b_lite_ft,lpips_alex_v0_1,D2,b_lite_ft,D2-041,12,-0.00044353678822517395,-0.0038968947776549883,-0.00044353678822517395,-0.000804264098405838,-0.0004395879805088043,-0.0002593994140625,-0.000708557665348053,,-0.38968947776549884
F3-LPIPS,F3-LPIPS::D2::full_vs_b_lite_ft,lpips_alex_v0_1,D2,b_lite_ft,D2-042,12,-0.00024751201272010803,-0.002670644113971278,9.847618639469147e-05,-0.00024751201272010803,-0.0003210194408893585,-0.0001313723623752594,-0.00026125088334083557,,-0.2670644113971278
F3-LPIPS,F3-LPIPS::D2::full_vs_b_lite_ft,lpips_alex_v0_1,D2,b_lite_ft,D2-043,12,0.0007179565727710724,0.007016037994835454,0.00044252723455429077,0.0007179565727710724,0.0005741901695728302,0.0007426999509334564,0.0007638819515705109,,0.7016037994835453
F3-LPIPS,F3-LPIPS::D2::full_vs_b_lite_ft,lpips_alex_v0_1,D2,b_lite_ft,D2-044,12,-3.7224963307380676e-05,-0.00042968409522117757,0.0001031048595905304,2.9474496841430664e-05,-0.00010345876216888428,-3.7224963307380676e-05,-8.412078022956848e-05,,-0.04296840952211776
F3-LPIPS,F3-LPIPS::D2::full_vs_b_lite_ft,lpips_alex_v0_1,D2,b_lite_ft,D2-045,12,0.00029743462800979614,0.0026728915626954967,0.00029743462800979614,0.0005645416676998138,-4.7869980335235596e-06,0.00035244226455688477,-0.0002859532833099365,,0.2672891562695497
F3-LPIPS,F3-LPIPS::D2::full_vs_b_lite_ft,lpips_alex_v0_1,D2,b_lite_ft,D2-046,12,0.001468077301979065,0.015312103728347511,0.0017657782882452011,0.0011407360434532166,0.002569912001490593,0.0009646937251091003,0.001468077301979065,,1.531210372834751
F3-LPIPS,F3-LPIPS::D2::full_vs_b_lite_ft,lpips_alex_v0_1,D2,b_lite_ft,D2-047,12,-0.000430084764957428,-0.003902442124281948,-0.0003963671624660492,-0.000430084764957428,-4.950910806655884e-05,-0.0006636455655097961,-0.0008254647254943848,,-0.3902442124281948
F3-LPIPS,F3-LPIPS::D2::full_vs_b_lite_ft,lpips_alex_v0_1,D2,b_lite_ft,D2-048,12,0.001142166554927826,0.015501930346733321,0.0007677190005779266,0.0012733638286590576,0.001821756362915039,0.001142166554927826,0.00041044875979423523,,1.5501930346733321
F3-LPIPS,F3-LPIPS::D2::full_vs_b_lite_ft,lpips_alex_v0_1,D2,b_lite_ft,D2-049,12,0.0002901926636695862,0.002409197891863701,-0.0007699094712734222,0.0006878301501274109,0.0002901926636695862,0.0002319030463695526,0.0003331229090690613,,0.2409197891863701
F3-LPIPS,F3-LPIPS::D2::full_vs_b_lite_ft,lpips_alex_v0_1,D2,b_lite_ft,D2-050,12,-0.000528186559677124,-0.005089746155982355,-0.000528186559677124,-0.0008604973554611206,-0.00036377087235450745,-0.00029321759939193726,-0.0005453154444694519,,-0.5089746155982354
F3-LPIPS,F3-LPIPS::D2::full_vs_b_lite_ft,lpips_alex_v0_1,D2,b_lite_ft,D2-051,12,-6.322935223579407e-05,-0.0006220226433393333,-4.083290696144104e-05,-9.238719940185547e-05,0.00024443119764328003,-8.717924356460571e-05,-6.322935223579407e-05,,-0.062202264333933326
F3-LPIPS,F3-LPIPS::D2::full_vs_b_lite_ft,lpips_alex_v0_1,D2,b_lite_ft,D2-052,12,0.00040369853377342224,0.004069089395791648,0.0004242323338985443,-9.550154209136963e-05,0.0008270628750324249,0.0003182142972946167,0.00040369853377342224,,0.40690893957916485
F3-LPIPS,F3-LPIPS::D2::full_vs_b_lite_ft,lpips_alex_v0_1,D2,b_lite_ft,D2-053,12,-9.635463356971741e-05,-0.0012181737679548758,0.00019925087690353394,-9.635463356971741e-05,-0.00026397407054901123,0.00035427510738372803,-0.0001528821885585785,,-0.12181737679548758
F3-LPIPS,F3-LPIPS::D2::full_vs_b_lite_ft,lpips_alex_v0_1,D2,b_lite_ft,D2-054,12,-0.0004438348114490509,-0.004079236640646373,-0.00021189823746681213,-0.0005657710134983063,-0.0004438348114490509,-0.00042306631803512573,-0.0007206052541732788,,-0.40792366406463726
F3-LPIPS,F3-LPIPS::D2::full_vs_b_lite_ft,lpips_alex_v0_1,D2,b_lite_ft,D2-055,12,4.629790782928467e-05,0.00027164118883018774,0.00012659281492233276,-0.00036950036883354187,-0.00025952979922294617,4.629790782928467e-05,6.584823131561279e-05,,0.027164118883018774
F3-LPIPS,F3-LPIPS::D2::full_vs_b_lite_ft,lpips_alex_v0_1,D2,b_lite_ft,D2-056,12,-0.0004927888512611389,-0.0049925011713027765,0.00019499659538269043,-0.0004927888512611389,-0.0005383193492889404,0.000789247453212738,-0.0006650574505329132,,-0.49925011713027767
F3-LPIPS,F3-LPIPS::D2::full_vs_b_lite_ft,lpips_alex_v0_1,D2,b_lite_ft,D2-057,12,-0.0002715960144996643,-0.0022779642562143314,-0.0002715960144996643,-3.557652235031128e-06,-0.0009659156203269958,-0.0002693161368370056,-0.0007645562291145325,,-0.22779642562143315
F3-LPIPS,F3-LPIPS::D2::full_vs_b_lite_ft,lpips_alex_v0_1,D2,b_lite_ft,D2-058,12,0.0007907114923000336,0.007004880859601568,0.001090753823518753,-0.00038745999336242676,0.0007907114923000336,0.0006729215383529663,0.0008949004113674164,,0.7004880859601568
F3-LPIPS,F3-LPIPS::D2::full_vs_b_lite_ft,lpips_alex_v0_1,D2,b_lite_ft,D2-059,12,-0.0006495043635368347,-0.005734431897215826,-0.00048433616757392883,-0.00090012326836586,-0.0007491596043109894,-0.0006495043635368347,-0.00019685551524162292,,-0.5734431897215826
F3-LPIPS,F3-LPIPS::D2::full_vs_b_lite_ft,lpips_alex_v0_1,D2,b_lite_ft,D2-060,12,8.91461968421936e-06,8.749566954936804e-05,-0.0002410896122455597,-1.4118850231170654e-05,0.0002511218190193176,0.00029121339321136475,8.91461968421936e-06,,0.008749566954936805
F3-LPIPS,F3-LPIPS::D2::full_vs_b_lite_ft,lpips_alex_v0_1,D2,b_lite_ft,D2-061,12,-0.00034632906317710876,-0.0027614820556687834,-0.0003774389624595642,-0.000558558851480484,-0.0002869516611099243,-7.927417755126953e-06,-0.00034632906317710876,,-0.27614820556687836
F3-LPIPS,F3-LPIPS::D2::full_vs_b_lite_ft,lpips_alex_v0_1,D2,b_lite_ft,D2-062,12,-0.0008988305926322937,-0.008997935730831205,-0.0007810220122337341,-0.0008988305926322937,-0.0007133185863494873,-0.0010205842554569244,-0.0013390444219112396,,-0.8997935730831205
F3-LPIPS,F3-LPIPS::D2::full_vs_b_lite_ft,lpips_alex_v0_1,D2,b_lite_ft,D2-063,12,-0.0008473731577396393,-0.007841326155387771,-0.0016105473041534424,-0.0009520649909973145,-0.0008473731577396393,-0.0007345452904701233,-0.00031923502683639526,,-0.7841326155387771
F3-LPIPS,F3-LPIPS::D2::full_vs_b_lite_ft,lpips_alex_v0_1,D2,b_lite_ft,D2-064,12,0.000537041574716568,0.005091588983624029,0.0002768486738204956,0.0006145797669887543,0.00037457048892974854,0.0008785426616668701,0.000537041574716568,,0.5091588983624029
F3-LPIPS,F3-LPIPS::D2::full_vs_b_lite_ft,lpips_alex_v0_1,D2,b_lite_ft,D2-065,12,7.970258593559265e-05,0.0007960660088483695,7.970258593559265e-05,-0.0012281239032745361,0.0005620718002319336,-0.0008336305618286133,0.0002643018960952759,,0.07960660088483695
F3-LPIPS,F3-LPIPS::D2::full_vs_b_lite_ft,lpips_alex_v0_1,D2,b_lite_ft,D2-066,12,0.0006336420774459839,0.005798397058134715,0.0007763542234897614,-3.7591904401779175e-05,0.0006685145199298859,0.0006336420774459839,0.0002956688404083252,,0.5798397058134716
F3-LPIPS,F3-LPIPS::D2::full_vs_b_lite_ft,lpips_alex_v0_1,D2,b_lite_ft,D2-067,12,0.0002496466040611267,0.002412254833373751,0.00011308863759040833,0.00046814605593681335,0.0002496466040611267,0.0006082169711589813,6.74314796924591e-05,,0.2412254833373751
F3-LPIPS,F3-LPIPS::D2::full_vs_b_lite_ft,lpips_alex_v0_1,D2,b_lite_ft,D2-068,12,0.0005996301770210266,0.004424903075868716,0.0005623959004878998,0.0005996301770210266,0.0006379485130310059,0.00033498555421829224,0.0007574036717414856,,0.4424903075868716
F3-LPIPS,F3-LPIPS::D2::full_vs_b_lite_ft,lpips_alex_v0_1,D2,b_lite_ft,D2-069,12,-0.0002605840563774109,-0.002826008000087265,-0.0002605840563774109,-0.0005911178886890411,-4.3820589780807495e-05,-0.0004537217319011688,-0.0001528039574623108,,-0.2826008000087265
F3-LPIPS,F3-LPIPS::D2::full_vs_b_lite_ft,lpips_alex_v0_1,D2,b_lite_ft,D2-070,12,0.0010518021881580353,0.009597643816362378,0.0009295418858528137,0.0012802854180335999,0.0010877437889575958,0.0006998926401138306,0.0010518021881580353,,0.9597643816362378
F3-LPIPS,F3-LPIPS::D2::full_vs_b_lite_ft,lpips_alex_v0_1,D2,b_lite_ft,D2-071,12,-0.0009424071758985519,-0.0061479675742771925,-0.0007079169154167175,-0.0013427510857582092,-0.0006320681422948837,-0.0009424071758985519,-0.0013875067234039307,,-0.6147967574277192
F3-LPIPS,F3-LPIPS::D2::full_vs_b_lite_ft,lpips_alex_v0_1,D2,b_lite_ft,D2-072,12,-0.0002200491726398468,-0.0020080132882622412,-8.286163210868835e-05,-0.0002547241747379303,-0.00048056989908218384,-0.0001673586666584015,-0.0002200491726398468,,-0.20080132882622412
F3-LPIPS,F3-LPIPS::D2::full_vs_b_lite_ft,lpips_alex_v0_1,D2,b_lite_ft,D2-073,12,0.0002787783741950989,0.0021786571024763044,0.00022399798035621643,0.0009798221290111542,0.0007046014070510864,8.962303400039673e-05,0.0002787783741950989,,0.21786571024763043
F3-LPIPS,F3-LPIPS::D2::full_vs_b_lite_ft,lpips_alex_v0_1,D2,b_lite_ft,D2-074,12,0.000292263925075531,0.0027177683136288145,6.599351763725281e-05,0.000292263925075531,0.00010441616177558899,0.0006163604557514191,0.0004603378474712372,,0.27177683136288144
F3-LPIPS,F3-LPIPS::D2::full_vs_b_lite_ft,lpips_alex_v0_1,D2,b_lite_ft,D2-075,12,0.0010841712355613708,0.009691053748502787,0.0015275180339813232,0.0007920190691947937,0.001185830682516098,0.0010841712355613708,0.0010445676743984222,,0.9691053748502787
F3-LPIPS,F3-LPIPS::D2::full_vs_b_lite_ft,lpips_alex_v0_1,D2,b_lite_ft,D2-076,12,-0.0008313655853271484,-0.007953015740604991,-0.0008637011051177979,-0.0009554103016853333,-0.0004788897931575775,-0.0008313655853271484,-0.00021775439381599426,,-0.7953015740604992
F3-LPIPS,F3-LPIPS::D2::full_vs_b_lite_ft,lpips_alex_v0_1,D2,b_lite_ft,D2-077,12,0.0001681596040725708,0.0017603495116629004,-6.326660513877869e-05,0.0007459931075572968,0.0001681596040725708,0.0003624856472015381,-4.579126834869385e-05,,0.17603495116629003
F3-LPIPS,F3-LPIPS::D2::full_vs_b_lite_ft,lpips_alex_v0_1,D2,b_lite_ft,D2-078,12,0.0009211264550685883,0.007464291920006559,0.0008644554764032364,0.0008290596306324005,0.0016787536442279816,0.0009211264550685883,0.0016692988574504852,,0.7464291920006559
F3-LPIPS,F3-LPIPS::D2::full_vs_b_lite_ft,lpips_alex_v0_1,D2,b_lite_ft,D2-079,12,0.0017047971487045288,0.015054119637071857,0.0009279139339923859,0.0017047971487045288,0.0019354969263076782,0.002377748489379883,0.00150240957736969,,1.5054119637071857
F3-LPIPS,F3-LPIPS::D2::full_vs_b_lite_ft,lpips_alex_v0_1,D2,b_lite_ft,D2-080,12,0.0005744900554418564,0.007443510295423569,0.0007592551410198212,0.0005744900554418564,0.0008913911879062653,0.00047241896390914917,0.0005088616162538528,,0.7443510295423569
F3-LPIPS,F3-LPIPS::D2::full_vs_b_lite_ft,lpips_alex_v0_1,D2,b_lite_ft,D2-081,12,-5.5905431509017944e-05,-0.00045079879732516236,-0.00046711787581443787,-5.5905431509017944e-05,-5.3666532039642334e-05,-0.00021925196051597595,-7.286667823791504e-06,,-0.04507987973251624
F3-LPIPS,F3-LPIPS::D2::full_vs_b_lite_ft,lpips_alex_v0_1,D2,b_lite_ft,D2-082,12,6.749480962753296e-05,0.0006083110846077856,-1.6130506992340088e-06,-1.245737075805664e-05,7.773935794830322e-05,0.0001570470631122589,6.749480962753296e-05,,0.060831108460778556
F3-LPIPS,F3-LPIPS::D2::full_vs_b_lite_ft,lpips_alex_v0_1,D2,b_lite_ft,D2-083,12,3.361701965332031e-05,0.0004876407073643474,-0.0002592727541923523,-0.0006671398878097534,0.0002998337149620056,3.361701965332031e-05,0.00021615251898765564,,0.04876407073643474
F3-LPIPS,F3-LPIPS::D2::full_vs_b_lite_ft,lpips_alex_v0_1,D2,b_lite_ft,D2-084,12,-0.0007371902465820312,-0.006518651473741039,-0.00029096007347106934,-0.0014385133981704712,-0.0012360364198684692,-0.0006842911243438721,-0.0007371902465820312,,-0.6518651473741038
F3-LPIPS,F3-LPIPS::D2::full_vs_b_lite_ft,lpips_alex_v0_1,D2,b_lite_ft,D2-085,12,-0.00028008967638015747,-0.00244682573453018,-0.000726059079170227,-0.0002538412809371948,-0.00028008967638015747,-0.00023074820637702942,-0.0003325119614601135,,-0.244682573453018
F3-LPIPS,F3-LPIPS::D2::full_vs_b_lite_ft,lpips_alex_v0_1,D2,b_lite_ft,D2-086,12,0.00014924630522727966,0.0012450741905782414,0.00031288713216781616,0.00014924630522727966,-0.0007264353334903717,0.00031004101037979126,-0.00024339184165000916,,0.12450741905782414
F3-LPIPS,F3-LPIPS::D2::full_vs_b_lite_ft,lpips_alex_v0_1,D2,b_lite_ft,D2-087,12,0.000731591135263443,0.006976129725569923,0.0007651448249816895,0.0003447718918323517,0.0008626095950603485,0.000731591135263443,0.0003896169364452362,,0.6976129725569923
F3-LPIPS,F3-LPIPS::D2::full_vs_b_lite_ft,lpips_alex_v0_1,D2,b_lite_ft,D2-088,12,0.00010176748037338257,0.0009085804376891192,0.00117594376206398,-0.00031686946749687195,7.811188697814941e-05,0.00010176748037338257,0.0002672150731086731,,0.09085804376891192
F3-LPIPS,F3-LPIPS::D2::full_vs_b_lite_ft,lpips_alex_v0_1,D2,b_lite_ft,D2-089,12,-0.0002826973795890808,-0.003596909348319334,-0.0004551820456981659,-0.0002826973795890808,-0.0003276430070400238,0.0003655627369880676,-4.1097402572631836e-05,,-0.3596909348319334
F3-LPIPS,F3-LPIPS::D2::full_vs_b_lite_ft,lpips_alex_v0_1,D2,b_lite_ft,D2-090,12,0.0003525838255882263,0.006060515831565608,0.0004358626902103424,0.00013495050370693207,0.0003525838255882263,-0.0001128222793340683,0.0006023459136486053,,0.6060515831565608
F3-LPIPS,F3-LPIPS::D2::full_vs_b_lite_ft,lpips_alex_v0_1,D2,b_lite_ft,D2-091,12,-0.0007262304425239563,-0.005308512169009722,-0.00024583935737609863,-6.623566150665283e-05,-0.0008554644882678986,-0.0008483827114105225,-0.0007262304425239563,,-0.5308512169009721
F3-LPIPS,F3-LPIPS::D2::full_vs_b_lite_ft,lpips_alex_v0_1,D2,b_lite_ft,D2-092,12,-0.0001751929521560669,-0.0015342507083365522,-0.00030054524540901184,-0.0001751929521560669,-0.00037000328302383423,0.00015317648649215698,0.0003196112811565399,,-0.15342507083365522
F3-LPIPS,F3-LPIPS::D2::full_vs_b_lite_ft,lpips_alex_v0_1,D2,b_lite_ft,D2-093,12,0.0003242678940296173,0.0030850198072838154,0.0002274736762046814,0.0004706569015979767,0.0009298883378505707,0.0003242678940296173,-1.8596649169921875e-05,,0.30850198072838153
F3-LPIPS,F3-LPIPS::D2::full_vs_b_lite_ft,lpips_alex_v0_1,D2,b_lite_ft,D2-094,12,-0.0007775835692882538,-0.007028749173857381,-0.0007775835692882538,-0.0007996112108230591,-0.0006998851895332336,-0.00022383034229278564,-0.0012955628335475922,,-0.702874917385738
F3-LPIPS,F3-LPIPS::D2::full_vs_b_lite_ft,lpips_alex_v0_1,D2,b_lite_ft,D2-095,12,0.0007875785231590271,0.00800984880952886,0.0007326491177082062,0.0007097125053405762,0.0007875785231590271,0.0014635473489761353,0.0011764131486415863,,0.8009848809528861
F3-LPIPS,F3-LPIPS::D2::full_vs_b_lite_ft,lpips_alex_v0_1,D2,b_lite_ft,D2-096,12,-0.00022557750344276428,-0.0023565889180037197,-0.00022261962294578552,-0.00028187409043312073,-0.0003857538104057312,0.00024408847093582153,-0.00022557750344276428,,-0.23565889180037197
F3-LPIPS,F3-LPIPS::D2::full_vs_b_lite_ft,lpips_alex_v0_1,D2,b_lite_ft,D2-097,12,0.0007888227701187134,0.009019978493271522,0.0007888227701187134,-0.00047825276851654053,0.0012581795454025269,0.0009997077286243439,0.0007031448185443878,,0.9019978493271522
F3-LPIPS,F3-LPIPS::D2::full_vs_b_lite_ft,lpips_alex_v0_1,D2,b_lite_ft,D2-098,12,0.00021670013666152954,0.0020471220251537347,-0.00028446316719055176,0.0006693340837955475,0.00021670013666152954,0.0007318034768104553,-3.970786929130554e-05,,0.20471220251537348
F3-LPIPS,F3-LPIPS::D2::full_vs_b_lite_ft,lpips_alex_v0_1,D2,b_lite_ft,D2-099,12,-7.944926619529724e-05,-0.0006727483725195775,-7.944926619529724e-05,-0.0008155442774295807,-1.2215226888656616e-05,7.540732622146606e-05,-0.00036707520484924316,,-0.06727483725195775
F3-LPIPS,F3-LPIPS::D2::full_vs_b_lite_ft,lpips_alex_v0_1,D2,b_lite_ft,D2-100,12,-0.00015641003847122192,-0.0011394028721332496,7.349252700805664e-05,-0.00015641003847122192,0.00027833133935928345,-0.00034546852111816406,-0.0005452632904052734,,-0.11394028721332496
F3-LPIPS,F3-LPIPS::D2::full_vs_freeuv_conserved,lpips_alex_v0_1,D2,freeuv_conserved,D2-001,12,0.00029558688402175903,0.0030176036896714105,2.12937593460083e-05,8.663535118103027e-05,0.00030467286705970764,0.00029558688402175903,0.0005226656794548035,,0.30176036896714103
F3-LPIPS,F3-LPIPS::D2::full_vs_freeuv_conserved,lpips_alex_v0_1,D2,freeuv_conserved,D2-002,12,-0.0022258013486862183,-0.015720852075634294,-0.0020791180431842804,-0.002437375485897064,-0.0022258013486862183,-0.002387315034866333,-0.0020742416381835938,,-1.5720852075634295
F3-LPIPS,F3-LPIPS::D2::full_vs_freeuv_conserved,lpips_alex_v0_1,D2,freeuv_conserved,D2-003,12,-0.0005478523671627045,-0.0035753310979339207,-0.0004735812544822693,-0.00038630515336990356,-0.0005478523671627045,-0.0006516166031360626,-0.0010817386209964752,,-0.3575331097933921
F3-LPIPS,F3-LPIPS::D2::full_vs_freeuv_conserved,lpips_alex_v0_1,D2,freeuv_conserved,D2-004,12,-0.0004124864935874939,-0.003079607317943103,-0.00013224035501480103,-0.0004124864935874939,-0.0007919035851955414,-0.0008743926882743835,-0.00010947510600090027,,-0.3079607317943103
F3-LPIPS,F3-LPIPS::D2::full_vs_freeuv_conserved,lpips_alex_v0_1,D2,freeuv_conserved,D2-005,12,-0.0008041113615036011,-0.006753885317618031,-0.0008041113615036011,-0.0018027126789093018,-0.001131892204284668,-0.0007392987608909607,-0.0005954355001449585,,-0.6753885317618031
F3-LPIPS,F3-LPIPS::D2::full_vs_freeuv_conserved,lpips_alex_v0_1,D2,freeuv_conserved,D2-006,12,-0.0013751201331615448,-0.017754351206309495,-0.0011483095586299896,-0.001882396638393402,-0.001767043024301529,-0.0013751201331615448,-0.0013408735394477844,,-1.7754351206309495
F3-LPIPS,F3-LPIPS::D2::full_vs_freeuv_conserved,lpips_alex_v0_1,D2,freeuv_conserved,D2-007,12,-0.001927252858877182,-0.017681718472336273,-0.0018227063119411469,-0.002231001853942871,-0.0020878389477729797,-0.001188669353723526,-0.001927252858877182,,-1.7681718472336274
F3-LPIPS,F3-LPIPS::D2::full_vs_freeuv_conserved,lpips_alex_v0_1,D2,freeuv_conserved,D2-008,12,-0.0011229868978261948,-0.01947913123770618,-0.0011831149458885193,-0.0014262180775403976,-0.0011229868978261948,-0.0009626150131225586,-0.0009131245315074921,,-1.9479131237706182
F3-LPIPS,F3-LPIPS::D2::full_vs_freeuv_conserved,lpips_alex_v0_1,D2,freeuv_conserved,D2-009,12,-0.0012589097023010254,-0.008908856474076778,-0.0012944862246513367,-0.001351960003376007,-0.0011487118899822235,-0.0012589097023010254,-0.001097269356250763,,-0.8908856474076777
F3-LPIPS,F3-LPIPS::D2::full_vs_freeuv_conserved,lpips_alex_v0_1,D2,freeuv_conserved,D2-010,12,-0.0009312815964221954,-0.010647350330744678,-0.0011091791093349457,-0.0009277723729610443,-0.0009312815964221954,-0.0008834227919578552,-0.0011982694268226624,,-1.0647350330744678
F3-LPIPS,F3-LPIPS::D2::full_vs_freeuv_conserved,lpips_alex_v0_1,D2,freeuv_conserved,D2-011,12,0.0003323554992675781,0.004482412850039033,0.0003050565719604492,0.0005835928022861481,0.0003323554992675781,-0.000761423259973526,0.00038471072912216187,,0.4482412850039033
F3-LPIPS,F3-LPIPS::D2::full_vs_freeuv_conserved,lpips_alex_v0_1,D2,freeuv_conserved,D2-012,12,-0.00024369359016418457,-0.0021053124832646065,-0.0003740936517715454,9.462237358093262e-06,-0.00024369359016418457,-0.00019039958715438843,-0.00038284435868263245,,-0.21053124832646064
F3-LPIPS,F3-LPIPS::D2::full_vs_freeuv_conserved,lpips_alex_v0_1,D2,freeuv_conserved,D2-013,12,-0.001641441136598587,-0.012524638052084662,-0.001641441136598587,-0.0018211565911769867,-0.0016055628657341003,-0.0016402751207351685,-0.0017223507165908813,,-1.2524638052084662
F3-LPIPS,F3-LPIPS::D2::full_vs_freeuv_conserved,lpips_alex_v0_1,D2,freeuv_conserved,D2-014,12,-0.0008578784763813019,-0.00798936522978016,-0.000730317085981369,-0.0008578784763813019,-7.286667823791504e-05,-0.0009526871144771576,-0.0009693242609500885,,-0.798936522978016
F3-LPIPS,F3-LPIPS::D2::full_vs_freeuv_conserved,lpips_alex_v0_1,D2,freeuv_conserved,D2-015,12,-0.0003519617021083832,-0.003915768637295604,-0.00059518963098526,-0.0007524825632572174,0.00016126781702041626,-0.0003519617021083832,1.0468065738677979e-05,,-0.3915768637295604
F3-LPIPS,F3-LPIPS::D2::full_vs_freeuv_conserved,lpips_alex_v0_1,D2,freeuv_conserved,D2-016,12,-0.0003244131803512573,-0.002399421387980024,-0.00048023834824562073,-0.0003244131803512573,-2.890080213546753e-05,0.0006130784749984741,-0.0005210116505622864,,-0.2399421387980024
F3-LPIPS,F3-LPIPS::D2::full_vs_freeuv_conserved,lpips_alex_v0_1,D2,freeuv_conserved,D2-017,12,-0.0018532723188400269,-0.02275280991375699,-0.0016705729067325592,-0.0018532723188400269,-0.0019717104732990265,-0.001496192067861557,-0.0019372478127479553,,-2.275280991375699
F3-LPIPS,F3-LPIPS::D2::full_vs_freeuv_conserved,lpips_alex_v0_1,D2,freeuv_conserved,D2-018,12,-0.0031032562255859375,-0.03443557339447835,-0.0029263757169246674,-0.0037917867302894592,-0.0031032562255859375,-0.0021996088325977325,-0.003805510699748993,,-3.443557339447835
F3-LPIPS,F3-LPIPS::D2::full_vs_freeuv_conserved,lpips_alex_v0_1,D2,freeuv_conserved,D2-019,12,-0.0005554035305976868,-0.007405075931456881,-0.0002148933708667755,-0.000950295478105545,-0.0003586895763874054,-0.0008527413010597229,-0.0005554035305976868,,-0.7405075931456881
F3-LPIPS,F3-LPIPS::D2::full_vs_freeuv_conserved,lpips_alex_v0_1,D2,freeuv_conserved,D2-020,12,-0.0017674528062343597,-0.012638602620161785,-0.00247780978679657,-0.001586366444826126,-0.0017674528062343597,-0.0016117580235004425,-0.0021595358848571777,,-1.2638602620161785
F3-LPIPS,F3-LPIPS::D2::full_vs_freeuv_conserved,lpips_alex_v0_1,D2,freeuv_conserved,D2-021,12,-0.004158399999141693,-0.03219541932103569,-0.004158399999141693,-0.004287995398044586,-0.003863304853439331,-0.004596192389726639,-0.0020478740334510803,,-3.2195419321035685
F3-LPIPS,F3-LPIPS::D2::full_vs_freeuv_conserved,lpips_alex_v0_1,D2,freeuv_conserved,D2-022,12,-0.0010912641882896423,-0.012068925382610363,-0.0009224340319633484,-0.0010782405734062195,-0.0012194626033306122,-0.0014818236231803894,-0.0010912641882896423,,-1.2068925382610363
F3-LPIPS,F3-LPIPS::D2::full_vs_freeuv_conserved,lpips_alex_v0_1,D2,freeuv_conserved,D2-023,12,-0.001966215670108795,-0.021918985361636764,-0.0023399777710437775,-0.001966215670108795,-0.002120319753885269,-0.001600712537765503,-0.001234317198395729,,-2.1918985361636762
F3-LPIPS,F3-LPIPS::D2::full_vs_freeuv_conserved,lpips_alex_v0_1,D2,freeuv_conserved,D2-024,12,-0.00015484541654586792,-0.0014926739357821264,-0.00024618953466415405,0.00020140036940574646,-1.2684613466262817e-05,-0.00015484541654586792,-0.0002560168504714966,,-0.14926739357821264
F3-LPIPS,F3-LPIPS::D2::full_vs_freeuv_conserved,lpips_alex_v0_1,D2,freeuv_conserved,D2-025,12,-9.80868935585022e-05,-0.0007615556305252553,0.0003460720181465149,-0.0008056610822677612,-9.80868935585022e-05,-0.00025626830756664276,-7.96634703874588e-05,,-0.07615556305252554
F3-LPIPS,F3-LPIPS::D2::full_vs_freeuv_conserved,lpips_alex_v0_1,D2,freeuv_conserved,D2-026,12,-0.00042491406202316284,-0.006115292090416381,-0.00042491406202316284,-0.0006331652402877808,-0.000250156968832016,-7.205083966255188e-05,-0.0006797146052122116,,-0.6115292090416381
F3-LPIPS,F3-LPIPS::D2::full_vs_freeuv_conserved,lpips_alex_v0_1,D2,freeuv_conserved,D2-027,12,-0.0001349225640296936,-0.0011676989540682725,-0.00011476874351501465,-0.0005682334303855896,0.0008756965398788452,-0.0007739178836345673,-0.0001349225640296936,,-0.11676989540682725
F3-LPIPS,F3-LPIPS::D2::full_vs_freeuv_conserved,lpips_alex_v0_1,D2,freeuv_conserved,D2-028,12,-0.0018442235887050629,-0.019183860438853936,-0.0018442235887050629,-0.00167175754904747,-0.002062462270259857,-0.001354943960905075,-0.002514459192752838,,-1.9183860438853937
F3-LPIPS,F3-LPIPS::D2::full_vs_freeuv_conserved,lpips_alex_v0_1,D2,freeuv_conserved,D2-029,12,-0.0005457494407892227,-0.005989596067317698,-0.00021645985543727875,-0.0007645618170499802,-0.0005457494407892227,-9.891577064990997e-05,-0.0005656108260154724,,-0.5989596067317698
F3-LPIPS,F3-LPIPS::D2::full_vs_freeuv_conserved,lpips_alex_v0_1,D2,freeuv_conserved,D2-030,12,-0.00035265088081359863,-0.0034866787134809687,-0.0004967190325260162,-0.0007270723581314087,0.00017186254262924194,-0.00035265088081359863,-0.00012879446148872375,,-0.34866787134809685
F3-LPIPS,F3-LPIPS::D2::full_vs_freeuv_conserved,lpips_alex_v0_1,D2,freeuv_conserved,D2-031,12,-0.001397162675857544,-0.012679506579466716,-0.001397162675857544,-0.0016814470291137695,-0.0009835325181484222,-0.0008028820157051086,-0.0020800381898880005,,-1.2679506579466715
F3-LPIPS,F3-LPIPS::D2::full_vs_freeuv_conserved,lpips_alex_v0_1,D2,freeuv_conserved,D2-032,12,-0.0019316822290420532,-0.016392356897470192,-0.0018950961530208588,-0.002243809401988983,-0.001224525272846222,-0.002215620130300522,-0.0019316822290420532,,-1.6392356897470193
F3-LPIPS,F3-LPIPS::D2::full_vs_freeuv_conserved,lpips_alex_v0_1,D2,freeuv_conserved,D2-033,12,-0.001262277364730835,-0.01108163008541561,-0.0007104352116584778,-0.001262277364730835,-0.0009927041828632355,-0.0012712515890598297,-0.001794811338186264,,-1.108163008541561
F3-LPIPS,F3-LPIPS::D2::full_vs_freeuv_conserved,lpips_alex_v0_1,D2,freeuv_conserved,D2-034,12,-0.00032745301723480225,-0.004132348740522159,-0.0008137449622154236,-0.00016831420361995697,-0.0004098564386367798,1.6432255506515503e-05,-0.00032745301723480225,,-0.41323487405221593
F3-LPIPS,F3-LPIPS::D2::full_vs_freeuv_conserved,lpips_alex_v0_1,D2,freeuv_conserved,D2-035,12,-0.003891594707965851,-0.026739049806197037,-0.00394216924905777,-0.004480414092540741,-0.003448598086833954,-0.003891594707965851,-0.0038394182920455933,,-2.6739049806197035
F3-LPIPS,F3-LPIPS::D2::full_vs_freeuv_conserved,lpips_alex_v0_1,D2,freeuv_conserved,D2-036,12,-0.0004895031452178955,-0.005361560548707166,-0.0005636550486087799,-0.0004768297076225281,-0.0008669346570968628,-0.00039739906787872314,-0.0004895031452178955,,-0.5361560548707166
F3-LPIPS,F3-LPIPS::D2::full_vs_freeuv_conserved,lpips_alex_v0_1,D2,freeuv_conserved,D2-037,12,-0.0009811893105506897,-0.009091837339834147,-0.0007119961082935333,-0.0011179856956005096,-0.0008109211921691895,-0.0011434927582740784,-0.0009811893105506897,,-0.9091837339834147
F3-LPIPS,F3-LPIPS::D2::full_vs_freeuv_conserved,lpips_alex_v0_1,D2,freeuv_conserved,D2-038,12,-0.0004021301865577698,-0.004160173902098289,0.00011049583554267883,-0.0004021301865577698,-0.0005109421908855438,-0.00037539005279541016,-0.0008248910307884216,,-0.4160173902098289
F3-LPIPS,F3-LPIPS::D2::full_vs_freeuv_conserved,lpips_alex_v0_1,D2,freeuv_conserved,D2-039,12,-0.000568825751543045,-0.005338463061194073,-0.0011746250092983246,-0.0018723271787166595,-0.000568825751543045,-0.00046869367361068726,-0.0005318485200405121,,-0.5338463061194073
F3-LPIPS,F3-LPIPS::D2::full_vs_freeuv_conserved,lpips_alex_v0_1,D2,freeuv_conserved,D2-040,12,-0.0006716959178447723,-0.006069406404129756,-0.0006716959178447723,-0.0009315572679042816,-0.00017989054322242737,-0.0010613873600959778,-0.0003613606095314026,,-0.6069406404129756
F3-LPIPS,F3-LPIPS::D2::full_vs_freeuv_conserved,lpips_alex_v0_1,D2,freeuv_conserved,D2-041,12,-0.0018752627074718475,-0.016842861579052026,-0.0021746791899204254,-0.0015790276229381561,-0.0015830546617507935,-0.0018752627074718475,-0.0022150054574012756,,-1.6842861579052026
F3-LPIPS,F3-LPIPS::D2::full_vs_freeuv_conserved,lpips_alex_v0_1,D2,freeuv_conserved,D2-042,12,-0.0007688291370868683,-0.008316420244513982,-0.0009157117456197739,-0.0007688291370868683,-0.0007449015974998474,-0.0012094751000404358,-0.0007536672055721283,,-0.8316420244513981
F3-LPIPS,F3-LPIPS::D2::full_vs_freeuv_conserved,lpips_alex_v0_1,D2,freeuv_conserved,D2-043,12,0.0001823529601097107,0.0018052250995842561,7.907301187515259e-05,0.00021576881408691406,5.7715922594070435e-05,0.0001823529601097107,0.00029341503977775574,,0.18052250995842561
F3-LPIPS,F3-LPIPS::D2::full_vs_freeuv_conserved,lpips_alex_v0_1,D2,freeuv_conserved,D2-044,12,-9.274110198020935e-05,-0.0010706668966697422,0.00037214718759059906,-9.274110198020935e-05,-0.00016918033361434937,-0.0002778768539428711,4.996731877326965e-05,,-0.10706668966697422
F3-LPIPS,F3-LPIPS::D2::full_vs_freeuv_conserved,lpips_alex_v0_1,D2,freeuv_conserved,D2-045,12,0.0008042752742767334,0.0073276969097080345,0.0010371506214141846,0.0006011165678501129,0.0009841881692409515,0.0008042752742767334,0.0007490590214729309,,0.7327696909708035
F3-LPIPS,F3-LPIPS::D2::full_vs_freeuv_conserved,lpips_alex_v0_1,D2,freeuv_conserved,D2-046,12,-0.00033588334918022156,-0.0036304322047598712,-0.0006695687770843506,-0.0007258467376232147,-0.00019375234842300415,-0.00030081719160079956,-0.00033588334918022156,,-0.36304322047598714
F3-LPIPS,F3-LPIPS::D2::full_vs_freeuv_conserved,lpips_alex_v0_1,D2,freeuv_conserved,D2-047,12,-0.0008082650601863861,-0.007464513568937286,-0.0009555071592330933,-0.0008082650601863861,-0.0005401112139225006,-0.0007877610623836517,-0.0008733198046684265,,-0.7464513568937287
F3-LPIPS,F3-LPIPS::D2::full_vs_freeuv_conserved,lpips_alex_v0_1,D2,freeuv_conserved,D2-048,12,-0.00040962547063827515,-0.005668916470739384,-0.0006612464785575867,-0.00027088820934295654,0.0002625696361064911,-0.00040962547063827515,-0.0007044412195682526,,-0.5668916470739384
F3-LPIPS,F3-LPIPS::D2::full_vs_freeuv_conserved,lpips_alex_v0_1,D2,freeuv_conserved,D2-049,12,-0.00030741840600967407,-0.0025276164193070664,-0.0010012686252593994,-0.00030741840600967407,0.0002797134220600128,-0.0005761049687862396,-0.00016450509428977966,,-0.25276164193070666
F3-LPIPS,F3-LPIPS::D2::full_vs_freeuv_conserved,lpips_alex_v0_1,D2,freeuv_conserved,D2-050,12,-0.0022314898669719696,-0.02158244401665471,-0.0022314898669719696,-0.002281021326780319,-0.0023059509694576263,-0.001982256770133972,-0.002065081149339676,,-2.1582444016654714
F3-LPIPS,F3-LPIPS::D2::full_vs_freeuv_conserved,lpips_alex_v0_1,D2,freeuv_conserved,D2-051,12,-0.0008384659886360168,-0.008253788994627743,-0.0008494630455970764,-0.0007164254784584045,-0.00032572075724601746,-0.0009286478161811829,-0.0008384659886360168,,-0.8253788994627743
F3-LPIPS,F3-LPIPS::D2::full_vs_freeuv_conserved,lpips_alex_v0_1,D2,freeuv_conserved,D2-052,12,-0.0016280636191368103,-0.01677923338833626,-0.0016373321413993835,-0.0020658448338508606,-0.001094534993171692,-0.0016280636191368103,-0.0014094486832618713,,-1.677923338833626
F3-LPIPS,F3-LPIPS::D2::full_vs_freeuv_conserved,lpips_alex_v0_1,D2,freeuv_conserved,D2-053,12,-0.001300271600484848,-0.016831268365852952,-0.0016460902988910675,-0.0016642510890960693,-0.001300271600484848,-0.0010076109319925308,-0.0012922901660203934,,-1.6831268365852952
F3-LPIPS,F3-LPIPS::D2::full_vs_freeuv_conserved,lpips_alex_v0_1,D2,freeuv_conserved,D2-054,12,-0.002007894217967987,-0.018655107253974026,-0.0018904581665992737,-0.002007894217967987,-0.0018842630088329315,-0.002634868025779724,-0.002117946743965149,,-1.8655107253974026
F3-LPIPS,F3-LPIPS::D2::full_vs_freeuv_conserved,lpips_alex_v0_1,D2,freeuv_conserved,D2-055,12,-0.00126628577709198,-0.007415674615078282,-0.001588534563779831,-0.0013530626893043518,-0.0011055245995521545,-0.00126628577709198,-0.0011754073202610016,,-0.7415674615078283
F3-LPIPS,F3-LPIPS::D2::full_vs_freeuv_conserved,lpips_alex_v0_1,D2,freeuv_conserved,D2-056,12,-0.00265372171998024,-0.02770440806447479,-0.0016344338655471802,-0.0029983967542648315,-0.003200676292181015,-0.0018653981387615204,-0.00265372171998024,,-2.770440806447479
F3-LPIPS,F3-LPIPS::D2::full_vs_freeuv_conserved,lpips_alex_v0_1,D2,freeuv_conserved,D2-057,12,-0.0007087439298629761,-0.005726125415606241,-0.0005138739943504333,-0.00016630440950393677,-0.001725703477859497,-0.0007087439298629761,-0.0008096769452095032,,-0.572612541560624
F3-LPIPS,F3-LPIPS::D2::full_vs_freeuv_conserved,lpips_alex_v0_1,D2,freeuv_conserved,D2-058,12,-0.00040765106678009033,-0.0036415982818716473,-0.00031921640038490295,-0.0006533600389957428,-0.0007973872125148773,-0.00024957209825515747,-0.00040765106678009033,,-0.36415982818716475
F3-LPIPS,F3-LPIPS::D2::full_vs_freeuv_conserved,lpips_alex_v0_1,D2,freeuv_conserved,D2-059,12,-0.0012110807001590729,-0.010635844527055028,-0.001524079591035843,-0.001078825443983078,-0.0012110807001590729,-0.0012687928974628448,-0.0009665042161941528,,-1.0635844527055027
F3-LPIPS,F3-LPIPS::D2::full_vs_freeuv_conserved,lpips_alex_v0_1,D2,freeuv_conserved,D2-060,12,-0.0002324618399143219,-0.0022708508072017426,-0.000157233327627182,-0.0002324618399143219,-0.0006844289600849152,-0.00020512938499450684,-0.00026769936084747314,,-0.22708508072017425
F3-LPIPS,F3-LPIPS::D2::full_vs_freeuv_conserved,lpips_alex_v0_1,D2,freeuv_conserved,D2-061,12,-0.0017234496772289276,-0.013705821843602275,-0.0015629678964614868,-0.0026348456740379333,-0.0017234496772289276,-0.0015038549900054932,-0.0030543580651283264,,-1.3705821843602275
F3-LPIPS,F3-LPIPS::D2::full_vs_freeuv_conserved,lpips_alex_v0_1,D2,freeuv_conserved,D2-062,12,-0.0005560219287872314,-0.0055737206108686654,-0.0006552822887897491,-0.0012808963656425476,-0.0004453137516975403,4.246458411216736e-05,-0.0005560219287872314,,-0.5573720610868665
F3-LPIPS,F3-LPIPS::D2::full_vs_freeuv_conserved,lpips_alex_v0_1,D2,freeuv_conserved,D2-063,12,-0.00437406450510025,-0.041097896560711236,-0.00437406450510025,-0.004444651305675507,-0.00428355485200882,-0.00428251177072525,-0.0044778622686862946,,-4.109789656071124
F3-LPIPS,F3-LPIPS::D2::full_vs_freeuv_conserved,lpips_alex_v0_1,D2,freeuv_conserved,D2-064,12,0.0004445314407348633,0.00418522246936403,0.0008733011782169342,-6.805732846260071e-05,0.0006388537585735321,0.0004445314407348633,0.00038332119584083557,,0.418522246936403
F3-LPIPS,F3-LPIPS::D2::full_vs_freeuv_conserved,lpips_alex_v0_1,D2,freeuv_conserved,D2-065,12,0.0003887973725795746,0.0038502685396939714,0.0006977133452892303,0.00017551332712173462,0.0003887973725795746,-5.782023072242737e-05,0.0008579231798648834,,0.3850268539693971
F3-LPIPS,F3-LPIPS::D2::full_vs_freeuv_conserved,lpips_alex_v0_1,D2,freeuv_conserved,D2-066,12,-0.001035146415233612,-0.009538943947899316,-0.001035146415233612,-0.0014593824744224548,-0.0006341934204101562,-0.001013193279504776,-0.0012706629931926727,,-0.9538943947899315
F3-LPIPS,F3-LPIPS::D2::full_vs_freeuv_conserved,lpips_alex_v0_1,D2,freeuv_conserved,D2-067,12,-0.0008452273905277252,-0.00828146792832376,-0.0006432421505451202,-0.0012088008224964142,-0.00025271251797676086,-0.0008452273905277252,-0.001606818288564682,,-0.828146792832376
F3-LPIPS,F3-LPIPS::D2::full_vs_freeuv_conserved,lpips_alex_v0_1,D2,freeuv_conserved,D2-068,12,-0.0001315884292125702,-0.0009646716028241394,-0.0001315884292125702,-0.00031740590929985046,-0.00014089420437812805,-9.394064545631409e-05,0.00014566630125045776,,-0.09646716028241394
F3-LPIPS,F3-LPIPS::D2::full_vs_freeuv_conserved,lpips_alex_v0_1,D2,freeuv_conserved,D2-069,12,-0.0023434720933437347,-0.026366702504289973,-0.002205878496170044,-0.0023434720933437347,-0.0025627166032791138,-0.0023643672466278076,-0.002274438738822937,,-2.636670250428997
F3-LPIPS,F3-LPIPS::D2::full_vs_freeuv_conserved,lpips_alex_v0_1,D2,freeuv_conserved,D2-070,12,-0.0014465376734733582,-0.01338680719880382,-0.0014465376734733582,-0.0015097260475158691,-0.0008124522864818573,-0.0014616213738918304,-0.0011369138956069946,,-1.3386807198803818
F3-LPIPS,F3-LPIPS::D2::full_vs_freeuv_conserved,lpips_alex_v0_1,D2,freeuv_conserved,D2-071,12,-0.0007025748491287231,-0.00457648156905499,-0.0008412078022956848,-0.0007056109607219696,0.0002811979502439499,-0.00015580840408802032,-0.0007025748491287231,,-0.457648156905499
F3-LPIPS,F3-LPIPS::D2::full_vs_freeuv_conserved,lpips_alex_v0_1,D2,freeuv_conserved,D2-072,12,-0.001613818109035492,-0.014892562581242753,-0.0012772977352142334,-0.0017711147665977478,-0.001613818109035492,-0.001768987625837326,-0.0013825930655002594,,-1.4892562581242754
F3-LPIPS,F3-LPIPS::D2::full_vs_freeuv_conserved,lpips_alex_v0_1,D2,freeuv_conserved,D2-073,12,-0.0009015761315822601,-0.007165413897358966,-0.0005592033267021179,-0.0009015761315822601,-0.0007701367139816284,-0.0011218339204788208,-0.0011150054633617401,,-0.7165413897358965
F3-LPIPS,F3-LPIPS::D2::full_vs_freeuv_conserved,lpips_alex_v0_1,D2,freeuv_conserved,D2-074,12,-0.0021157190203666687,-0.020369485145906936,-0.002136431634426117,-0.001991771161556244,-0.0021157190203666687,-0.0021440237760543823,-0.0017974674701690674,,-2.0369485145906934
F3-LPIPS,F3-LPIPS::D2::full_vs_freeuv_conserved,lpips_alex_v0_1,D2,freeuv_conserved,D2-075,12,0.0006490685045719147,0.005942541324985519,0.0006808973848819733,0.0006490685045719147,0.0005021318793296814,0.0005789957940578461,0.0007051452994346619,,0.594254132498552
F3-LPIPS,F3-LPIPS::D2::full_vs_freeuv_conserved,lpips_alex_v0_1,D2,freeuv_conserved,D2-076,12,-0.0019419007003307343,-0.018919147669123986,-0.002191394567489624,-0.0019145794212818146,-0.002002514898777008,-0.0019419007003307343,-0.0015977323055267334,,-1.8919147669123986
F3-LPIPS,F3-LPIPS::D2::full_vs_freeuv_conserved,lpips_alex_v0_1,D2,freeuv_conserved,D2-077,12,-0.0007579997181892395,-0.008055258772723681,-0.0010305196046829224,-0.000756923109292984,-0.0006583146750926971,-0.0007579997181892395,-0.001587606966495514,,-0.8055258772723681
F3-LPIPS,F3-LPIPS::D2::full_vs_freeuv_conserved,lpips_alex_v0_1,D2,freeuv_conserved,D2-078,12,-0.0016687549650669098,-0.014080164523868257,-0.0016831867396831512,-0.0016687549650669098,-0.0013191178441047668,-0.001731380820274353,-0.0011110268533229828,,-1.4080164523868257
F3-LPIPS,F3-LPIPS::D2::full_vs_freeuv_conserved,lpips_alex_v0_1,D2,freeuv_conserved,D2-079,12,-0.0016232989728450775,-0.014350520953178021,-0.0022874288260936737,-0.0012533850967884064,-0.002014387398958206,-0.001153748482465744,-0.0016232989728450775,,-1.435052095317802
F3-LPIPS,F3-LPIPS::D2::full_vs_freeuv_conserved,lpips_alex_v0_1,D2,freeuv_conserved,D2-080,12,6.192177534103394e-05,0.0008220079346365718,0.0005147717893123627,-0.0006396882236003876,-5.6141987442970276e-05,6.987340748310089e-05,6.192177534103394e-05,,0.08220079346365719
F3-LPIPS,F3-LPIPS::D2::full_vs_freeuv_conserved,lpips_alex_v0_1,D2,freeuv_conserved,D2-081,12,-0.00031949952244758606,-0.0025367283601527815,-0.0007454752922058105,-8.299946784973145e-06,-0.00033422932028770447,-0.00031949952244758606,-0.00022108107805252075,,-0.2536728360152782
F3-LPIPS,F3-LPIPS::D2::full_vs_freeuv_conserved,lpips_alex_v0_1,D2,freeuv_conserved,D2-082,12,-0.0007419697940349579,-0.006732546155247671,-0.0008859038352966309,-0.0005804486572742462,-0.0007419697940349579,-0.0005620568990707397,-0.0009161680936813354,,-0.6732546155247672
F3-LPIPS,F3-LPIPS::D2::full_vs_freeuv_conserved,lpips_alex_v0_1,D2,freeuv_conserved,D2-083,12,-0.0014477111399173737,-0.02178465837420908,-0.0014477111399173737,-0.0022188499569892883,-0.0019143559038639069,-0.0013575218617916107,-0.0010021515190601349,,-2.178465837420908
F3-LPIPS,F3-LPIPS::D2::full_vs_freeuv_conserved,lpips_alex_v0_1,D2,freeuv_conserved,D2-084,12,-0.0027899742126464844,-0.025204783311415853,-0.0019679181277751923,-0.0032143034040927887,-0.0030864402651786804,-0.0027558505535125732,-0.0027899742126464844,,-2.5204783311415855
F3-LPIPS,F3-LPIPS::D2::full_vs_freeuv_conserved,lpips_alex_v0_1,D2,freeuv_conserved,D2-085,12,-0.0019175074994564056,-0.016844616157940345,-0.0021604374051094055,-0.0017857067286968231,-0.0021662861108779907,-0.0019175074994564056,-0.0018108561635017395,,-1.6844616157940344
F3-LPIPS,F3-LPIPS::D2::full_vs_freeuv_conserved,lpips_alex_v0_1,D2,freeuv_conserved,D2-086,12,-0.002072688192129135,-0.017608304031152586,-0.002072688192129135,-0.001733936369419098,-0.002349056303501129,-0.0017296895384788513,-0.0023073330521583557,,-1.7608304031152586
F3-LPIPS,F3-LPIPS::D2::full_vs_freeuv_conserved,lpips_alex_v0_1,D2,freeuv_conserved,D2-087,12,-0.0014830715954303741,-0.014568302220776036,-0.001712251454591751,-0.0013476498425006866,-0.0014438927173614502,-0.0014830715954303741,-0.0017385035753250122,,-1.4568302220776037
F3-LPIPS,F3-LPIPS::D2::full_vs_freeuv_conserved,lpips_alex_v0_1,D2,freeuv_conserved,D2-088,12,-0.0009897127747535706,-0.009139282885838464,-0.0005732811987400055,-0.0017701610922813416,-0.0009897127747535706,-0.000783190131187439,-0.002109430730342865,,-0.9139282885838463
F3-LPIPS,F3-LPIPS::D2::full_vs_freeuv_conserved,lpips_alex_v0_1,D2,freeuv_conserved,D2-089,12,0.0003302842378616333,0.004052947790389183,3.2901763916015625e-05,0.00043650344014167786,0.0007986277341842651,0.0003302842378616333,-0.0001287125051021576,,0.4052947790389183
F3-LPIPS,F3-LPIPS::D2::full_vs_freeuv_conserved,lpips_alex_v0_1,D2,freeuv_conserved,D2-090,12,0.0010182596743106842,0.017341354744289928,0.0005249921232461929,0.000461062416434288,0.0010182596743106842,0.0010240878909826279,0.0011434108018875122,,1.7341354744289927
F3-LPIPS,F3-LPIPS::D2::full_vs_freeuv_conserved,lpips_alex_v0_1,D2,freeuv_conserved,D2-091,12,-0.0024325475096702576,-0.018006872693029898,-0.0024325475096702576,-0.0020707882940769196,-0.002670690417289734,-0.002659223973751068,-0.002209119498729706,,-1.8006872693029898
F3-LPIPS,F3-LPIPS::D2::full_vs_freeuv_conserved,lpips_alex_v0_1,D2,freeuv_conserved,D2-092,12,-0.0006928518414497375,-0.006168193768826222,-0.0013645477592945099,-0.0006604529917240143,-0.0004728585481643677,-0.0006928518414497375,-0.000912398099899292,,-0.6168193768826222
F3-LPIPS,F3-LPIPS::D2::full_vs_freeuv_conserved,lpips_alex_v0_1,D2,freeuv_conserved,D2-093,12,-0.0004898905754089355,-0.004509358640570196,-0.0013327039778232574,-0.00012766942381858826,-0.0003263130784034729,-0.0004898905754089355,-0.0009668134152889252,,-0.4509358640570196
F3-LPIPS,F3-LPIPS::D2::full_vs_freeuv_conserved,lpips_alex_v0_1,D2,freeuv_conserved,D2-094,12,-0.0008982941508293152,-0.008169275503018021,-0.0011701583862304688,-0.0016067512333393097,-0.0008982941508293152,-0.0007776245474815369,-0.00042941048741340637,,-0.8169275503018022
F3-LPIPS,F3-LPIPS::D2::full_vs_freeuv_conserved,lpips_alex_v0_1,D2,freeuv_conserved,D2-095,12,-0.0016678422689437866,-0.01751172769996426,-0.0016678422689437866,-0.0018550902605056763,-0.00182342529296875,-0.0012408867478370667,-0.001616116613149643,,-1.7511727699964261
F3-LPIPS,F3-LPIPS::D2::full_vs_freeuv_conserved,lpips_alex_v0_1,D2,freeuv_conserved,D2-096,12,-0.0007248707115650177,-0.007731584664330832,-0.0005759447813034058,-0.0010830052196979523,-0.0006382837891578674,-0.0007559992372989655,-0.0007248707115650177,,-0.7731584664330832
F3-LPIPS,F3-LPIPS::D2::full_vs_freeuv_conserved,lpips_alex_v0_1,D2,freeuv_conserved,D2-097,12,-0.001039348542690277,-0.01211578833592102,-0.0009822659194469452,-0.0011729300022125244,-0.0010634325444698334,-0.0007564648985862732,-0.001039348542690277,,-1.211578833592102
F3-LPIPS,F3-LPIPS::D2::full_vs_freeuv_conserved,lpips_alex_v0_1,D2,freeuv_conserved,D2-098,12,-0.0024976730346679688,-0.024039121225955598,-0.0021873973309993744,-0.0023650266230106354,-0.0028828345239162445,-0.0024976730346679688,-0.0027977339923381805,,-2.40391212259556
F3-LPIPS,F3-LPIPS::D2::full_vs_freeuv_conserved,lpips_alex_v0_1,D2,freeuv_conserved,D2-099,12,-0.0005467496812343597,-0.004654286799291869,-0.0009562000632286072,-0.001034080982208252,-0.00012777745723724365,-0.0005467496812343597,-0.0005287230014801025,,-0.4654286799291869
F3-LPIPS,F3-LPIPS::D2::full_vs_freeuv_conserved,lpips_alex_v0_1,D2,freeuv_conserved,D2-100,12,-0.001177717000246048,-0.008704589193369576,-0.00107584148645401,-0.001466110348701477,-0.0011503398418426514,-0.001177717000246048,-0.001613520085811615,,-0.8704589193369576
F4-SFACE,F4-SFACE::D1::full_vs_condition0,sface_source_to_render_cosine,D1,condition0,D1-I001,8,-0.0007449913127596797,,-0.0007449913127596797,-0.0011681278069601841,0.001209339061405773,0.0023472292289755115,-0.0007864189516347819,,
F4-SFACE,F4-SFACE::D1::full_vs_condition0,sface_source_to_render_cosine,D1,condition0,D1-I002,8,0.001471638264897046,,0.001471638264897046,0.004115524374727786,0.0030605214142318538,-0.0005804720362463378,0.0014246982874983605,,
F4-SFACE,F4-SFACE::D1::full_vs_condition0,sface_source_to_render_cosine,D1,condition0,D1-I003,4,4.572443326833486e-05,,0.0007686293886946527,4.572443326833486e-05,-0.0008104471685493886,-0.0011255564966620168,0.0003326075972037712,,
F4-SFACE,F4-SFACE::D1::full_vs_condition0,sface_source_to_render_cosine,D1,condition0,D1-I004,6,0.0016873386537876733,,0.004071580519940943,0.0015355715253070334,0.0033483433793343176,0.0016873386537876733,-0.0019104343260315515,,
F4-SFACE,F4-SFACE::D1::full_vs_condition0,sface_source_to_render_cosine,D1,condition0,D1-I005,8,0.0017846349113055937,,0.0028596764686873444,-2.307398325374077e-05,0.0004569931293329499,0.008380116183676012,0.0017846349113055937,,
F4-SFACE,F4-SFACE::D1::full_vs_condition0,sface_source_to_render_cosine,D1,condition0,D1-I006,8,-0.0014151545444150704,,0.0010670174229278628,-0.002483421795167917,-0.0014151545444150704,0.0009604119910798792,-0.002653274027914043,,
F4-SFACE,F4-SFACE::D1::full_vs_condition0,sface_source_to_render_cosine,D1,condition0,D1-I007,8,-0.000381644098732592,,-0.0014161813024177183,0.0009938563182675941,0.0007979182578227717,-0.0005394922577480754,-0.000381644098732592,,
F4-SFACE,F4-SFACE::D1::full_vs_condition0,sface_source_to_render_cosine,D1,condition0,D1-I008,8,0.0003000675000761066,,-0.0003515627116393305,-0.00027962464346448224,0.0003000675000761066,0.0003765761897168707,0.0024236545426948863,,
F4-SFACE,F4-SFACE::D1::full_vs_condition0,sface_source_to_render_cosine,D1,condition0,D1-I009,4,-0.0001717348924915596,,-0.0001717348924915596,0.0009877004012265322,-0.00036961394255130564,0.00032758646273822745,-0.0016955196596927236,,
F4-SFACE,F4-SFACE::D1::full_vs_condition0,sface_source_to_render_cosine,D1,condition0,D1-I010,6,-0.0002877261874831838,,-0.0021869479343387677,0.00022067686898363803,-0.0002877261874831838,0.0003033121018713447,-0.0007199107830258566,,
F4-SFACE,F4-SFACE::D1::full_vs_condition0,sface_source_to_render_cosine,D1,condition0,D1-I012,4,-0.001138981118472604,,-0.001138981118472604,-0.001148329129326886,-0.005081869519510951,3.340041755245382e-05,0.0007021783415037675,,
F4-SFACE,F4-SFACE::D1::full_vs_condition0,sface_source_to_render_cosine,D1,condition0,D1-I013,4,0.000542093700395152,,7.169292426412177e-05,-0.0015213002948787913,0.001594997836643186,0.0016440787193192086,0.000542093700395152,,
F4-SFACE,F4-SFACE::D1::full_vs_condition0,sface_source_to_render_cosine,D1,condition0,D1-I014,8,-8.885316707069046e-05,,-0.0006481051705307106,6.74765043696679e-05,-0.00040760600770908817,0.0031326478480136477,-8.885316707069046e-05,,
F4-SFACE,F4-SFACE::D1::full_vs_condition0,sface_source_to_render_cosine,D1,condition0,D1-I015,8,3.109770248205246e-05,,6.703558917597885e-05,1.2120476886590126e-06,0.00024783572277004007,-0.004118616493519467,3.109770248205246e-05,,
F4-SFACE,F4-SFACE::D1::full_vs_condition0,sface_source_to_render_cosine,D1,condition0,D1-I016,8,-0.0002790125304946711,,-0.0008052432074207028,-0.0002790125304946711,-0.0012099817354253029,0.0004564094282525355,0.00018458051767011874,,
F4-SFACE,F4-SFACE::D1::full_vs_condition0,sface_source_to_render_cosine,D1,condition0,D1-I017,2,-0.0007260247104520778,,-0.0018783556388090594,-0.005788245911329204,0.0030733789091348385,-0.0007260247104520778,-0.00018238041616042144,,
F4-SFACE,F4-SFACE::D1::full_vs_condition0,sface_source_to_render_cosine,D1,condition0,D1-I018,8,-0.00034139516621528587,,-0.0032701395144852374,-0.0010559725288318833,9.657913896171655e-05,-4.3036719233557896e-05,-0.00034139516621528587,,
F4-SFACE,F4-SFACE::D1::full_vs_condition0,sface_source_to_render_cosine,D1,condition0,D1-I019,2,0.010113301134051317,,0.010113301134051317,0.0006210730009523491,0.020783116785506317,-0.018301422133216477,0.01224391817816975,,
F4-SFACE,F4-SFACE::D1::full_vs_condition0,sface_source_to_render_cosine,D1,condition0,D1-I020,6,0.002185728008015697,,0.002185728008015697,-0.0012019697356770997,0.000320486083151883,0.004084877880626336,0.002307897281541682,,
F4-SFACE,F4-SFACE::D1::full_vs_b_lite_ft,sface_source_to_render_cosine,D1,b_lite_ft,D1-I001,8,0.010519639383446217,,0.011309482032486856,0.010519639383446217,0.010017267035205085,0.010037618501810286,0.013463390624393085,,
F4-SFACE,F4-SFACE::D1::full_vs_b_lite_ft,sface_source_to_render_cosine,D1,b_lite_ft,D1-I002,8,-0.004437881591356996,,-5.662605789624742e-05,-0.004437881591356996,0.005539732868190705,-0.008067826529662814,-0.0070343914973786115,,
F4-SFACE,F4-SFACE::D1::full_vs_b_lite_ft,sface_source_to_render_cosine,D1,b_lite_ft,D1-I003,4,-0.0048678066246750085,,-0.005126277948759916,-0.006000726265617207,-0.0048678066246750085,-0.00241178425784061,-0.0031045234503278563,,
F4-SFACE,F4-SFACE::D1::full_vs_b_lite_ft,sface_source_to_render_cosine,D1,b_lite_ft,D1-I004,6,-0.0012463914015672928,,-0.0012463914015672928,-0.0002788267870831862,-0.0006096251791166685,-0.006204004806152796,-0.00305455821342554,,
F4-SFACE,F4-SFACE::D1::full_vs_b_lite_ft,sface_source_to_render_cosine,D1,b_lite_ft,D1-I005,8,-0.01871159039664283,,-0.02071192048606818,-0.015452164395137136,-0.01871159039664283,-0.008738373874461247,-0.0196244508332081,,
F4-SFACE,F4-SFACE::D1::full_vs_b_lite_ft,sface_source_to_render_cosine,D1,b_lite_ft,D1-I006,8,0.00033040172440801374,,0.0007119732548590552,-0.0038408644224948163,0.00039627968792110835,-0.0031319367842875256,0.00033040172440801374,,
F4-SFACE,F4-SFACE::D1::full_vs_b_lite_ft,sface_source_to_render_cosine,D1,b_lite_ft,D1-I007,8,0.0006354104658078952,,0.0006354104658078952,0.003852873585730221,0.0019501521389234666,-0.0033947853452340193,0.0005340267635567941,,
F4-SFACE,F4-SFACE::D1::full_vs_b_lite_ft,sface_source_to_render_cosine,D1,b_lite_ft,D1-I008,8,-0.0058256205597828625,,-0.0043150509763459355,-0.007984400318421903,-0.011631206012729572,-0.0058256205597828625,-0.003767111932922673,,
F4-SFACE,F4-SFACE::D1::full_vs_b_lite_ft,sface_source_to_render_cosine,D1,b_lite_ft,D1-I009,4,-0.004010481957231082,,-0.002804773255285997,-0.004778676643226898,-0.0035565458859883603,-0.0055248770285363236,-0.004010481957231082,,
F4-SFACE,F4-SFACE::D1::full_vs_b_lite_ft,sface_source_to_render_cosine,D1,b_lite_ft,D1-I010,6,0.003010328458247391,,0.0030481197521536885,0.0003279429882815932,0.002223601300502198,0.003010328458247391,0.007974661086859236,,
F4-SFACE,F4-SFACE::D1::full_vs_b_lite_ft,sface_source_to_render_cosine,D1,b_lite_ft,D1-I012,4,-0.00294790937608308,,-0.014886605699747563,-0.00294790937608308,-0.00684636971383204,-0.00010709417189086468,0.0012196778862466617,,
F4-SFACE,F4-SFACE::D1::full_vs_b_lite_ft,sface_source_to_render_cosine,D1,b_lite_ft,D1-I013,4,0.0030740384327531123,,0.0032383772827099255,0.0017474277011879091,0.0052026141320730135,0.0011788000892657968,0.0030740384327531123,,
F4-SFACE,F4-SFACE::D1::full_vs_b_lite_ft,sface_source_to_render_cosine,D1,b_lite_ft,D1-I014,8,-0.008356986242065989,,-0.011335452884110253,-0.007420808727308381,-0.006565440800010314,-0.008356986242065989,-0.012015666685268517,,
F4-SFACE,F4-SFACE::D1::full_vs_b_lite_ft,sface_source_to_render_cosine,D1,b_lite_ft,D1-I015,8,-0.002588490805004756,,-0.004125024779362579,-0.002681801794524319,-0.002588490805004756,-0.0025223118015577084,-0.00034242400441214516,,
F4-SFACE,F4-SFACE::D1::full_vs_b_lite_ft,sface_source_to_render_cosine,D1,b_lite_ft,D1-I016,8,0.0003800166376637937,,-0.0013138415062385889,0.001442132704538468,0.00031739011882531143,0.001537028920772232,0.0003800166376637937,,
F4-SFACE,F4-SFACE::D1::full_vs_b_lite_ft,sface_source_to_render_cosine,D1,b_lite_ft,D1-I017,2,0.0038771435115804997,,-0.0032350452441093913,-0.0009385644779058566,0.007798435855869645,0.0038771435115804997,0.004021392584078631,,
F4-SFACE,F4-SFACE::D1::full_vs_b_lite_ft,sface_source_to_render_cosine,D1,b_lite_ft,D1-I018,8,0.0012162379188766503,,0.0014157676005477904,-0.0020951359309011597,-0.00016712010822084178,0.001271268421141225,0.0012162379188766503,,
F4-SFACE,F4-SFACE::D1::full_vs_b_lite_ft,sface_source_to_render_cosine,D1,b_lite_ft,D1-I019,2,0.03057577985842641,,0.03167759713082682,0.03057577985842641,0.06354281432400569,0.014440940870153879,0.029364977185264818,,
F4-SFACE,F4-SFACE::D1::full_vs_b_lite_ft,sface_source_to_render_cosine,D1,b_lite_ft,D1-I020,6,-0.0027123558544060455,,-0.0027123558544060455,-0.009679004682852821,-0.004779314283270164,-0.0022366746664491677,-0.0013858077925747447,,
F4-SFACE,F4-SFACE::D1::full_vs_freeuv_conserved,sface_source_to_render_cosine,D1,freeuv_conserved,D1-I001,8,0.0070791504719192044,,0.0070791504719192044,0.007014077983589995,0.006929744979742358,0.008513680741101481,0.010085359698906837,,
F4-SFACE,F4-SFACE::D1::full_vs_freeuv_conserved,sface_source_to_render_cosine,D1,freeuv_conserved,D1-I002,8,-0.0009744558535930703,,0.00010831202719385757,-0.0009744558535930703,0.006139067692252531,-0.004260319691893555,-0.002321076639271169,,
F4-SFACE,F4-SFACE::D1::full_vs_freeuv_conserved,sface_source_to_render_cosine,D1,freeuv_conserved,D1-I003,4,0.004764429607330922,,0.004601970976003844,0.0050660091976155175,0.005073281656324702,0.004054852998865488,0.004764429607330922,,
F4-SFACE,F4-SFACE::D1::full_vs_freeuv_conserved,sface_source_to_render_cosine,D1,freeuv_conserved,D1-I004,6,0.005549996474591146,,0.007000808586123453,0.005549996474591146,0.008906652664144976,0.003891854315433596,-0.00015730747773062825,,
F4-SFACE,F4-SFACE::D1::full_vs_freeuv_conserved,sface_source_to_render_cosine,D1,freeuv_conserved,D1-I005,8,-0.005021448918233196,,-0.005021448918233196,-0.005745542835179862,-0.004960690735436424,-0.001572503028980432,-0.006416185895429777,,
F4-SFACE,F4-SFACE::D1::full_vs_freeuv_conserved,sface_source_to_render_cosine,D1,freeuv_conserved,D1-I006,8,0.007840945313248304,,0.00753563574357502,0.005562277955381639,0.011773574816248078,0.008000454664224721,0.007840945313248304,,
F4-SFACE,F4-SFACE::D1::full_vs_freeuv_conserved,sface_source_to_render_cosine,D1,freeuv_conserved,D1-I007,8,0.007822846896555102,,0.004296934785962714,0.008296920920649486,0.009748118785062099,0.007630803502845673,0.007822846896555102,,
F4-SFACE,F4-SFACE::D1::full_vs_freeuv_conserved,sface_source_to_render_cosine,D1,freeuv_conserved,D1-I008,8,0.001769405694778181,,-0.002936265880980893,-0.004749624911262407,0.001769405694778181,0.0037591048666617555,0.005413583952008527,,
F4-SFACE,F4-SFACE::D1::full_vs_freeuv_conserved,sface_source_to_render_cosine,D1,freeuv_conserved,D1-I009,4,0.00047060555329309084,,0.0028432214629782737,0.00047060555329309084,0.0008931348199447409,0.00033801001382216533,0.0003064534007227171,,
F4-SFACE,F4-SFACE::D1::full_vs_freeuv_conserved,sface_source_to_render_cosine,D1,freeuv_conserved,D1-I010,6,0.007873346069401488,,0.006429549642294419,0.007279996122420862,0.008305767369551187,0.007873346069401488,0.008406762008983937,,
F4-SFACE,F4-SFACE::D1::full_vs_freeuv_conserved,sface_source_to_render_cosine,D1,freeuv_conserved,D1-I012,4,0.0024087168899831757,,0.0023668151653877256,0.0018486066421224412,0.0024087168899831757,0.0034761297584141593,0.003249346889589555,,
F4-SFACE,F4-SFACE::D1::full_vs_freeuv_conserved,sface_source_to_render_cosine,D1,freeuv_conserved,D1-I013,4,0.00987092023208691,,0.00987092023208691,0.008160407336310072,0.010563643891464025,0.010318103297463521,0.008699963346954609,,
F4-SFACE,F4-SFACE::D1::full_vs_freeuv_conserved,sface_source_to_render_cosine,D1,freeuv_conserved,D1-I014,8,9.277300291260504e-05,,9.277300291260504e-05,0.00040850497888977877,-0.0023116563304212967,0.0030064676556783576,-0.002206462329931158,,
F4-SFACE,F4-SFACE::D1::full_vs_freeuv_conserved,sface_source_to_render_cosine,D1,freeuv_conserved,D1-I015,8,0.012896285157973641,,0.01262839686860065,0.012896285157973641,0.025562524316234764,0.007491921764176901,0.02286814816032054,,
F4-SFACE,F4-SFACE::D1::full_vs_freeuv_conserved,sface_source_to_render_cosine,D1,freeuv_conserved,D1-I016,8,0.004486947622212967,,0.004734809085135794,0.004037635796506012,0.003464617033179407,0.004729292924266215,0.004486947622212967,,
F4-SFACE,F4-SFACE::D1::full_vs_freeuv_conserved,sface_source_to_render_cosine,D1,freeuv_conserved,D1-I017,2,0.004545007097795595,,0.004545007097795595,0.00242850845040965,0.013152813445256067,0.005261540845085955,0.004461929665410647,,
F4-SFACE,F4-SFACE::D1::full_vs_freeuv_conserved,sface_source_to_render_cosine,D1,freeuv_conserved,D1-I018,8,0.000461049615734066,,0.00046103475792502735,-0.0014871369010019397,0.004949022036128348,0.0007599515705659643,0.000461049615734066,,
F4-SFACE,F4-SFACE::D1::full_vs_freeuv_conserved,sface_source_to_render_cosine,D1,freeuv_conserved,D1-I019,2,0.08336023471546014,,0.08336023471546014,0.09262448443126783,0.09299787467586967,0.06137066743983102,0.07853331545581718,,
F4-SFACE,F4-SFACE::D1::full_vs_freeuv_conserved,sface_source_to_render_cosine,D1,freeuv_conserved,D1-I020,6,-0.0039027491843118267,,-0.0045281560086945505,-0.002952928016971945,-0.0039027491843118267,-0.007097930006238651,-0.0020039638651570546,,
F4-SFACE,F4-SFACE::D2::full_vs_condition0,sface_source_to_render_cosine,D2,condition0,D2-001,12,2.6577340285494078e-05,,2.6577340285494078e-05,-0.0003124868173574602,-0.0003923889480250131,8.8858567253991e-05,0.000475807869757483,,
F4-SFACE,F4-SFACE::D2::full_vs_condition0,sface_source_to_render_cosine,D2,condition0,D2-002,12,-0.00017088197631848212,,-0.00022342023495025565,0.0006513750488568726,-0.0007288407002086772,-0.00017088197631848212,0.0005003922687171758,,
F4-SFACE,F4-SFACE::D2::full_vs_condition0,sface_source_to_render_cosine,D2,condition0,D2-003,12,3.5792722034411195e-05,,-0.0005919004823956575,-0.0007538777711178501,0.000831413509169654,0.0004406636663909502,3.5792722034411195e-05,,
F4-SFACE,F4-SFACE::D2::full_vs_condition0,sface_source_to_render_cosine,D2,condition0,D2-004,12,0.00011480248496931189,,-0.0007843288436126805,0.003015834959692265,0.00031117868373925495,-0.001248775977327643,0.00011480248496931189,,
F4-SFACE,F4-SFACE::D2::full_vs_condition0,sface_source_to_render_cosine,D2,condition0,D2-005,12,0.0001357293771774848,,0.0001357293771774848,5.030956795953889e-05,0.0021619105420933593,-4.399195377580156e-05,0.0004367937128160748,,
F4-SFACE,F4-SFACE::D2::full_vs_condition0,sface_source_to_render_cosine,D2,condition0,D2-006,12,-0.00037694888985845276,,0.00026786067315304196,-0.0012028296973994324,0.000598395096791271,-0.0004677058242892329,-0.00037694888985845276,,
F4-SFACE,F4-SFACE::D2::full_vs_condition0,sface_source_to_render_cosine,D2,condition0,D2-007,12,-0.00044673293844804673,,-0.000933170298382302,0.00043218263242067456,-0.0003654167950514764,-0.00044673293844804673,-0.0006464559240564327,,
F4-SFACE,F4-SFACE::D2::full_vs_condition0,sface_source_to_render_cosine,D2,condition0,D2-008,12,7.283615188158343e-05,,-0.000973007618668198,0.0005867676795137111,7.283615188158343e-05,-0.0006505672016708375,0.0010724378137961232,,
F4-SFACE,F4-SFACE::D2::full_vs_condition0,sface_source_to_render_cosine,D2,condition0,D2-009,12,-9.903089420171263e-07,,-9.903089420171263e-07,0.00096506217835024,-0.0009683383275345125,-0.00036513031635043713,0.0003638172971970888,,
F4-SFACE,F4-SFACE::D2::full_vs_condition0,sface_source_to_render_cosine,D2,condition0,D2-010,12,0.00034153195270875125,,0.0006337289409796831,0.00034153195270875125,0.0007067053007102642,-0.00014957630183354276,0.00012685086194991202,,
F4-SFACE,F4-SFACE::D2::full_vs_condition0,sface_source_to_render_cosine,D2,condition0,D2-011,12,0.00021330986279927133,,0.002129897096993849,0.00042602484806519847,-0.0007857807846228249,-0.0011096482780308947,0.00021330986279927133,,
F4-SFACE,F4-SFACE::D2::full_vs_condition0,sface_source_to_render_cosine,D2,condition0,D2-012,12,-0.00011597176778149754,,-0.00011597176778149754,-0.0003539424111266287,-8.501799302862434e-05,0.0003087006712977347,-0.000327215557659688,,
F4-SFACE,F4-SFACE::D2::full_vs_condition0,sface_source_to_render_cosine,D2,condition0,D2-013,12,0.000224434936055673,,-0.001150238053642949,0.000224434936055673,0.000193131817648462,0.0008942350600887883,0.0004083361397583807,,
F4-SFACE,F4-SFACE::D2::full_vs_condition0,sface_source_to_render_cosine,D2,condition0,D2-014,12,-0.00038793402326658954,,0.0001056238204133475,0.000252526387984231,-0.00038793402326658954,-0.0007012220337000996,-0.0004622190075286303,,
F4-SFACE,F4-SFACE::D2::full_vs_condition0,sface_source_to_render_cosine,D2,condition0,D2-015,12,0.0008757842129684668,,0.0003992600782183886,0.0019415027363041681,-0.0004598784896978625,0.0008757842129684668,0.0010580478040783103,,
F4-SFACE,F4-SFACE::D2::full_vs_condition0,sface_source_to_render_cosine,D2,condition0,D2-016,12,-0.00019258293029117413,,-0.00043445670930220004,0.0008908708993962122,-0.0004767110975631428,0.00016767655503424628,-0.00019258293029117413,,
F4-SFACE,F4-SFACE::D2::full_vs_condition0,sface_source_to_render_cosine,D2,condition0,D2-017,12,0.000864382474168035,,-0.0015771022106353394,0.00043483188654247495,0.000864382474168035,0.0011977875734465182,0.001498447897109234,,
F4-SFACE,F4-SFACE::D2::full_vs_condition0,sface_source_to_render_cosine,D2,condition0,D2-018,12,2.4089170525820602e-05,,-0.001376011629644014,0.0021085983627746607,-0.0008079710216839509,0.00044058545892688983,2.4089170525820602e-05,,
F4-SFACE,F4-SFACE::D2::full_vs_condition0,sface_source_to_render_cosine,D2,condition0,D2-019,12,8.889996533162359e-05,,-0.0007222622756027364,8.889996533162359e-05,0.0003004639746697624,0.0005553228148996725,8.824030821807938e-05,,
F4-SFACE,F4-SFACE::D2::full_vs_condition0,sface_source_to_render_cosine,D2,condition0,D2-020,12,-7.369845678267817e-05,,-0.0003378571953632781,-0.0027764711730027813,0.00017885903281594784,0.00010428707613302501,-7.369845678267817e-05,,
F4-SFACE,F4-SFACE::D2::full_vs_condition0,sface_source_to_render_cosine,D2,condition0,D2-021,12,0.00022666614538646712,,0.00023753442550111803,-7.232348292246504e-05,-0.0006313921009041268,0.000261022481242712,0.00022666614538646712,,
F4-SFACE,F4-SFACE::D2::full_vs_condition0,sface_source_to_render_cosine,D2,condition0,D2-022,12,0.00029517137355755674,,0.0008629717908045231,0.00079207077150939,-0.0008265658198332582,2.079119457798484e-05,0.00029517137355755674,,
F4-SFACE,F4-SFACE::D2::full_vs_condition0,sface_source_to_render_cosine,D2,condition0,D2-023,12,0.00024342760264400853,,-0.0003893899408625723,0.00024342760264400853,0.002362718354602722,-0.0003165351313027531,0.000296314178558188,,
F4-SFACE,F4-SFACE::D2::full_vs_condition0,sface_source_to_render_cosine,D2,condition0,D2-024,12,0.00043198797181581705,,0.00043198797181581705,0.0005772801885867707,-3.425442966742409e-05,-0.00013034285917423727,0.0004463411184872368,,
F4-SFACE,F4-SFACE::D2::full_vs_condition0,sface_source_to_render_cosine,D2,condition0,D2-025,12,0.00027676837401885424,,-0.0002158599789471305,-0.0005803868887294117,0.0019133570800842215,0.00027676837401885424,0.0004197452810181246,,
F4-SFACE,F4-SFACE::D2::full_vs_condition0,sface_source_to_render_cosine,D2,condition0,D2-026,12,-1.2964960104777656e-05,,-0.0011252538857948191,0.00019600098519523268,-1.2964960104777656e-05,0.0007763349234728989,-0.0008257621941364923,,
F4-SFACE,F4-SFACE::D2::full_vs_condition0,sface_source_to_render_cosine,D2,condition0,D2-027,12,-0.00023436682016070298,,0.00045787952038700563,0.0005124967529189783,-0.0005917242337965534,-0.00023436682016070298,-0.0004610135890328326,,
F4-SFACE,F4-SFACE::D2::full_vs_condition0,sface_source_to_render_cosine,D2,condition0,D2-028,12,-0.0002756134567188373,,0.0010474817175008533,-0.0007496724133894128,-0.0005025287438843451,-0.0002756134567188373,6.632043433890678e-05,,
F4-SFACE,F4-SFACE::D2::full_vs_condition0,sface_source_to_render_cosine,D2,condition0,D2-029,12,0.00027651503413911316,,0.00027651503413911316,0.0004544790387847053,-0.0002765919635895342,0.0008397308289795347,-0.0005694898052308606,,
F4-SFACE,F4-SFACE::D2::full_vs_condition0,sface_source_to_render_cosine,D2,condition0,D2-030,12,0.000305422765443486,,0.0009619282354589864,0.000632839269168517,-0.0009527090582407971,0.000305422765443486,-6.530448865277316e-05,,
F4-SFACE,F4-SFACE::D2::full_vs_condition0,sface_source_to_render_cosine,D2,condition0,D2-031,12,0.0002995576742295114,,-0.0005303362895420216,0.0006295277397424526,0.001867849911588726,0.000278304875585611,0.0002995576742295114,,
F4-SFACE,F4-SFACE::D2::full_vs_condition0,sface_source_to_render_cosine,D2,condition0,D2-032,12,0.0008459035355695699,,-0.0006498419021548352,0.001587168880652079,0.0009115864760627646,0.0007193471472376478,0.0008459035355695699,,
F4-SFACE,F4-SFACE::D2::full_vs_condition0,sface_source_to_render_cosine,D2,condition0,D2-033,12,0.0007503090936207268,,0.0002573112513620801,0.0007503090936207268,0.0009479595854099965,0.0008083194283299844,-0.000612316421635728,,
F4-SFACE,F4-SFACE::D2::full_vs_condition0,sface_source_to_render_cosine,D2,condition0,D2-034,12,0.0004180864910620641,,0.0011959969912242463,-0.0006164274816348736,0.0005807484299785726,-0.0012916397182809458,0.0004180864910620641,,
F4-SFACE,F4-SFACE::D2::full_vs_condition0,sface_source_to_render_cosine,D2,condition0,D2-035,12,-0.00011067825839305989,,0.00026419405791772155,0.00046582553710861063,-0.00020310127441836023,-0.00011067825839305989,-0.00020533159391306066,,
F4-SFACE,F4-SFACE::D2::full_vs_condition0,sface_source_to_render_cosine,D2,condition0,D2-036,12,0.0004798829897249557,,-0.0008435552240977362,0.0004798829897249557,0.0004739422952061978,0.00083881346509318,0.0006438960243124736,,
F4-SFACE,F4-SFACE::D2::full_vs_condition0,sface_source_to_render_cosine,D2,condition0,D2-037,12,-0.0007132476461172432,,-0.0007132476461172432,-0.00018381896184771485,-0.0009409507107523973,-0.0012107529910879156,0.0003995253007453292,,
F4-SFACE,F4-SFACE::D2::full_vs_condition0,sface_source_to_render_cosine,D2,condition0,D2-038,12,-0.00019280464911597406,,-0.00027214061377578425,0.001421079175784823,-0.0005196743467108522,9.018803628224603e-05,-0.00019280464911597406,,
F4-SFACE,F4-SFACE::D2::full_vs_condition0,sface_source_to_render_cosine,D2,condition0,D2-039,12,0.0004921035124939577,,0.0002488269007249744,0.0011152821196991902,0.0005631372565080284,-0.00020607171142461578,0.0004921035124939577,,
F4-SFACE,F4-SFACE::D2::full_vs_condition0,sface_source_to_render_cosine,D2,condition0,D2-040,12,8.763096319719388e-05,,-0.0005542907693465438,-0.0007175382752749315,0.001219473527586501,0.00035677871004230477,8.763096319719388e-05,,
F4-SFACE,F4-SFACE::D2::full_vs_condition0,sface_source_to_render_cosine,D2,condition0,D2-041,12,0.0005561286945818256,,-0.0004982652892637218,0.0005561286945818256,0.0006644757743933805,0.0003061016204044531,0.0006013595802335514,,
F4-SFACE,F4-SFACE::D2::full_vs_condition0,sface_source_to_render_cosine,D2,condition0,D2-042,12,1.2249646467565878e-05,,-0.0026987497220096746,0.00146635937148476,1.2249646467565878e-05,-0.00015323392283894677,0.0007194772654283699,,
F4-SFACE,F4-SFACE::D2::full_vs_condition0,sface_source_to_render_cosine,D2,condition0,D2-043,12,0.0008960751414416324,,0.0019903473815349737,0.0009257279434696786,0.0005347730466617184,0.0008960751414416324,0.0005331765554908441,,
F4-SFACE,F4-SFACE::D2::full_vs_condition0,sface_source_to_render_cosine,D2,condition0,D2-044,12,-0.0001490815328559214,,-0.0001490815328559214,-5.049520974287347e-05,0.0001099234949203387,-0.0005051436085436456,-0.0003720680012541111,,
F4-SFACE,F4-SFACE::D2::full_vs_condition0,sface_source_to_render_cosine,D2,condition0,D2-045,12,-0.0008427461401216974,,-0.00047381167637011723,-0.001635456684663028,-0.0014081547817525464,0.0002882378748816361,-0.0008427461401216974,,
F4-SFACE,F4-SFACE::D2::full_vs_condition0,sface_source_to_render_cosine,D2,condition0,D2-046,12,0.00031307522402246324,,0.0004470583252103588,-0.00019425255718535928,-2.0328555968007755e-06,0.00031307522402246324,0.0004009899685145091,,
F4-SFACE,F4-SFACE::D2::full_vs_condition0,sface_source_to_render_cosine,D2,condition0,D2-047,12,0.0003409988105706474,,0.0003409988105706474,0.0005120989412880084,-0.00035064351236330227,-0.0010324009448646754,0.00035000271047147535,,
F4-SFACE,F4-SFACE::D2::full_vs_condition0,sface_source_to_render_cosine,D2,condition0,D2-048,12,-0.0001830368306658947,,-0.0001830368306658947,-0.00043417010311574966,0.0010246649001057206,-0.001150218609270226,0.00018825432769453698,,
F4-SFACE,F4-SFACE::D2::full_vs_condition0,sface_source_to_render_cosine,D2,condition0,D2-049,12,3.442328660074878e-05,,-0.001324028703228286,0.0003122194261743205,0.0007487661634909548,-0.0014594189811690805,3.442328660074878e-05,,
F4-SFACE,F4-SFACE::D2::full_vs_condition0,sface_source_to_render_cosine,D2,condition0,D2-050,12,-5.799269971046295e-05,,-5.799269971046295e-05,0.00010891277587454784,-0.00022100723853041293,0.00035781761901049203,-0.00022373823427784822,,
F4-SFACE,F4-SFACE::D2::full_vs_condition0,sface_source_to_render_cosine,D2,condition0,D2-051,12,9.318942826830323e-05,,0.0003638835514979122,9.318942826830323e-05,-0.0005881722377181764,9.67286962083036e-05,-0.00017745995159124117,,
F4-SFACE,F4-SFACE::D2::full_vs_condition0,sface_source_to_render_cosine,D2,condition0,D2-052,12,-0.00044346349379875694,,-0.00044346349379875694,-0.0006708518600840874,-0.0004729182747337246,0.0007016578268758678,0.001118255970569082,,
F4-SFACE,F4-SFACE::D2::full_vs_condition0,sface_source_to_render_cosine,D2,condition0,D2-053,12,0.00038389406171968066,,0.00038389406171968066,-0.0007592034599489539,0.0007096080626656787,-0.0003093783349182866,0.0015427691236810093,,
F4-SFACE,F4-SFACE::D2::full_vs_condition0,sface_source_to_render_cosine,D2,condition0,D2-054,12,0.00047697451252431966,,0.00047697451252431966,-0.0002534452483827221,0.0008536313696284603,-0.0004985730797550381,0.0006901982443640042,,
F4-SFACE,F4-SFACE::D2::full_vs_condition0,sface_source_to_render_cosine,D2,condition0,D2-055,12,-2.240977939882427e-07,,0.00043217867413297695,0.000115283441762426,-0.00027317368514923057,-0.0003894528876817738,-2.240977939882427e-07,,
F4-SFACE,F4-SFACE::D2::full_vs_condition0,sface_source_to_render_cosine,D2,condition0,D2-056,12,0.0003771679409134143,,0.0003771679409134143,-0.001609795239717382,0.0008837258778368051,0.0024466334686092384,-0.0002221237262525766,,
F4-SFACE,F4-SFACE::D2::full_vs_condition0,sface_source_to_render_cosine,D2,condition0,D2-057,12,0.0002481466128802512,,0.0006805009531008488,0.0002481466128802512,0.0011333777784255927,-0.00035941548356721587,-0.0002815683267338165,,
F4-SFACE,F4-SFACE::D2::full_vs_condition0,sface_source_to_render_cosine,D2,condition0,D2-058,12,0.00027056746965320455,,0.0005237107106153549,0.0015699252549556952,-0.0023255452329827286,-0.00019885994907353766,0.00027056746965320455,,
F4-SFACE,F4-SFACE::D2::full_vs_condition0,sface_source_to_render_cosine,D2,condition0,D2-059,12,0.00036384017052543127,,0.0008339201647787897,0.00036384017052543127,0.001375495677579941,-0.00029476418507623503,-0.0003838707032303157,,
F4-SFACE,F4-SFACE::D2::full_vs_condition0,sface_source_to_render_cosine,D2,condition0,D2-060,12,0.00036569065402858314,,0.0012438603543774018,0.00036569065402858314,0.0008447445002240928,0.00033221125163623855,-0.00031040345473598574,,
F4-SFACE,F4-SFACE::D2::full_vs_condition0,sface_source_to_render_cosine,D2,condition0,D2-061,12,0.0006389371654909604,,-0.0006514947925936321,-0.0009996298586939512,0.0017442230475431253,0.0006389371654909604,0.0014816177873511749,,
F4-SFACE,F4-SFACE::D2::full_vs_condition0,sface_source_to_render_cosine,D2,condition0,D2-062,12,-8.281368146012547e-05,,-0.00016015036699534857,0.00045036177403390276,-0.0017429487359050255,-8.281368146012547e-05,0.0005166566993763388,,
F4-SFACE,F4-SFACE::D2::full_vs_condition0,sface_source_to_render_cosine,D2,condition0,D2-063,12,-0.0001745077693761643,,0.0002717191137021624,8.712528210719217e-05,-0.0001745077693761643,-0.0010498601965114873,-0.0009271671763199651,,
F4-SFACE,F4-SFACE::D2::full_vs_condition0,sface_source_to_render_cosine,D2,condition0,D2-064,12,-2.8905336973195084e-05,,0.00023423193238930606,-0.0001663253794184083,-2.8905336973195084e-05,0.00014845283359304906,-0.0012060675059434867,,
F4-SFACE,F4-SFACE::D2::full_vs_condition0,sface_source_to_render_cosine,D2,condition0,D2-065,12,-0.00045711023238198534,,0.0005302095806080098,-0.0012318307491759328,-0.00045711023238198534,-0.0007265656218688465,-7.832220354231367e-05,,
F4-SFACE,F4-SFACE::D2::full_vs_condition0,sface_source_to_render_cosine,D2,condition0,D2-066,12,-0.0003701812181429176,,-0.0003701812181429176,-0.0006413225119571986,0.00010783338630443451,-0.0010363566911802957,0.00025667669251810965,,
F4-SFACE,F4-SFACE::D2::full_vs_condition0,sface_source_to_render_cosine,D2,condition0,D2-067,12,0.00014274914381828818,,0.0006072181870179771,-0.0007254987358155107,0.00014274914381828818,-0.00036012945873553637,0.0006601977905221768,,
F4-SFACE,F4-SFACE::D2::full_vs_condition0,sface_source_to_render_cosine,D2,condition0,D2-068,12,-3.504046808266992e-08,,-0.0002741118482834093,-0.0003249648341355771,0.00087601430663381,0.0007542282079634477,-3.504046808266992e-08,,
F4-SFACE,F4-SFACE::D2::full_vs_condition0,sface_source_to_render_cosine,D2,condition0,D2-069,12,-0.0003281222413734075,,-0.0003281222413734075,-0.0010363006319293877,0.0009406095102784673,0.00012809944228148185,-0.00044623141820177015,,
F4-SFACE,F4-SFACE::D2::full_vs_condition0,sface_source_to_render_cosine,D2,condition0,D2-070,12,-5.019451644144857e-05,,-0.0002961366493305917,0.00025715389566283164,-0.0006585622200803165,-5.019451644144857e-05,0.0006922083554145586,,
F4-SFACE,F4-SFACE::D2::full_vs_condition0,sface_source_to_render_cosine,D2,condition0,D2-071,12,0.00046504692742854736,,0.0002905218305649382,0.0009828954091848363,0.0003227715647649565,0.00046504692742854736,0.0007299317380592418,,
F4-SFACE,F4-SFACE::D2::full_vs_condition0,sface_source_to_render_cosine,D2,condition0,D2-072,12,-0.0002382159732849387,,0.0006034676461891264,0.0003677015018023755,-0.0004386227777197771,-0.0007599009778720411,-0.0002382159732849387,,
F4-SFACE,F4-SFACE::D2::full_vs_condition0,sface_source_to_render_cosine,D2,condition0,D2-073,12,-7.398703979927257e-05,,0.0010665206413044137,0.00034128678904421506,-0.000273732357586709,-7.398703979927257e-05,-0.00010004569034055555,,
F4-SFACE,F4-SFACE::D2::full_vs_condition0,sface_source_to_render_cosine,D2,condition0,D2-074,12,-0.00016066008800313947,,-0.0009134111081480767,0.0005105896591097725,0.001270763833359223,-0.00022410310401760336,-0.00016066008800313947,,
F4-SFACE,F4-SFACE::D2::full_vs_condition0,sface_source_to_render_cosine,D2,condition0,D2-075,12,0.0002787258254847158,,-0.0010244767832718882,0.00047142238999936525,0.0006405615977456147,-0.0002487923759994515,0.0002787258254847158,,
F4-SFACE,F4-SFACE::D2::full_vs_condition0,sface_source_to_render_cosine,D2,condition0,D2-076,12,-0.00018020325503792511,,-0.00031282082499473063,0.0006729307397237427,-0.00018020325503792511,0.0006931714733134364,-0.0009256180436232886,,
F4-SFACE,F4-SFACE::D2::full_vs_condition0,sface_source_to_render_cosine,D2,condition0,D2-077,12,-0.00048682717655007535,,-0.00048682717655007535,-0.0005330456327943822,-0.0016195372994935453,0.0018766219077654966,0.0003681281734921882,,
F4-SFACE,F4-SFACE::D2::full_vs_condition0,sface_source_to_render_cosine,D2,condition0,D2-078,12,0.00030316908841343526,,0.00030316908841343526,0.0013707761889050762,-0.0006654664236782626,-0.0012777490462531071,0.0009843944493059809,,
F4-SFACE,F4-SFACE::D2::full_vs_condition0,sface_source_to_render_cosine,D2,condition0,D2-079,12,-0.00034044684071743436,,-0.0014441617283458275,0.0002950827812122081,-0.00034044684071743436,-0.0006956404366565416,0.0006675530649011829,,
F4-SFACE,F4-SFACE::D2::full_vs_condition0,sface_source_to_render_cosine,D2,condition0,D2-080,12,-0.00015096740648434803,,-0.00015096740648434803,0.00020946882429484504,-0.00022066230543027476,0.0008436750983267238,-0.00156609107239003,,
F4-SFACE,F4-SFACE::D2::full_vs_condition0,sface_source_to_render_cosine,D2,condition0,D2-081,12,0.0005970479203947776,,0.0012103460135098887,0.0005970479203947776,0.0002480714683849028,0.0011217932119577112,0.0001987331415209126,,
F4-SFACE,F4-SFACE::D2::full_vs_condition0,sface_source_to_render_cosine,D2,condition0,D2-082,12,4.876415011001445e-05,,0.0002415692584251672,4.876415011001445e-05,0.0005556415282983451,-0.00025500455975657754,-0.0002486244944232552,,
F4-SFACE,F4-SFACE::D2::full_vs_condition0,sface_source_to_render_cosine,D2,condition0,D2-083,12,0.00014781829976540095,,0.00014781829976540095,0.0004156533675969687,-0.0003444360715699757,0.0004020645684576496,-0.0014372772264795164,,
F4-SFACE,F4-SFACE::D2::full_vs_condition0,sface_source_to_render_cosine,D2,condition0,D2-084,12,-0.0001159704429057884,,0.0004039580642228868,-0.0010406004976364902,-0.0001159704429057884,-0.0002512809600374588,6.425980901048067e-05,,
F4-SFACE,F4-SFACE::D2::full_vs_condition0,sface_source_to_render_cosine,D2,condition0,D2-085,12,2.6576112008125374e-05,,0.0002980241654541582,-9.94404032721441e-05,-0.0008485194745908031,3.7350301991700974e-05,2.6576112008125374e-05,,
F4-SFACE,F4-SFACE::D2::full_vs_condition0,sface_source_to_render_cosine,D2,condition0,D2-086,12,3.4703784110301505e-06,,-0.0008052293748996853,-0.0006236330665633782,4.7977450299829805e-05,3.4703784110301505e-06,0.00032596301851955944,,
F4-SFACE,F4-SFACE::D2::full_vs_condition0,sface_source_to_render_cosine,D2,condition0,D2-087,12,7.143817780663753e-06,,-0.00021605967293714112,0.0005059626874055478,-0.00014673825673072738,0.0005283659922478146,7.143817780663753e-06,,
F4-SFACE,F4-SFACE::D2::full_vs_condition0,sface_source_to_render_cosine,D2,condition0,D2-088,12,0.00017744784425333116,,-0.0006312662650102552,0.0004504233108494349,0.00017744784425333116,-0.000521390997696991,0.0002955155826521172,,
F4-SFACE,F4-SFACE::D2::full_vs_condition0,sface_source_to_render_cosine,D2,condition0,D2-089,12,-0.0012705466538867616,,0.001029761161413234,0.0012173011112596166,-0.0012705466538867616,-0.0015226714521741624,-0.0017043364828657759,,
F4-SFACE,F4-SFACE::D2::full_vs_condition0,sface_source_to_render_cosine,D2,condition0,D2-090,12,0.0002207868465524121,,0.0007665935011226255,0.0008768982838989747,-0.00025223796737855464,-1.055166615526737e-06,0.0002207868465524121,,
F4-SFACE,F4-SFACE::D2::full_vs_condition0,sface_source_to_render_cosine,D2,condition0,D2-091,12,0.0005519820426134192,,0.0005144087013250198,0.001046876163459498,0.0024654738625110584,0.0005519820426134192,-0.000668299139584938,,
F4-SFACE,F4-SFACE::D2::full_vs_condition0,sface_source_to_render_cosine,D2,condition0,D2-092,12,0.0002010537098535714,,0.0002010537098535714,0.0005060565123509719,-0.000650861868006114,2.9583877879491016e-05,0.0008882721095508916,,
F4-SFACE,F4-SFACE::D2::full_vs_condition0,sface_source_to_render_cosine,D2,condition0,D2-093,12,-0.00043223071604325813,,-0.0015314455297782414,-0.0006147647478953466,-2.4948638601363093e-05,6.157122219518918e-05,-0.00043223071604325813,,
F4-SFACE,F4-SFACE::D2::full_vs_condition0,sface_source_to_render_cosine,D2,condition0,D2-094,12,-0.0004584302164782339,,-0.0007131583513330098,-0.0008786137004180294,-0.0004584302164782339,-0.00015138275008996782,0.0013575677005724929,,
F4-SFACE,F4-SFACE::D2::full_vs_condition0,sface_source_to_render_cosine,D2,condition0,D2-095,12,0.00011979053970900821,,-0.0037480524229031587,0.00011979053970900821,0.0042939567307192505,-0.0020393288466256654,0.0010607331266516695,,
F4-SFACE,F4-SFACE::D2::full_vs_condition0,sface_source_to_render_cosine,D2,condition0,D2-096,12,8.837881872225672e-06,,8.837881872225672e-06,-8.752337913353614e-05,0.00020813012046427826,0.00019765259993437256,-6.736908657017926e-05,,
F4-SFACE,F4-SFACE::D2::full_vs_condition0,sface_source_to_render_cosine,D2,condition0,D2-097,12,-0.00043113998164406864,,-0.00043113998164406864,-0.0005379151773258206,0.00019928161636922903,0.0016705850695812874,-0.0009800570909597739,,
F4-SFACE,F4-SFACE::D2::full_vs_condition0,sface_source_to_render_cosine,D2,condition0,D2-098,12,-0.0008359480754295268,,0.00021814866436586922,-0.0008359480754295268,0.0005654746187659931,-0.0017243539926802276,-0.0011853841351484595,,
F4-SFACE,F4-SFACE::D2::full_vs_condition0,sface_source_to_render_cosine,D2,condition0,D2-099,12,-0.00013093202902697554,,0.0004894653116798153,-0.0003422913935530736,-0.00013093202902697554,-0.00016224445777823782,2.743482953782017e-05,,
F4-SFACE,F4-SFACE::D2::full_vs_condition0,sface_source_to_render_cosine,D2,condition0,D2-100,12,-0.0003778171116620155,,0.0003201061309535125,-0.0003778171116620155,-0.0005919706181538587,-0.00041243334808427345,4.211565250850091e-05,,
F4-SFACE,F4-SFACE::D2::full_vs_b_lite_ft,sface_source_to_render_cosine,D2,b_lite_ft,D2-001,12,0.0013663477102309751,,0.0004721909452214401,0.001577518214739948,0.0017280756729387559,0.0011153166383278679,0.0013663477102309751,,
F4-SFACE,F4-SFACE::D2::full_vs_b_lite_ft,sface_source_to_render_cosine,D2,b_lite_ft,D2-002,12,-0.001276973995898878,,-0.001662405307335857,-0.0007428043406998985,-0.001276973995898878,-0.0013172270699843835,0.0006457996763663543,,
F4-SFACE,F4-SFACE::D2::full_vs_b_lite_ft,sface_source_to_render_cosine,D2,b_lite_ft,D2-003,12,-0.0004523312673961333,,-0.0004523312673961333,-0.000640192669580153,0.0014429113519382475,0.0004622469131951301,-0.0007886338202789944,,
F4-SFACE,F4-SFACE::D2::full_vs_b_lite_ft,sface_source_to_render_cosine,D2,b_lite_ft,D2-004,12,0.0006375046393024553,,0.0006375046393024553,0.0007389472328381275,0.0016730041261528439,-0.0006830867246535033,-0.0006605207563127324,,
F4-SFACE,F4-SFACE::D2::full_vs_b_lite_ft,sface_source_to_render_cosine,D2,b_lite_ft,D2-005,12,-0.00023791762935931882,,0.0004943116677872395,-0.00023791762935931882,-0.00026347840438506465,-0.00040255169057007434,0.0015501188087732598,,
F4-SFACE,F4-SFACE::D2::full_vs_b_lite_ft,sface_source_to_render_cosine,D2,b_lite_ft,D2-006,12,0.0011744737577086828,,0.0005742082208934907,0.00033772614501886844,0.0015672426008978002,0.0011744737577086828,0.0012012527654353122,,
F4-SFACE,F4-SFACE::D2::full_vs_b_lite_ft,sface_source_to_render_cosine,D2,b_lite_ft,D2-007,12,-0.0001622777647379836,,-0.0007773653911012368,0.00013841327472713383,-0.00034653742110202224,-0.0001622777647379836,-9.427662311323193e-05,,
F4-SFACE,F4-SFACE::D2::full_vs_b_lite_ft,sface_source_to_render_cosine,D2,b_lite_ft,D2-008,12,-0.0003603650217917642,,-0.0006499746366750991,-0.000791111414796819,0.001583331238033614,0.0014060232516934223,-0.0003603650217917642,,
F4-SFACE,F4-SFACE::D2::full_vs_b_lite_ft,sface_source_to_render_cosine,D2,b_lite_ft,D2-009,12,-2.845267065287871e-07,,-0.0003285070454538963,0.00022676152844658404,-0.0014222848936548682,-2.845267065287871e-07,0.0002124441747546335,,
F4-SFACE,F4-SFACE::D2::full_vs_b_lite_ft,sface_source_to_render_cosine,D2,b_lite_ft,D2-010,12,-0.0021458921941490128,,-0.0021277465917407534,-0.0024175892326420145,-0.002480965842149796,-0.001261523722423441,-0.0021458921941490128,,
F4-SFACE,F4-SFACE::D2::full_vs_b_lite_ft,sface_source_to_render_cosine,D2,b_lite_ft,D2-011,12,0.0008435316007234239,,0.0008943349186613658,0.001900136635153038,-0.00048133504115638326,-0.0002842236962532496,0.0008435316007234239,,
F4-SFACE,F4-SFACE::D2::full_vs_b_lite_ft,sface_source_to_render_cosine,D2,b_lite_ft,D2-012,12,-0.00033215831807936747,,-0.00033215831807936747,-0.0005113292844768913,-0.0002772398125023279,0.0013593856057725895,-0.0005236273689486204,,
F4-SFACE,F4-SFACE::D2::full_vs_b_lite_ft,sface_source_to_render_cosine,D2,b_lite_ft,D2-013,12,0.00014973589146932698,,7.594688787965209e-05,0.00014973589146932698,0.002409569910368059,0.0013403171686311444,0.0001234351660771016,,
F4-SFACE,F4-SFACE::D2::full_vs_b_lite_ft,sface_source_to_render_cosine,D2,b_lite_ft,D2-014,12,-2.210663601170948e-05,,-0.00012804399260285537,-2.210663601170948e-05,0.0005451396174984136,-0.00024425959285945265,0.0006346471070403092,,
F4-SFACE,F4-SFACE::D2::full_vs_b_lite_ft,sface_source_to_render_cosine,D2,b_lite_ft,D2-015,12,0.0022913352811544385,,0.0027525079412361597,0.003007700654332479,0.0022913352811544385,0.0016348940431114012,0.001874427652199362,,
F4-SFACE,F4-SFACE::D2::full_vs_b_lite_ft,sface_source_to_render_cosine,D2,b_lite_ft,D2-016,12,-0.0001858029512999404,,-0.0006348126618784811,-0.0001858029512999404,-0.0010894894403644662,-0.00011182258743613893,0.001402368651491015,,
F4-SFACE,F4-SFACE::D2::full_vs_b_lite_ft,sface_source_to_render_cosine,D2,b_lite_ft,D2-017,12,0.0013077192552168326,,0.001160276476528832,0.0013077192552168326,0.0035779966342239233,0.0022855466955397086,0.001179791135170194,,
F4-SFACE,F4-SFACE::D2::full_vs_b_lite_ft,sface_source_to_render_cosine,D2,b_lite_ft,D2-018,12,0.00101819149426996,,-0.00024103376404460697,0.0016606825613666998,0.00101819149426996,0.0009959440223497595,0.002003469437005634,,
F4-SFACE,F4-SFACE::D2::full_vs_b_lite_ft,sface_source_to_render_cosine,D2,b_lite_ft,D2-019,12,-0.00016509969631151034,,-0.0005535867619579915,0.00029514680213549305,0.0008272102455968988,-0.00016509969631151034,-0.0006156438252551966,,
F4-SFACE,F4-SFACE::D2::full_vs_b_lite_ft,sface_source_to_render_cosine,D2,b_lite_ft,D2-020,12,-0.0034460502757070466,,-0.002497389606421152,-0.0034460502757070466,-0.002912463930268616,-0.00388252059907801,-0.004519134271139813,,
F4-SFACE,F4-SFACE::D2::full_vs_b_lite_ft,sface_source_to_render_cosine,D2,b_lite_ft,D2-021,12,0.0012405765659850854,,0.0023214133372377876,0.001012817699835189,0.0007777669600947945,0.0012405765659850854,0.0014785707277529814,,
F4-SFACE,F4-SFACE::D2::full_vs_b_lite_ft,sface_source_to_render_cosine,D2,b_lite_ft,D2-022,12,-0.00034606859627123177,,-0.0002389128087354475,0.00037801399530840163,-0.0008030594906831556,-0.0010518360735154997,-0.00034606859627123177,,
F4-SFACE,F4-SFACE::D2::full_vs_b_lite_ft,sface_source_to_render_cosine,D2,b_lite_ft,D2-023,12,0.0006671471748320168,,0.0005428343044672768,-0.0007351915125364816,0.0006671471748320168,0.0016121519600835743,0.0012576403740138797,,
F4-SFACE,F4-SFACE::D2::full_vs_b_lite_ft,sface_source_to_render_cosine,D2,b_lite_ft,D2-024,12,-0.00011717608119543588,,-2.318559961705935e-05,0.00015066835516758248,-0.00011717608119543588,-0.0011044638030303644,-0.0018652320067185646,,
F4-SFACE,F4-SFACE::D2::full_vs_b_lite_ft,sface_source_to_render_cosine,D2,b_lite_ft,D2-025,12,0.0011731355625262396,,2.1163445788285884e-05,0.0011729457432024248,0.0025667396450985702,0.001894441712661954,0.0011731355625262396,,
F4-SFACE,F4-SFACE::D2::full_vs_b_lite_ft,sface_source_to_render_cosine,D2,b_lite_ft,D2-026,12,-1.2803191030308358e-05,,-0.0009963557203782614,0.0003986837507576335,-0.0006991039149013556,-1.2803191030308358e-05,0.0003033844384430773,,
F4-SFACE,F4-SFACE::D2::full_vs_b_lite_ft,sface_source_to_render_cosine,D2,b_lite_ft,D2-027,12,0.000411394277062882,,0.0007578041887685294,0.0011345195949080678,0.000411394277062882,0.00035973484813461853,9.112750884654464e-05,,
F4-SFACE,F4-SFACE::D2::full_vs_b_lite_ft,sface_source_to_render_cosine,D2,b_lite_ft,D2-028,12,0.00017288794424102916,,0.00017288794424102916,0.00024156811151337942,-0.00024606251286496406,0.00014296244681849535,0.0003095173284746733,,
F4-SFACE,F4-SFACE::D2::full_vs_b_lite_ft,sface_source_to_render_cosine,D2,b_lite_ft,D2-029,12,0.000776844413744926,,0.0009711717161789424,0.00030118249229088567,0.000776844413744926,0.0011988523997715772,-0.0013007458279970519,,
F4-SFACE,F4-SFACE::D2::full_vs_b_lite_ft,sface_source_to_render_cosine,D2,b_lite_ft,D2-030,12,-0.0019069248055325616,,-0.0006520731646011413,-0.0021906124992356335,-0.002272050307651541,-0.0017788325261787197,-0.0019069248055325616,,
F4-SFACE,F4-SFACE::D2::full_vs_b_lite_ft,sface_source_to_render_cosine,D2,b_lite_ft,D2-031,12,-0.0003880617680157017,,-0.001033229025948268,-0.0003880617680157017,0.0006171595494299242,0.0014115935071321029,-0.0012721628672286989,,
F4-SFACE,F4-SFACE::D2::full_vs_b_lite_ft,sface_source_to_render_cosine,D2,b_lite_ft,D2-032,12,-0.0012462080703669054,,-0.0012462080703669054,-0.0006401980218439518,-0.002130562645080214,-0.000542620607139277,-0.0014650946555284095,,
F4-SFACE,F4-SFACE::D2::full_vs_b_lite_ft,sface_source_to_render_cosine,D2,b_lite_ft,D2-033,12,3.313901700385813e-05,,-0.001003249949124596,0.000335690107987785,0.0013542761023575545,3.313901700385813e-05,-0.0012015182419955472,,
F4-SFACE,F4-SFACE::D2::full_vs_b_lite_ft,sface_source_to_render_cosine,D2,b_lite_ft,D2-034,12,-0.001115623638932417,,3.335447702984551e-05,-0.001115623638932417,-0.0014778454888053627,-0.0021171654665187445,-0.0009688353841186825,,
F4-SFACE,F4-SFACE::D2::full_vs_b_lite_ft,sface_source_to_render_cosine,D2,b_lite_ft,D2-035,12,-0.0008598231423547209,,0.0003227793279053093,0.00014249729328380534,-0.0009928682073468975,-0.0011748910295458215,-0.0008598231423547209,,
F4-SFACE,F4-SFACE::D2::full_vs_b_lite_ft,sface_source_to_render_cosine,D2,b_lite_ft,D2-036,12,0.0005762811184532035,,-0.0003654531921933324,0.0002277526658269191,0.0005762811184532035,0.0008207868191974499,0.0009381852160412207,,
F4-SFACE,F4-SFACE::D2::full_vs_b_lite_ft,sface_source_to_render_cosine,D2,b_lite_ft,D2-037,12,0.001167113561900579,,0.001167113561900579,0.0019154508319382257,0.00037947119481901437,0.00035114183641926644,0.0016149779378102913,,
F4-SFACE,F4-SFACE::D2::full_vs_b_lite_ft,sface_source_to_render_cosine,D2,b_lite_ft,D2-038,12,0.0010352854545996326,,-0.0007559042105330649,0.0024202321173696917,-4.1394509668335466e-05,0.0010352854545996326,0.0016033417155631446,,
F4-SFACE,F4-SFACE::D2::full_vs_b_lite_ft,sface_source_to_render_cosine,D2,b_lite_ft,D2-039,12,0.0014772833317922007,,0.001694747643094907,0.001947513288507563,0.0014772833317922007,-0.0001893170065269123,-0.00035179624486386674,,
F4-SFACE,F4-SFACE::D2::full_vs_b_lite_ft,sface_source_to_render_cosine,D2,b_lite_ft,D2-040,12,-0.000823788978100537,,-0.0013525926483915485,-0.000823788978100537,-0.0004637850667630894,-0.0010934712547293612,0.0003416079243446779,,
F4-SFACE,F4-SFACE::D2::full_vs_b_lite_ft,sface_source_to_render_cosine,D2,b_lite_ft,D2-041,12,0.0007131807183893835,,0.0009338353527856835,0.0011724475855544592,0.0002894798892537076,0.0007131807183893835,0.0006405496448484427,,
F4-SFACE,F4-SFACE::D2::full_vs_b_lite_ft,sface_source_to_render_cosine,D2,b_lite_ft,D2-042,12,-0.0013024872133955423,,-0.0017947682650065744,-0.0013024872133955423,-0.0015653396386451357,-0.0007276105070885275,4.851255755927708e-05,,
F4-SFACE,F4-SFACE::D2::full_vs_b_lite_ft,sface_source_to_render_cosine,D2,b_lite_ft,D2-043,12,0.002022330496258662,,0.002022330496258662,0.0030246759669703693,0.0007042560194826519,0.0030568604529774834,0.0016919128086871904,,
F4-SFACE,F4-SFACE::D2::full_vs_b_lite_ft,sface_source_to_render_cosine,D2,b_lite_ft,D2-044,12,0.003737152523197451,,0.004081467967714192,0.0035785567484708514,0.003737152523197451,0.004081728083373648,0.0036951448197743986,,
F4-SFACE,F4-SFACE::D2::full_vs_b_lite_ft,sface_source_to_render_cosine,D2,b_lite_ft,D2-045,12,-0.0010452034459149662,,-0.0020216478901277646,-0.0010452034459149662,-0.002966696583568851,-0.0006121136406084804,-6.625828861667182e-05,,
F4-SFACE,F4-SFACE::D2::full_vs_b_lite_ft,sface_source_to_render_cosine,D2,b_lite_ft,D2-046,12,-0.00045519463864152065,,-0.0007393668545464527,0.0006988200658990529,-0.0005709442155557576,-0.00045519463864152065,0.0006042095955673954,,
F4-SFACE,F4-SFACE::D2::full_vs_b_lite_ft,sface_source_to_render_cosine,D2,b_lite_ft,D2-047,12,0.0007455403279781891,,0.0015655773746623414,0.0014670227455948481,-7.179169328291879e-05,-0.0003031700290740402,0.0007455403279781891,,
F4-SFACE,F4-SFACE::D2::full_vs_b_lite_ft,sface_source_to_render_cosine,D2,b_lite_ft,D2-048,12,0.0008686241240810633,,0.0005593684055357206,0.0009835723820501019,0.0008686241240810633,0.0007606494733508606,0.0029735381548208206,,
F4-SFACE,F4-SFACE::D2::full_vs_b_lite_ft,sface_source_to_render_cosine,D2,b_lite_ft,D2-049,12,-0.0013135899089231073,,-0.002798971804922057,-0.0013135899089231073,-0.0014797990802103422,-0.0012626448819108016,-0.001030052186437147,,
F4-SFACE,F4-SFACE::D2::full_vs_b_lite_ft,sface_source_to_render_cosine,D2,b_lite_ft,D2-050,12,0.00029967058503393984,,0.00023425996807158178,0.00029967058503393984,0.0006516585318318557,0.0008034669860707555,0.00010163441536542583,,
F4-SFACE,F4-SFACE::D2::full_vs_b_lite_ft,sface_source_to_render_cosine,D2,b_lite_ft,D2-051,12,0.0005319069740774007,,2.824554289693193e-05,0.0005319069740774007,0.0007352691823486746,0.0007253320190949153,-0.00025330656792321715,,
F4-SFACE,F4-SFACE::D2::full_vs_b_lite_ft,sface_source_to_render_cosine,D2,b_lite_ft,D2-052,12,-0.0010393939823454823,,-0.0010393939823454823,-0.0022461716266095055,-0.0010965099144454316,-0.0009457710358052318,0.000574491603641536,,
F4-SFACE,F4-SFACE::D2::full_vs_b_lite_ft,sface_source_to_render_cosine,D2,b_lite_ft,D2-053,12,-0.0011041428550938037,,4.468714310090771e-05,-0.0016407128274442684,-0.0017906996462300206,-0.0011041428550938037,8.939700555149477e-05,,
F4-SFACE,F4-SFACE::D2::full_vs_b_lite_ft,sface_source_to_render_cosine,D2,b_lite_ft,D2-054,12,0.0013771549106064707,,0.0013771549106064707,0.0012288379210056988,0.0017571468416932579,0.0007101509941793704,0.0024364135363857398,,
F4-SFACE,F4-SFACE::D2::full_vs_b_lite_ft,sface_source_to_render_cosine,D2,b_lite_ft,D2-055,12,-0.0005606154551566211,,-0.0003613471470685914,-0.0005606154551566211,-0.0016541738816100438,-0.0005698476626987969,-0.00017283476358354033,,
F4-SFACE,F4-SFACE::D2::full_vs_b_lite_ft,sface_source_to_render_cosine,D2,b_lite_ft,D2-056,12,0.00166628329251306,,0.002660274621426373,0.00166628329251306,0.0004178291358483688,0.003988954331147765,0.00017773752232774775,,
F4-SFACE,F4-SFACE::D2::full_vs_b_lite_ft,sface_source_to_render_cosine,D2,b_lite_ft,D2-057,12,-0.00027022842895657595,,-0.0011020132187465892,-5.025434703487264e-06,-0.0016317976927970879,0.0003781841523614049,-0.00027022842895657595,,
F4-SFACE,F4-SFACE::D2::full_vs_b_lite_ft,sface_source_to_render_cosine,D2,b_lite_ft,D2-058,12,0.0011740831277807784,,0.0009747182001402233,0.0020089326768125138,0.0007498944940889651,0.0011740831277807784,0.0025069608321267034,,
F4-SFACE,F4-SFACE::D2::full_vs_b_lite_ft,sface_source_to_render_cosine,D2,b_lite_ft,D2-059,12,-0.0016715120408517525,,-0.002503897245192732,-0.001261321058706355,-0.0026092778176926568,0.0007303911218903836,-0.0016715120408517525,,
F4-SFACE,F4-SFACE::D2::full_vs_b_lite_ft,sface_source_to_render_cosine,D2,b_lite_ft,D2-060,12,0.00025206580325531913,,-0.00046084713892119433,0.0002987860137639853,0.00025206580325531913,0.00017652032241716187,0.0004692753264501359,,
F4-SFACE,F4-SFACE::D2::full_vs_b_lite_ft,sface_source_to_render_cosine,D2,b_lite_ft,D2-061,12,0.000653599661155857,,0.0011311605288999438,0.000653599661155857,0.0013340537526980722,0.0001865716597727607,-3.363192008121185e-05,,
F4-SFACE,F4-SFACE::D2::full_vs_b_lite_ft,sface_source_to_render_cosine,D2,b_lite_ft,D2-062,12,-0.0038832020373829046,,-0.0039599763479387096,-0.003275919622996948,-0.0032300510979444974,-0.0038832020373829046,-0.004186743881563093,,
F4-SFACE,F4-SFACE::D2::full_vs_b_lite_ft,sface_source_to_render_cosine,D2,b_lite_ft,D2-063,12,0.0010753669552334144,,0.0010753669552334144,0.000590710861747612,0.0012203460341515537,0.0010997031548268255,-0.00034774833283290896,,
F4-SFACE,F4-SFACE::D2::full_vs_b_lite_ft,sface_source_to_render_cosine,D2,b_lite_ft,D2-064,12,0.0004253604958133206,,0.0007721818907935329,0.0012953489015952169,0.0004253604958133206,0.0002632897811509216,0.00020032818078158376,,
F4-SFACE,F4-SFACE::D2::full_vs_b_lite_ft,sface_source_to_render_cosine,D2,b_lite_ft,D2-065,12,0.0020777418442048945,,0.002382453709572907,0.0017847403737100143,0.0010171484076783588,0.002719200902721708,0.0020777418442048945,,
F4-SFACE,F4-SFACE::D2::full_vs_b_lite_ft,sface_source_to_render_cosine,D2,b_lite_ft,D2-066,12,0.00015837122446810126,,0.0021784150434738803,-0.00021737350892903073,0.0008946606848596605,-0.0006011875598445071,0.00015837122446810126,,
F4-SFACE,F4-SFACE::D2::full_vs_b_lite_ft,sface_source_to_render_cosine,D2,b_lite_ft,D2-067,12,-0.0013280594326091077,,-0.0011746319126909044,-0.0010110873470746684,-0.0027746096485400384,-0.0017496978143997644,-0.0013280594326091077,,
F4-SFACE,F4-SFACE::D2::full_vs_b_lite_ft,sface_source_to_render_cosine,D2,b_lite_ft,D2-068,12,-7.35805193298189e-05,,-0.0003295797634212949,-0.001297899895524146,0.00036879609476470065,0.00021766021205837927,-7.35805193298189e-05,,
F4-SFACE,F4-SFACE::D2::full_vs_b_lite_ft,sface_source_to_render_cosine,D2,b_lite_ft,D2-069,12,-0.001553112728904349,,-0.0011543236902490372,-0.001553112728904349,0.0004766982670954545,-0.0026984686642598232,-0.00266907006962136,,
F4-SFACE,F4-SFACE::D2::full_vs_b_lite_ft,sface_source_to_render_cosine,D2,b_lite_ft,D2-070,12,-0.0010285076972624818,,-0.0010285076972624818,-0.0012401097940877293,-0.0017126477834632503,-0.00018954383523167584,0.00024043730318390466,,
F4-SFACE,F4-SFACE::D2::full_vs_b_lite_ft,sface_source_to_render_cosine,D2,b_lite_ft,D2-071,12,-0.0010647232396789885,,-0.0010647232396789885,-0.0017780722681012273,-0.0007561448068733045,-0.0007228727873761498,-0.0011104660313874803,,
F4-SFACE,F4-SFACE::D2::full_vs_b_lite_ft,sface_source_to_render_cosine,D2,b_lite_ft,D2-072,12,0.000965918801868193,,0.0014186500037364769,0.0021935855628392176,0.000965918801868193,0.0008786508759012768,0.00019552823036228517,,
F4-SFACE,F4-SFACE::D2::full_vs_b_lite_ft,sface_source_to_render_cosine,D2,b_lite_ft,D2-073,12,-0.00028182851835950595,,-0.00028182851835950595,0.0002930397777281546,-0.001157773148232899,-0.00046199647178124525,0.0005799211722624653,,
F4-SFACE,F4-SFACE::D2::full_vs_b_lite_ft,sface_source_to_render_cosine,D2,b_lite_ft,D2-074,12,0.000604271397208811,,-3.0438794646925338e-05,0.000962782984383348,0.0015403651163310994,0.000604271397208811,0.0005904242433176221,,
F4-SFACE,F4-SFACE::D2::full_vs_b_lite_ft,sface_source_to_render_cosine,D2,b_lite_ft,D2-075,12,0.0018236815125594608,,0.0014759159223078355,0.0021721147027769505,0.002286976660054285,0.0016201466245848173,0.0018236815125594608,,
F4-SFACE,F4-SFACE::D2::full_vs_b_lite_ft,sface_source_to_render_cosine,D2,b_lite_ft,D2-076,12,0.0031235201227748366,,0.0010767609209848539,0.002367405936667455,0.00318864359235721,0.003231945895099453,0.0031235201227748366,,
F4-SFACE,F4-SFACE::D2::full_vs_b_lite_ft,sface_source_to_render_cosine,D2,b_lite_ft,D2-077,12,0.005503941095702736,,0.006553311451556243,0.005299562996636531,0.0031472781809966377,0.008018142288378827,0.005503941095702736,,
F4-SFACE,F4-SFACE::D2::full_vs_b_lite_ft,sface_source_to_render_cosine,D2,b_lite_ft,D2-078,12,0.0007550195182147723,,0.0002986661670243973,0.0007550195182147723,0.0008958407907765364,0.0007870318150991484,0.0005433124623496766,,
F4-SFACE,F4-SFACE::D2::full_vs_b_lite_ft,sface_source_to_render_cosine,D2,b_lite_ft,D2-079,12,-0.00047421136914665984,,-0.0016303129264971794,-0.00013347819914172332,-0.00047421136914665984,-0.0007363712125353916,-3.908123950341347e-05,,
F4-SFACE,F4-SFACE::D2::full_vs_b_lite_ft,sface_source_to_render_cosine,D2,b_lite_ft,D2-080,12,0.000782900650848517,,0.000782900650848517,0.004058358294086184,0.0004528041108779468,0.003330478304647777,0.0002064141768757799,,
F4-SFACE,F4-SFACE::D2::full_vs_b_lite_ft,sface_source_to_render_cosine,D2,b_lite_ft,D2-081,12,-0.0014784674737564063,,-0.00012244172658459895,-0.002577773405674555,-0.001626790574902337,-0.0010601022850437736,-0.0014784674737564063,,
F4-SFACE,F4-SFACE::D2::full_vs_b_lite_ft,sface_source_to_render_cosine,D2,b_lite_ft,D2-082,12,0.0011846154401320974,,0.0015140449403834855,0.0010436642381671524,0.0020763184134630075,0.0011846154401320974,2.2438291210735706e-05,,
F4-SFACE,F4-SFACE::D2::full_vs_b_lite_ft,sface_source_to_render_cosine,D2,b_lite_ft,D2-083,12,-0.00034961309393621853,,-0.00034961309393621853,0.0006473774907426177,-0.0015949825269198636,0.0012364169748753095,-0.0011627987387779481,,
F4-SFACE,F4-SFACE::D2::full_vs_b_lite_ft,sface_source_to_render_cosine,D2,b_lite_ft,D2-084,12,0.0013403747428896162,,0.0015236493569506515,0.0007910924675696984,0.0009773863111281478,0.0013403747428896162,0.0030322495612520317,,
F4-SFACE,F4-SFACE::D2::full_vs_b_lite_ft,sface_source_to_render_cosine,D2,b_lite_ft,D2-085,12,-0.0007804881922902074,,-0.0009523790565033052,-0.0005496707499266784,-0.0010773270396223222,-0.00038555111370436324,-0.0007804881922902074,,
F4-SFACE,F4-SFACE::D2::full_vs_b_lite_ft,sface_source_to_render_cosine,D2,b_lite_ft,D2-086,12,-0.00010251607889394387,,-1.8884009127084767e-05,-6.068125001640334e-05,-0.00010251607889394387,-0.0005311679885061649,-0.0003302700417363025,,
F4-SFACE,F4-SFACE::D2::full_vs_b_lite_ft,sface_source_to_render_cosine,D2,b_lite_ft,D2-087,12,0.002192107851985481,,0.0004962108192301806,0.0022334522765662945,0.0026475106034783424,0.002192107851985481,0.0021517067578336047,,
F4-SFACE,F4-SFACE::D2::full_vs_b_lite_ft,sface_source_to_render_cosine,D2,b_lite_ft,D2-088,12,0.0009821540170882326,,0.0009821540170882326,0.0013157555094496787,0.0012464626365306652,0.00046240472721081893,0.0008318183676645496,,
F4-SFACE,F4-SFACE::D2::full_vs_b_lite_ft,sface_source_to_render_cosine,D2,b_lite_ft,D2-089,12,-0.0005378320179011409,,0.00032610645792724435,-0.0010410319707011007,-0.00010394672991298481,-0.0005378320179011409,-0.0023038057386010613,,
F4-SFACE,F4-SFACE::D2::full_vs_b_lite_ft,sface_source_to_render_cosine,D2,b_lite_ft,D2-090,12,9.617184682952917e-06,,0.0004641796825364808,0.0002697920271459431,-0.0010699269777100784,-0.0004187319222603847,9.617184682952917e-06,,
F4-SFACE,F4-SFACE::D2::full_vs_b_lite_ft,sface_source_to_render_cosine,D2,b_lite_ft,D2-091,12,0.0008310337236653864,,0.0008310337236653864,0.004071337419522925,0.0037668151484660517,0.0006992674064306703,0.0004977389320900971,,
F4-SFACE,F4-SFACE::D2::full_vs_b_lite_ft,sface_source_to_render_cosine,D2,b_lite_ft,D2-092,12,0.0005585636787912573,,0.00034327047596333093,0.0005926122335488948,0.0003171903416578914,0.0005585636787912573,0.0010052334633725568,,
F4-SFACE,F4-SFACE::D2::full_vs_b_lite_ft,sface_source_to_render_cosine,D2,b_lite_ft,D2-093,12,0.0004419608195712077,,0.0004419608195712077,0.0007209408226722669,0.0001464911670440161,0.0007390189487224141,-0.0010093182581562554,,
F4-SFACE,F4-SFACE::D2::full_vs_b_lite_ft,sface_source_to_render_cosine,D2,b_lite_ft,D2-094,12,-0.0004441250660568441,,-8.890498071845165e-06,-0.0004441250660568441,-0.0021061545861496556,-0.0009020003157710343,-0.00016533838041649096,,
F4-SFACE,F4-SFACE::D2::full_vs_b_lite_ft,sface_source_to_render_cosine,D2,b_lite_ft,D2-095,12,-0.00023702355108906614,,-0.001013141729469147,0.003163630201843848,0.0077695717386861984,-0.00023702355108906614,-0.0016782213719686578,,
F4-SFACE,F4-SFACE::D2::full_vs_b_lite_ft,sface_source_to_render_cosine,D2,b_lite_ft,D2-096,12,0.0010598362750783852,,0.0016846213473128424,0.00033389326915467255,0.0010598362750783852,0.0015975155657723117,0.0004407578144411395,,
F4-SFACE,F4-SFACE::D2::full_vs_b_lite_ft,sface_source_to_render_cosine,D2,b_lite_ft,D2-097,12,0.0009875972905006303,,-0.0007888220562149439,0.0005520186779943148,0.0009875972905006303,0.0015546597462950396,0.001200894320891488,,
F4-SFACE,F4-SFACE::D2::full_vs_b_lite_ft,sface_source_to_render_cosine,D2,b_lite_ft,D2-098,12,-0.0014381101689607823,,-0.0003728062173477542,-0.0014381101689607823,-0.0010904345270670301,-0.002332234398390476,-0.0016427567409095234,,
F4-SFACE,F4-SFACE::D2::full_vs_b_lite_ft,sface_source_to_render_cosine,D2,b_lite_ft,D2-099,12,0.0005968427313807201,,0.0008408241934063088,0.0010339564891043707,-0.0008864886891275514,0.0005617187462153006,0.0005968427313807201,,
F4-SFACE,F4-SFACE::D2::full_vs_b_lite_ft,sface_source_to_render_cosine,D2,b_lite_ft,D2-100,12,0.0016520649940263699,,0.0016520649940263699,0.00025151378055177087,0.0019704273352807444,0.0006857479294803404,0.0019045012493124625,,
F4-SFACE,F4-SFACE::D2::full_vs_freeuv_conserved,sface_source_to_render_cosine,D2,freeuv_conserved,D2-001,12,0.003662806771034255,,0.003662806771034255,0.0038234228146454274,0.003317905951773892,0.003949580259075103,0.0032550461883241177,,
F4-SFACE,F4-SFACE::D2::full_vs_freeuv_conserved,sface_source_to_render_cosine,D2,freeuv_conserved,D2-002,12,0.004259315443555123,,0.004259315443555123,0.004742090349984407,0.0032960678478044514,0.004468495894983826,0.003852832213485924,,
F4-SFACE,F4-SFACE::D2::full_vs_freeuv_conserved,sface_source_to_render_cosine,D2,freeuv_conserved,D2-003,12,0.00579595245077924,,0.003955152767331549,0.0037986403537609847,0.006623925416877896,0.00579595245077924,0.007155951603599386,,
F4-SFACE,F4-SFACE::D2::full_vs_freeuv_conserved,sface_source_to_render_cosine,D2,freeuv_conserved,D2-004,12,0.005523857991211745,,0.006812152515592307,0.005105865264906806,0.005523857991211745,0.005156935958036291,0.006328183141554589,,
F4-SFACE,F4-SFACE::D2::full_vs_freeuv_conserved,sface_source_to_render_cosine,D2,freeuv_conserved,D2-005,12,8.724885451277808e-05,,-0.0011765121227791386,6.71770828640228e-05,8.724885451277808e-05,0.0005560835517393059,0.0005760365132269074,,
F4-SFACE,F4-SFACE::D2::full_vs_freeuv_conserved,sface_source_to_render_cosine,D2,freeuv_conserved,D2-006,12,0.004195714151275953,,0.003777199236437323,0.004195714151275953,0.004545191427906381,0.004330405917634339,0.004179651668693274,,
F4-SFACE,F4-SFACE::D2::full_vs_freeuv_conserved,sface_source_to_render_cosine,D2,freeuv_conserved,D2-007,12,0.0011506202565326196,,-0.0003571917460464258,0.00246596366083357,0.0013563998921385378,0.0011506202565326196,0.000495240013553,,
F4-SFACE,F4-SFACE::D2::full_vs_freeuv_conserved,sface_source_to_render_cosine,D2,freeuv_conserved,D2-008,12,-0.0036879806067561804,,-0.005267284319633581,-0.0036879806067561804,-0.0019429842004008435,-0.003628565349807933,-0.006875011992750257,,
F4-SFACE,F4-SFACE::D2::full_vs_freeuv_conserved,sface_source_to_render_cosine,D2,freeuv_conserved,D2-009,12,0.0033945528394763724,,0.0029189885584652298,0.004042410130146057,0.002957615343658959,0.0033945528394763724,0.003505540401497087,,
F4-SFACE,F4-SFACE::D2::full_vs_freeuv_conserved,sface_source_to_render_cosine,D2,freeuv_conserved,D2-010,12,0.0008762873824893491,,-5.845614846167191e-05,0.0015202401571390856,0.0010250743260480921,0.0008762873824893491,0.0007949618318571217,,
F4-SFACE,F4-SFACE::D2::full_vs_freeuv_conserved,sface_source_to_render_cosine,D2,freeuv_conserved,D2-011,12,-0.0006057215703871854,,0.0006288561262141057,-0.00031454402371572376,-0.0008784733319514015,-0.0015349706733492896,-0.0006057215703871854,,
F4-SFACE,F4-SFACE::D2::full_vs_freeuv_conserved,sface_source_to_render_cosine,D2,freeuv_conserved,D2-012,12,3.3359942667732234e-05,,3.3359942667732234e-05,0.0001675488222178112,-0.0005152801306096966,0.00020899534611767967,-0.0002708117113894848,,
F4-SFACE,F4-SFACE::D2::full_vs_freeuv_conserved,sface_source_to_render_cosine,D2,freeuv_conserved,D2-013,12,0.0029802306827422242,,0.0029802306827422242,0.0028784801509923463,0.0030996142973294116,0.002974073985759995,0.003305028818275546,,
F4-SFACE,F4-SFACE::D2::full_vs_freeuv_conserved,sface_source_to_render_cosine,D2,freeuv_conserved,D2-014,12,-0.0003810809650432456,,0.00048530170010402385,-0.0007507294266827502,-0.0005587757573910501,-0.00036180301666477455,-0.0003810809650432456,,
F4-SFACE,F4-SFACE::D2::full_vs_freeuv_conserved,sface_source_to_render_cosine,D2,freeuv_conserved,D2-015,12,0.00639396208419285,,0.006955150197151927,0.004971470197744965,0.0061264153485706685,0.006891195810463047,0.00639396208419285,,
F4-SFACE,F4-SFACE::D2::full_vs_freeuv_conserved,sface_source_to_render_cosine,D2,freeuv_conserved,D2-016,12,0.00027164353806197195,,-0.000648274540752225,0.00027164353806197195,0.00028163040116618854,-8.066568086717574e-06,0.0010410042762145633,,
F4-SFACE,F4-SFACE::D2::full_vs_freeuv_conserved,sface_source_to_render_cosine,D2,freeuv_conserved,D2-017,12,0.006406107555471108,,0.004341934668865233,0.007723022304770233,0.006556844391074512,0.006406107555471108,0.005519600448687656,,
F4-SFACE,F4-SFACE::D2::full_vs_freeuv_conserved,sface_source_to_render_cosine,D2,freeuv_conserved,D2-018,12,0.00293588163943731,,0.0017348784144102236,0.0030526881732969025,0.0026368965699679614,0.00293588163943731,0.003255674288782706,,
F4-SFACE,F4-SFACE::D2::full_vs_freeuv_conserved,sface_source_to_render_cosine,D2,freeuv_conserved,D2-019,12,0.003717998843050352,,0.0033186965283815706,0.0034173147989080555,0.00442250500642738,0.004607430611200558,0.003717998843050352,,
F4-SFACE,F4-SFACE::D2::full_vs_freeuv_conserved,sface_source_to_render_cosine,D2,freeuv_conserved,D2-020,12,-0.0018265800790615572,,-0.0016912443829948387,-0.003440323142408941,-0.0018265800790615572,-0.0032130999291145046,-0.0010736044606252104,,
F4-SFACE,F4-SFACE::D2::full_vs_freeuv_conserved,sface_source_to_render_cosine,D2,freeuv_conserved,D2-021,12,0.0014065856602067939,,0.003713777438136112,0.004043735407057547,0.0014065856602067939,-0.0010833748957045919,0.00020676338790059923,,
F4-SFACE,F4-SFACE::D2::full_vs_freeuv_conserved,sface_source_to_render_cosine,D2,freeuv_conserved,D2-022,12,0.002342084919048748,,0.002426765751732174,0.0026886166987010185,0.00209145446706116,0.0014520987716013511,0.002342084919048748,,
F4-SFACE,F4-SFACE::D2::full_vs_freeuv_conserved,sface_source_to_render_cosine,D2,freeuv_conserved,D2-023,12,0.0013592586708642829,,0.0004991998220278959,0.0010352063785731835,0.0013592586708642829,0.00222301753561166,0.002204963209628763,,
F4-SFACE,F4-SFACE::D2::full_vs_freeuv_conserved,sface_source_to_render_cosine,D2,freeuv_conserved,D2-024,12,0.0015213180524801806,,0.0015213180524801806,0.0019489596193308367,0.001887963472927856,0.0004899791389897934,0.000602780866565511,,
F4-SFACE,F4-SFACE::D2::full_vs_freeuv_conserved,sface_source_to_render_cosine,D2,freeuv_conserved,D2-025,12,0.0009946770939123217,,-0.0006587474864096499,0.0009946770939123217,0.0021743896799065743,0.0009696341748869908,0.0016300885848793967,,
F4-SFACE,F4-SFACE::D2::full_vs_freeuv_conserved,sface_source_to_render_cosine,D2,freeuv_conserved,D2-026,12,0.0036315679051105443,,0.00307027780149699,0.004637466268487156,0.0024774259023528367,0.005091832305531008,0.0036315679051105443,,
F4-SFACE,F4-SFACE::D2::full_vs_freeuv_conserved,sface_source_to_render_cosine,D2,freeuv_conserved,D2-027,12,-0.0012093918829718664,,-0.00033902140766034483,2.956692923267168e-05,-0.0031687839172296894,-0.0012580795066278183,-0.0012093918829718664,,
F4-SFACE,F4-SFACE::D2::full_vs_freeuv_conserved,sface_source_to_render_cosine,D2,freeuv_conserved,D2-028,12,-0.0011787873179332498,,-0.0011787873179332498,-0.0018607265623804548,-0.0004899813819418952,-0.0005527583162646676,-0.0013550101810498871,,
F4-SFACE,F4-SFACE::D2::full_vs_freeuv_conserved,sface_source_to_render_cosine,D2,freeuv_conserved,D2-029,12,0.0019845037562455925,,0.0021419213083330724,0.001970952131515935,0.00159536716373343,0.002265071879097247,0.0019845037562455925,,
F4-SFACE,F4-SFACE::D2::full_vs_freeuv_conserved,sface_source_to_render_cosine,D2,freeuv_conserved,D2-030,12,-0.0009759725207445502,,0.0012131796889343627,-0.0016892536940187886,-0.0016075848696209816,-0.0009759725207445502,-0.0008384715637984597,,
F4-SFACE,F4-SFACE::D2::full_vs_freeuv_conserved,sface_source_to_render_cosine,D2,freeuv_conserved,D2-031,12,-0.000264192242109329,,-0.0006885588123722308,-0.000708384775771953,0.0021069632649726167,-2.787178846758165e-05,-0.000264192242109329,,
F4-SFACE,F4-SFACE::D2::full_vs_freeuv_conserved,sface_source_to_render_cosine,D2,freeuv_conserved,D2-032,12,0.004032979609764009,,0.0024249670760483344,0.005463044365255132,0.004032979609764009,0.004852035490444384,0.003977147366354961,,
F4-SFACE,F4-SFACE::D2::full_vs_freeuv_conserved,sface_source_to_render_cosine,D2,freeuv_conserved,D2-033,12,0.0016694546948854416,,0.002000664384503692,0.002191365093202169,0.0016694546948854416,0.0010447484966615295,0.0011167444749204947,,
F4-SFACE,F4-SFACE::D2::full_vs_freeuv_conserved,sface_source_to_render_cosine,D2,freeuv_conserved,D2-034,12,0.0028437828249680552,,0.003944598069264282,0.002509920790367659,0.0028437828249680552,0.0024879739516475152,0.005806908409668077,,
F4-SFACE,F4-SFACE::D2::full_vs_freeuv_conserved,sface_source_to_render_cosine,D2,freeuv_conserved,D2-035,12,-0.0005257133305383577,,0.0006515482270262885,-0.0010408643370187765,-0.0005257133305383577,-0.00022502234115195918,-0.0011079013460636444,,
F4-SFACE,F4-SFACE::D2::full_vs_freeuv_conserved,sface_source_to_render_cosine,D2,freeuv_conserved,D2-036,12,0.0021817227794357352,,0.0016171757793670971,0.002013579266866572,0.0023926309801344248,0.0024906690491371952,0.0021817227794357352,,
F4-SFACE,F4-SFACE::D2::full_vs_freeuv_conserved,sface_source_to_render_cosine,D2,freeuv_conserved,D2-037,12,0.00011071954849711796,,-0.0002469781671503579,0.0024269307345708424,0.0010491233488825191,-0.0005428827482273912,0.00011071954849711796,,
F4-SFACE,F4-SFACE::D2::full_vs_freeuv_conserved,sface_source_to_render_cosine,D2,freeuv_conserved,D2-038,12,-0.0006224576990673247,,-0.0011983396984824313,-0.0006224576990673247,-0.0010750608782692517,-0.0004533508763709948,0.0014615503951717623,,
F4-SFACE,F4-SFACE::D2::full_vs_freeuv_conserved,sface_source_to_render_cosine,D2,freeuv_conserved,D2-039,12,0.007804173541720527,,0.008654343513637142,0.011764972169153065,0.007804173541720527,0.006378311220078037,0.004912265478864475,,
F4-SFACE,F4-SFACE::D2::full_vs_freeuv_conserved,sface_source_to_render_cosine,D2,freeuv_conserved,D2-040,12,0.0011813700724552234,,-9.97810723731285e-05,-5.172366002292872e-05,0.0018072247203937963,0.0011813700724552234,0.0014650130492660507,,
F4-SFACE,F4-SFACE::D2::full_vs_freeuv_conserved,sface_source_to_render_cosine,D2,freeuv_conserved,D2-041,12,0.006874603744847052,,0.0050190644982312516,0.0068175961335441015,0.006874603744847052,0.007242631514572273,0.007274845514511963,,
F4-SFACE,F4-SFACE::D2::full_vs_freeuv_conserved,sface_source_to_render_cosine,D2,freeuv_conserved,D2-042,12,0.0009012350256367707,,0.0003430686985568254,0.0018079926150370573,0.0005478020358907765,0.0009012350256367707,0.0009876064121487893,,
F4-SFACE,F4-SFACE::D2::full_vs_freeuv_conserved,sface_source_to_render_cosine,D2,freeuv_conserved,D2-043,12,-0.000822349891487828,,-0.0007964213365887485,-0.000822349891487828,-0.001084368006808667,0.00015057115720223946,-0.0019014876938588943,,
F4-SFACE,F4-SFACE::D2::full_vs_freeuv_conserved,sface_source_to_render_cosine,D2,freeuv_conserved,D2-044,12,0.007959443896325413,,0.00857974164835168,0.008007395587193766,0.007959443896325413,0.007742580599968962,0.006967156626000615,,
F4-SFACE,F4-SFACE::D2::full_vs_freeuv_conserved,sface_source_to_render_cosine,D2,freeuv_conserved,D2-045,12,-0.006077586483955233,,-0.006926748842243147,-0.0033210427287980737,-0.006509123424445262,-0.005315291348964135,-0.006077586483955233,,
F4-SFACE,F4-SFACE::D2::full_vs_freeuv_conserved,sface_source_to_render_cosine,D2,freeuv_conserved,D2-046,12,-0.0013428669421451378,,-0.0013428669421451378,0.0006660453669591893,-0.002386718599001303,-0.0024603420052698444,0.0014947389246352527,,
F4-SFACE,F4-SFACE::D2::full_vs_freeuv_conserved,sface_source_to_render_cosine,D2,freeuv_conserved,D2-047,12,0.0005173396982575129,,0.0007416931792142423,0.0012070970679279869,-0.0004456927941138278,-0.0011296306041086446,0.0005173396982575129,,
F4-SFACE,F4-SFACE::D2::full_vs_freeuv_conserved,sface_source_to_render_cosine,D2,freeuv_conserved,D2-048,12,0.0021826246083884726,,0.0016166428519580056,0.0017621521087528569,0.0021826246083884726,0.0025654992705402835,0.003851047919307682,,
F4-SFACE,F4-SFACE::D2::full_vs_freeuv_conserved,sface_source_to_render_cosine,D2,freeuv_conserved,D2-049,12,0.004609354668066057,,0.0033848832170584875,0.004110007056160547,0.004898729831807336,0.004609354668066057,0.005169491256463654,,
F4-SFACE,F4-SFACE::D2::full_vs_freeuv_conserved,sface_source_to_render_cosine,D2,freeuv_conserved,D2-050,12,0.0028965806526561333,,0.0026119828582712445,0.0028768806428985383,0.0032339253420313185,0.0028965806526561333,0.0033193045978103797,,
F4-SFACE,F4-SFACE::D2::full_vs_freeuv_conserved,sface_source_to_render_cosine,D2,freeuv_conserved,D2-051,12,0.00609950124980374,,0.006199958532451366,0.006566938183411919,0.00546325412031895,0.00609950124980374,0.005876075168493311,,
F4-SFACE,F4-SFACE::D2::full_vs_freeuv_conserved,sface_source_to_render_cosine,D2,freeuv_conserved,D2-052,12,0.0008767588460877329,,-0.00028501707308958846,-4.262748306216313e-05,0.0008767588460877329,0.0016596704123434391,0.002057870567372999,,
F4-SFACE,F4-SFACE::D2::full_vs_freeuv_conserved,sface_source_to_render_cosine,D2,freeuv_conserved,D2-053,12,0.0025664991348846034,,0.002209441911372234,0.0028219556196073525,0.001355343778873086,0.0025664991348846034,0.0034517440860084014,,
F4-SFACE,F4-SFACE::D2::full_vs_freeuv_conserved,sface_source_to_render_cosine,D2,freeuv_conserved,D2-054,12,0.00017887181085118886,,-2.960389293826804e-05,0.0002371913632464029,0.00017887181085118886,-0.0005037457086817798,0.0006489596449522073,,
F4-SFACE,F4-SFACE::D2::full_vs_freeuv_conserved,sface_source_to_render_cosine,D2,freeuv_conserved,D2-055,12,0.0057521878736928045,,0.0057521878736928045,0.005971466387836466,0.004849219455032805,0.005980345942653453,0.005627140644266282,,
F4-SFACE,F4-SFACE::D2::full_vs_freeuv_conserved,sface_source_to_render_cosine,D2,freeuv_conserved,D2-056,12,0.002549696430615034,,0.004403967614618087,0.002549696430615034,0.0021217108805305918,0.00446750358323772,0.0014628911040482362,,
F4-SFACE,F4-SFACE::D2::full_vs_freeuv_conserved,sface_source_to_render_cosine,D2,freeuv_conserved,D2-057,12,-0.0043762559040694815,,-0.004882262085467826,-0.0043762559040694815,-0.0026328303664791552,-0.002251301236758263,-0.004631945055866282,,
F4-SFACE,F4-SFACE::D2::full_vs_freeuv_conserved,sface_source_to_render_cosine,D2,freeuv_conserved,D2-058,12,0.0010292876853493782,,0.0010292876853493782,0.001840575573962333,-0.000808586553043944,-0.00037600967490264425,0.0013889922201141824,,
F4-SFACE,F4-SFACE::D2::full_vs_freeuv_conserved,sface_source_to_render_cosine,D2,freeuv_conserved,D2-059,12,0.001640907873282027,,0.0012369069643996533,0.001640907873282027,0.00013116784093208933,0.002566166249579005,0.0017020094415662324,,
F4-SFACE,F4-SFACE::D2::full_vs_freeuv_conserved,sface_source_to_render_cosine,D2,freeuv_conserved,D2-060,12,0.00126477583478124,,0.0022921655460392265,0.00126477583478124,0.0019526351339276826,0.0009137960899920916,0.0006613832402392328,,
F4-SFACE,F4-SFACE::D2::full_vs_freeuv_conserved,sface_source_to_render_cosine,D2,freeuv_conserved,D2-061,12,0.001015447906471345,,0.001015447906471345,0.0017012948987513155,0.001782384317656538,-0.00021454826870132004,0.0006600433276432449,,
F4-SFACE,F4-SFACE::D2::full_vs_freeuv_conserved,sface_source_to_render_cosine,D2,freeuv_conserved,D2-062,12,0.001911274660234108,,-0.0008451583248722527,0.001911274660234108,0.0026065441484821594,0.0024096911745682403,0.0017913341150227469,,
F4-SFACE,F4-SFACE::D2::full_vs_freeuv_conserved,sface_source_to_render_cosine,D2,freeuv_conserved,D2-063,12,-0.001523644753426645,,-0.0010898957623095562,-0.001303001416932903,-0.001523644753426645,-0.0025108249862104692,-0.0026727806374196583,,
F4-SFACE,F4-SFACE::D2::full_vs_freeuv_conserved,sface_source_to_render_cosine,D2,freeuv_conserved,D2-064,12,0.0016168308988243618,,0.0027931446742232025,0.0025700251029420196,0.0016168308988243618,0.0012974637623530128,0.001537330510947621,,
F4-SFACE,F4-SFACE::D2::full_vs_freeuv_conserved,sface_source_to_render_cosine,D2,freeuv_conserved,D2-065,12,0.004177413121972784,,0.0031692250556429324,0.002315331757981265,0.004934906591867183,0.005338559114132613,0.004177413121972784,,
F4-SFACE,F4-SFACE::D2::full_vs_freeuv_conserved,sface_source_to_render_cosine,D2,freeuv_conserved,D2-066,12,0.0010350596062696504,,0.0017634329056033793,0.0011587504928430858,0.0010350596062696504,-1.5353247381555413e-05,0.000970486944732285,,
F4-SFACE,F4-SFACE::D2::full_vs_freeuv_conserved,sface_source_to_render_cosine,D2,freeuv_conserved,D2-067,12,-0.0012964662464321486,,-0.0012964662464321486,-0.0016056165004534884,-0.0012914270500423708,-0.0027078940117445383,-0.0010719742974880653,,
F4-SFACE,F4-SFACE::D2::full_vs_freeuv_conserved,sface_source_to_render_cosine,D2,freeuv_conserved,D2-068,12,0.0010227003055755524,,0.000739497209799822,0.00043814431615540883,0.002042359664840898,0.0010227003055755524,0.0012345719642076203,,
F4-SFACE,F4-SFACE::D2::full_vs_freeuv_conserved,sface_source_to_render_cosine,D2,freeuv_conserved,D2-069,12,0.0006092742545519281,,0.0011560405820430497,0.0005387830895361434,0.0019963471927589294,0.0006092742545519281,-0.0007795285134252206,,
F4-SFACE,F4-SFACE::D2::full_vs_freeuv_conserved,sface_source_to_render_cosine,D2,freeuv_conserved,D2-070,12,0.0026207550668621016,,0.002146425027553467,0.0026207550668621016,0.002799071077203674,0.002195456666523432,0.002986961705815361,,
F4-SFACE,F4-SFACE::D2::full_vs_freeuv_conserved,sface_source_to_render_cosine,D2,freeuv_conserved,D2-071,12,-0.0012309777228829422,,-0.0016034787199769585,-0.0016689272688806267,-0.0012309777228829422,-0.0005596901496821571,-0.0007972253289398323,,
F4-SFACE,F4-SFACE::D2::full_vs_freeuv_conserved,sface_source_to_render_cosine,D2,freeuv_conserved,D2-072,12,0.0027765386620812738,,0.004599622119012325,0.004484672886232999,0.0027765386620812738,0.0020129515893221317,0.0025093226193496077,,
F4-SFACE,F4-SFACE::D2::full_vs_freeuv_conserved,sface_source_to_render_cosine,D2,freeuv_conserved,D2-073,12,-0.0004213920638391766,,0.00020104558013145368,-0.0004213920638391766,-0.0008808218714504434,-0.0003742950525018607,-0.0005542576038501945,,
F4-SFACE,F4-SFACE::D2::full_vs_freeuv_conserved,sface_source_to_render_cosine,D2,freeuv_conserved,D2-074,12,0.003561883332486193,,0.0017257209894809833,0.003801090917011085,0.00444703218302428,0.003561883332486193,0.003274853168973191,,
F4-SFACE,F4-SFACE::D2::full_vs_freeuv_conserved,sface_source_to_render_cosine,D2,freeuv_conserved,D2-075,12,0.003027921152312818,,0.002838590052238632,0.0037303932718474875,0.003662962748880394,0.0028372662545174676,0.003027921152312818,,
F4-SFACE,F4-SFACE::D2::full_vs_freeuv_conserved,sface_source_to_render_cosine,D2,freeuv_conserved,D2-076,12,0.001883024254252852,,0.0027254977309339457,0.0022618378998406907,0.001883024254252852,0.0017385827798300224,0.0013527037767961936,,
F4-SFACE,F4-SFACE::D2::full_vs_freeuv_conserved,sface_source_to_render_cosine,D2,freeuv_conserved,D2-077,12,0.0035119020969324177,,0.0035119020969324177,0.002823138194452346,0.0016443558271161396,0.005308971504913773,0.004347186647101875,,
F4-SFACE,F4-SFACE::D2::full_vs_freeuv_conserved,sface_source_to_render_cosine,D2,freeuv_conserved,D2-078,12,0.0023824254266943123,,0.0023381840211372795,0.0030822476796590337,0.0011804910881434982,0.0023824254266943123,0.0028573962320928015,,
F4-SFACE,F4-SFACE::D2::full_vs_freeuv_conserved,sface_source_to_render_cosine,D2,freeuv_conserved,D2-079,12,-0.0015116042775930039,,-0.001882811492233627,-0.0022037287852610388,-0.0008447882889570657,-0.0015116042775930039,-0.000668447355812174,,
F4-SFACE,F4-SFACE::D2::full_vs_freeuv_conserved,sface_source_to_render_cosine,D2,freeuv_conserved,D2-080,12,0.004642757922860508,,0.004642757922860508,0.0060046213946367555,0.0027045043391514256,0.006202876358295417,0.00396781356976339,,
F4-SFACE,F4-SFACE::D2::full_vs_freeuv_conserved,sface_source_to_render_cosine,D2,freeuv_conserved,D2-081,12,-0.00023284813035295837,,0.00011170147736389024,-0.0008259135826976238,-0.00023284813035295837,0.0009764989418271641,-0.0003103256685483835,,
F4-SFACE,F4-SFACE::D2::full_vs_freeuv_conserved,sface_source_to_render_cosine,D2,freeuv_conserved,D2-082,12,0.0015940346650979986,,0.001826468529251113,0.0013914025424589527,0.002245326067741249,0.001034334657642244,0.0015940346650979986,,
F4-SFACE,F4-SFACE::D2::full_vs_freeuv_conserved,sface_source_to_render_cosine,D2,freeuv_conserved,D2-083,12,-0.00029602384374477486,,-0.004925559110361244,0.0029212823170491897,-0.00029602384374477486,0.00176090924892508,-0.004327786704216241,,
F4-SFACE,F4-SFACE::D2::full_vs_freeuv_conserved,sface_source_to_render_cosine,D2,freeuv_conserved,D2-084,12,0.00611673451588618,,0.006251027191028713,0.0054622289068729235,0.00611673451588618,0.005305689880792441,0.006831596826513464,,
F4-SFACE,F4-SFACE::D2::full_vs_freeuv_conserved,sface_source_to_render_cosine,D2,freeuv_conserved,D2-085,12,0.0002124140619689796,,0.0002897433968003793,0.0004848242891672405,0.0002124140619689796,0.00014033684655395673,0.00013569890250081373,,
F4-SFACE,F4-SFACE::D2::full_vs_freeuv_conserved,sface_source_to_render_cosine,D2,freeuv_conserved,D2-086,12,0.0051661637118783355,,0.00485355822164496,0.0051661637118783355,0.004138571365618904,0.005780338753470449,0.006636315616145416,,
F4-SFACE,F4-SFACE::D2::full_vs_freeuv_conserved,sface_source_to_render_cosine,D2,freeuv_conserved,D2-087,12,0.004801036924920121,,0.003990831229331082,0.004278467173839895,0.00505388108430288,0.004801036924920121,0.005814895645401885,,
F4-SFACE,F4-SFACE::D2::full_vs_freeuv_conserved,sface_source_to_render_cosine,D2,freeuv_conserved,D2-088,12,0.004321264247381551,,0.004362297010622851,0.005040342230416828,0.0038460056738522375,0.0035444155510295783,0.004321264247381551,,
F4-SFACE,F4-SFACE::D2::full_vs_freeuv_conserved,sface_source_to_render_cosine,D2,freeuv_conserved,D2-089,12,-0.002392296205267763,,0.0004998258500731323,-0.00245539187219479,-0.002392296205267763,-0.0018218432829204545,-0.0029415827950523,,
F4-SFACE,F4-SFACE::D2::full_vs_freeuv_conserved,sface_source_to_render_cosine,D2,freeuv_conserved,D2-090,12,-0.00022297433538831513,,0.00020858766583092825,-1.1105606679606694e-05,-0.0005513912599601767,-0.0005789391395279453,-0.00022297433538831513,,
F4-SFACE,F4-SFACE::D2::full_vs_freeuv_conserved,sface_source_to_render_cosine,D2,freeuv_conserved,D2-091,12,0.004100118840514477,,0.003985928820768092,0.004649053454776897,0.003916878533396895,0.004150820378807263,0.004100118840514477,,
F4-SFACE,F4-SFACE::D2::full_vs_freeuv_conserved,sface_source_to_render_cosine,D2,freeuv_conserved,D2-092,12,0.003294965963380192,,0.0032263178929181624,0.0032985227718003163,0.003294965963380192,0.0032806420561854455,0.003300881351088525,,
F4-SFACE,F4-SFACE::D2::full_vs_freeuv_conserved,sface_source_to_render_cosine,D2,freeuv_conserved,D2-093,12,0.0003632618441272717,,-0.00019552799091493434,0.0007079639980555608,0.00041635602552159146,-0.0003502038991878842,0.0003632618441272717,,
F4-SFACE,F4-SFACE::D2::full_vs_freeuv_conserved,sface_source_to_render_cosine,D2,freeuv_conserved,D2-094,12,0.0007836766689399144,,0.00039048378965444996,0.0007836766689399144,-0.000467044306350195,0.0014872420126348374,0.0028909140677570444,,
F4-SFACE,F4-SFACE::D2::full_vs_freeuv_conserved,sface_source_to_render_cosine,D2,freeuv_conserved,D2-095,12,0.0029945560064140175,,0.0029945560064140175,0.006834559955761044,0.009825881715896656,0.00021579335287663648,0.0003379556817998952,,
F4-SFACE,F4-SFACE::D2::full_vs_freeuv_conserved,sface_source_to_render_cosine,D2,freeuv_conserved,D2-096,12,0.003156536585672387,,0.003372056492312092,0.003389840230367702,0.003156536585672387,0.0029862511408029757,0.00295047870235543,,
F4-SFACE,F4-SFACE::D2::full_vs_freeuv_conserved,sface_source_to_render_cosine,D2,freeuv_conserved,D2-097,12,-0.0023077824435472905,,-0.0032357622062755276,-0.0025637790131156635,-0.0020008279695313824,-0.00047981058732132764,-0.0023077824435472905,,
F4-SFACE,F4-SFACE::D2::full_vs_freeuv_conserved,sface_source_to_render_cosine,D2,freeuv_conserved,D2-098,12,-0.0033839893326390036,,-0.002213442073938643,-0.0033839893326390036,-0.003256877478278797,-0.005253774468253092,-0.003754516371829164,,
F4-SFACE,F4-SFACE::D2::full_vs_freeuv_conserved,sface_source_to_render_cosine,D2,freeuv_conserved,D2-099,12,0.0042795217158738685,,0.004513499879741423,0.004338843845396956,0.003989047102985643,0.0042795217158738685,0.00388320366409195,,
F4-SFACE,F4-SFACE::D2::full_vs_freeuv_conserved,sface_source_to_render_cosine,D2,freeuv_conserved,D2-100,12,-0.00017361547177585646,,0.0007422298400489025,-0.0006011342502651451,-0.00017361547177585646,-0.0003864716773799848,0.0002824230695097074,,
