direction_index,direction,source_view,target_view,comparison_id,comparator_id,comparator_label,identity_token,identity_effect,identity_effect_rgb8,seed_2026080447_effect,seed_2026080448_effect,seed_2026080449_effect,seed_2026080450_effect,seed_2026080451_effect
0,V01→V02,V01,V02,full_vs_condition0,condition0,NoCond,D2-001,0.04157753256352048,10.602270803697722,0.0959226886431376,0.017917764899523403,0.04157753256352048,0.04490450532108109,0.02087444455727283
0,V01→V02,V01,V02,full_vs_condition0,condition0,NoCond,D2-002,0.013133168004561158,3.348957841163095,0.022776771066845336,-0.027076564189316532,0.027812387200369326,0.013133168004561158,-0.02280490445917932
0,V01→V02,V01,V02,full_vs_condition0,condition0,NoCond,D2-003,-0.02026461073379407,-5.1674757371174875,-0.03889453565252236,-0.0020944543354127487,-0.02026461073379407,-0.010792063442112365,-0.021296343798267434
0,V01→V02,V01,V02,full_vs_condition0,condition0,NoCond,D2-004,-0.007530538613597593,-1.9202873464673862,0.021998012314240117,-0.009509391089280478,-0.007530538613597593,-0.003619510183731689,-0.025146456062793754
0,V01→V02,V01,V02,full_vs_condition0,condition0,NoCond,D2-005,0.0032302695644428336,0.8237187389329226,0.011238888564358757,-0.0022085563964154287,-0.009628692350114681,0.01913748199800891,0.0032302695644428336
0,V01→V02,V01,V02,full_vs_condition0,condition0,NoCond,D2-006,0.007844759388960926,2.000413644185036,0.024944903336680008,0.007844759388960926,-0.014998191116768644,0.009158752705334616,0.004989450145896079
0,V01→V02,V01,V02,full_vs_condition0,condition0,NoCond,D2-007,0.006809475317374969,1.7364162059306172,0.03326865900956577,0.006809475317374969,-0.0063130390362360345,-0.03972576343598058,0.04295427522700815
0,V01→V02,V01,V02,full_vs_condition0,condition0,NoCond,D2-008,0.02708494830496455,6.90666181776596,0.029924812745683052,0.02708494830496455,0.028289396189102506,-0.015425990050544555,-0.02542836399001329
0,V01→V02,V01,V02,full_vs_condition0,condition0,NoCond,D2-009,0.016819229166881722,4.288903437554839,0.016819229166881722,-0.002466255543278728,0.03678629430485708,0.048102909078200695,-0.023045778566715747
0,V01→V02,V01,V02,full_vs_condition0,condition0,NoCond,D2-010,0.027988907534117813,7.137171421200042,0.05393338944835989,-0.006417537290675984,0.027988907534117813,0.04050136459808723,-0.018796650364118456
0,V01→V02,V01,V02,full_vs_condition0,condition0,NoCond,D2-011,0.02081375796761778,5.307508281742534,0.022844651920927883,0.020479406385372073,0.02081375796761778,-0.049370193750494035,0.06248396707491742
0,V01→V02,V01,V02,full_vs_condition0,condition0,NoCond,D2-012,0.0038612279908877,0.9846131376763635,0.04044796573988935,0.030535695995105056,-0.028238058460096915,-0.04404576274678637,0.0038612279908877
0,V01→V02,V01,V02,full_vs_condition0,condition0,NoCond,D2-013,0.02040741726374018,5.2038914022537455,0.02040741726374018,0.024670536239814522,-0.0047152170863671294,0.023302959660306932,-0.02601887370085615
0,V01→V02,V01,V02,full_vs_condition0,condition0,NoCond,D2-014,0.02334107219108511,5.951973408726703,0.0945289612171196,-0.03901242899398011,0.027590591815255944,0.02334107219108511,0.002258364111185074
0,V01→V02,V01,V02,full_vs_condition0,condition0,NoCond,D2-015,0.008820356814949595,2.2491909878121468,0.0012851824914967558,0.0018975998516436027,0.01578271416602313,0.008820356814949595,0.015248855396553324
0,V01→V02,V01,V02,full_vs_condition0,condition0,NoCond,D2-016,0.0018590267119093506,0.4740518115368844,-0.007224185476577799,0.0038889945779808366,-0.003912315983708503,0.002845960956664728,0.0018590267119093506
0,V01→V02,V01,V02,full_vs_condition0,condition0,NoCond,D2-017,0.03197253483628473,8.152996383252606,0.028829613848338043,-0.022638585359331165,0.03197253483628473,0.03240647935678087,0.05166081753042007
0,V01→V02,V01,V02,full_vs_condition0,condition0,NoCond,D2-018,-0.0062139539255036125,-1.584558251003421,-0.03489733542870692,-0.014119273070434132,0.007024713914201702,0.026025220911686464,-0.0062139539255036125
0,V01→V02,V01,V02,full_vs_condition0,condition0,NoCond,D2-019,-0.030295244659538603,-7.725287388182344,-0.04345482960343362,0.02425167102504658,-0.030295244659538603,-0.018734260289757332,-0.050958380999940406
0,V01→V02,V01,V02,full_vs_condition0,condition0,NoCond,D2-020,-0.02024372396808044,-5.162149611860512,-0.0492672370929344,0.0537887030810702,-0.04799119887106559,-0.020056182189899352,-0.02024372396808044
0,V01→V02,V01,V02,full_vs_condition0,condition0,NoCond,D2-021,0.007643870608780967,1.9491870052391467,0.016226996016758727,-0.015108516940506578,0.007643870608780967,0.011717687451070352,-0.005598180516753148
0,V01→V02,V01,V02,full_vs_condition0,condition0,NoCond,D2-022,-0.001611162758903717,-0.4108465035204478,-0.007256326484091469,0.0011302463618325653,0.03167556971311569,-0.015256826156451353,-0.001611162758903717
0,V01→V02,V01,V02,full_vs_condition0,condition0,NoCond,D2-023,0.020675642877562433,5.2722889337784204,0.036935386017092287,0.0036455425951215925,0.033067814623698205,-0.004212387351908237,0.020675642877562433
0,V01→V02,V01,V02,full_vs_condition0,condition0,NoCond,D2-024,-0.021723840829162372,-5.539579411436405,0.006663505076652476,0.020441772416234016,-0.04175508350488685,-0.021723840829162372,-0.022004706252898493
0,V01→V02,V01,V02,full_vs_condition0,condition0,NoCond,D2-025,-0.00019383459698918415,-0.04942782223224196,0.010559463666545033,0.03992284551944608,-0.00019383459698918415,-0.006961096345988765,-0.02526369749331006
0,V01→V02,V01,V02,full_vs_condition0,condition0,NoCond,D2-026,-0.005446872225514154,-1.3889524175061094,-0.0057232274501411995,0.01533605224556392,-0.005446872225514154,-0.03206269045670826,0.0022610510940904993
0,V01→V02,V01,V02,full_vs_condition0,condition0,NoCond,D2-027,0.010651635843767715,2.7161671401607674,0.05001603484784489,-0.006009525565243257,0.023175930259404343,-0.004299141624301839,0.010651635843767715
0,V01→V02,V01,V02,full_vs_condition0,condition0,NoCond,D2-028,0.035238382143852,8.98578744668226,0.07195273404702163,0.035238382143852,0.006097752409867763,0.04740163301810235,0.01581753073976594
0,V01→V02,V01,V02,full_vs_condition0,condition0,NoCond,D2-029,0.02186725518238619,5.576150071508479,0.027358921115878232,0.02186725518238619,0.0038508008579787867,0.030266920210055587,0.005725888523665623
0,V01→V02,V01,V02,full_vs_condition0,condition0,NoCond,D2-030,-0.0002232537257905176,-0.05692970007658199,-0.009019719181107555,0.009093963997621163,-0.01723408779385044,0.0020965663533584755,-0.0002232537257905176
0,V01→V02,V01,V02,full_vs_condition0,condition0,NoCond,D2-031,0.00262351076656242,0.6689952454734172,0.00262351076656242,0.029171926507014556,-0.0035964960944119273,-0.008828432094760058,0.006778120631124929
0,V01→V02,V01,V02,full_vs_condition0,condition0,NoCond,D2-032,-0.006787965271046498,-1.730931144116857,-0.0034948074054427236,-0.016348196481301536,-0.006787965271046498,-0.01142357471512584,-0.004418969911530735
0,V01→V02,V01,V02,full_vs_condition0,condition0,NoCond,D2-033,-0.0019522391113580284,-0.4978209733962973,-0.0019522391113580284,0.004423336509396053,0.009951863218756268,-0.029535458368413592,-0.009749655630074294
0,V01→V02,V01,V02,full_vs_condition0,condition0,NoCond,D2-034,-0.0020342657253855784,-0.5187377599733225,-0.0007611432127536261,-0.0020342657253855784,-0.0021174469637492283,0.0019166113010474634,-0.005109410792116131
0,V01→V02,V01,V02,full_vs_condition0,condition0,NoCond,D2-035,0.007787909408410398,1.9859168991446516,0.04066635876893998,-0.007192124029000602,0.05086870456735293,0.007787909408410398,-0.03226960301399229
0,V01→V02,V01,V02,full_vs_condition0,condition0,NoCond,D2-036,0.015800293485323608,4.02907483875752,-0.004451303283373537,0.019734974702199287,-0.00874682436386745,0.016049248476823152,0.015800293485323608
0,V01→V02,V01,V02,full_vs_condition0,condition0,NoCond,D2-037,0.006054835945919712,1.5439831662095265,0.020091190934181213,0.006054835945919712,-0.008731422669909616,0.011049022484156817,0.005286809160477579
0,V01→V02,V01,V02,full_vs_condition0,condition0,NoCond,D2-038,-0.04334090020733347,-11.051929552870035,-0.0656413638851408,0.029496586260696234,-0.023774709467860755,-0.04334090020733347,-0.09655493122497291
0,V01→V02,V01,V02,full_vs_condition0,condition0,NoCond,D2-039,0.018455346155425767,4.706113269633571,0.03982531385505261,0.018455346155425767,0.011925227382188819,0.022959371605789036,-0.021195718775624817
0,V01→V02,V01,V02,full_vs_condition0,condition0,NoCond,D2-040,0.00646886702626942,1.6495610916987022,0.02619025588035584,0.008484219511350033,0.00646886702626942,-0.018499150201678277,0.003007428509493648
0,V01→V02,V01,V02,full_vs_condition0,condition0,NoCond,D2-041,0.005371343189229549,1.3696925132535351,0.005371343189229549,0.008206189493648708,-0.007681903739770263,-0.006614283639161556,0.01617151211636761
0,V01→V02,V01,V02,full_vs_condition0,condition0,NoCond,D2-042,0.02472039983112212,6.30370195693614,0.017576331632179115,0.02472039983112212,0.028527734311003444,-0.02064035194571953,0.02881370907464223
0,V01→V02,V01,V02,full_vs_condition0,condition0,NoCond,D2-043,0.0032317499189000454,0.8240962293195115,-0.023893936771398394,-0.001011970926795086,0.023428318139753823,0.0032317499189000454,0.021838455542660618
0,V01→V02,V01,V02,full_vs_condition0,condition0,NoCond,D2-044,0.005865498273460945,1.495702059732541,-0.011719662650131912,0.03529620188989757,-0.008390260699354585,0.005865498273460945,0.008975180026925628
0,V01→V02,V01,V02,full_vs_condition0,condition0,NoCond,D2-045,0.0007570323844750537,0.1930432580411387,0.015090827031859322,-0.029557273057954636,0.0007570323844750537,-0.008246635308577888,0.0033956483183872344
0,V01→V02,V01,V02,full_vs_condition0,condition0,NoCond,D2-046,-0.005344629816129709,-1.3628806031130758,-0.009989840658843924,-0.005344629816129709,0.001608996156682363,0.0045252092552523215,-0.031064674363914108
0,V01→V02,V01,V02,full_vs_condition0,condition0,NoCond,D2-047,-0.01856449356376283,-4.733945858759522,0.018348734031331415,-0.0028946799473405505,-0.01856449356376283,-0.03531145099234784,-0.024132821824675216
0,V01→V02,V01,V02,full_vs_condition0,condition0,NoCond,D2-048,0.008179290124621152,2.0857189817783937,0.002814829874879271,0.008179290124621152,0.018661428816043407,-0.0194225310324094,0.011707850087147503
0,V01→V02,V01,V02,full_vs_condition0,condition0,NoCond,D2-049,0.012084484702408915,3.0815435991142732,0.01314083735148111,0.012084484702408915,0.004007946549340946,0.019448562628693072,-0.01902622526342221
0,V01→V02,V01,V02,full_vs_condition0,condition0,NoCond,D2-050,-0.03557304225184704,-9.071125774220995,-0.018909542134614876,0.02021016319743313,-0.047558022456036686,-0.03557304225184704,-0.037479517812078644
0,V01→V02,V01,V02,full_vs_condition0,condition0,NoCond,D2-051,-0.03382166731974176,-8.624525166534148,-0.05212898415395578,-0.087212604095881,-0.0029820724893575568,-0.03194215705339937,-0.03382166731974176
0,V01→V02,V01,V02,full_vs_condition0,condition0,NoCond,D2-052,-0.002701842994020681,-0.6889699634752737,-0.011036051404580721,0.022343392696296954,-0.021588628098630075,-0.000771056011057758,-0.002701842994020681
0,V01→V02,V01,V02,full_vs_condition0,condition0,NoCond,D2-053,-0.03364653060478823,-8.579865304220998,-0.05701548011884802,0.019851941260553563,-0.038344040513038635,-0.012917517906143566,-0.03364653060478823
0,V01→V02,V01,V02,full_vs_condition0,condition0,NoCond,D2-054,-0.004714944158439288,-1.2023107604020185,-0.06595196023031519,-0.0013012598027233868,0.002454316795424155,-0.019370298418733806,-0.004714944158439288
0,V01→V02,V01,V02,full_vs_condition0,condition0,NoCond,D2-055,-0.009006283274202637,-2.2966022349216724,0.007357971460530244,-0.026597598210127665,-0.007396840386920511,-0.009006283274202637,-0.02042590160713051
0,V01→V02,V01,V02,full_vs_condition0,condition0,NoCond,D2-056,0.0025539034977555275,0.6512453919276595,-0.01094783004373312,-0.015182020039194166,0.006077312709142746,0.0025539034977555275,0.007016733806166409
0,V01→V02,V01,V02,full_vs_condition0,condition0,NoCond,D2-057,0.0013531426987284934,0.3450513881757658,0.004928822410695338,0.023206035664052133,0.0013531426987284934,-0.008958944085019627,0.0010233277248011818
0,V01→V02,V01,V02,full_vs_condition0,condition0,NoCond,D2-058,0.0009273072412493144,0.23646334651857517,-0.00853433598782502,0.005073460695498133,-0.022315818378153968,0.0009273072412493144,0.00783322868393918
0,V01→V02,V01,V02,full_vs_condition0,condition0,NoCond,D2-059,0.018584704477023456,4.739099641640982,0.03803019985264422,-0.0034795931838696448,0.018584704477023456,0.028297888735930116,-0.01719189108976353
0,V01→V02,V01,V02,full_vs_condition0,condition0,NoCond,D2-060,-0.020320074011882155,-5.18161887302995,-0.043965261063387245,-0.023539324967652292,-0.0021799934279714828,0.03720739943922585,-0.020320074011882155
0,V01→V02,V01,V02,full_vs_condition0,condition0,NoCond,D2-061,-0.005107207615406062,-1.302337941928546,0.02122147069909633,-0.011565281718205173,-0.005250721558546417,0.029578561421770316,-0.005107207615406062
0,V01→V02,V01,V02,full_vs_condition0,condition0,NoCond,D2-062,0.01147224065067809,2.925421365922913,0.001972249883219479,0.02660285393760456,0.018793673443842723,0.01147224065067809,-0.017263714345247788
0,V01→V02,V01,V02,full_vs_condition0,condition0,NoCond,D2-063,-0.0140235324335449,-3.5760007705539496,-0.010589040669740424,-0.0140235324335449,-0.025653379731902903,-0.03826590105160779,-0.003953136174994376
0,V01→V02,V01,V02,full_vs_condition0,condition0,NoCond,D2-064,-0.04790273407060239,-12.215197188003609,-0.06435226911885872,-0.06011450050605671,-0.04790273407060239,0.0003025013125605158,-0.0028915771593649997
0,V01→V02,V01,V02,full_vs_condition0,condition0,NoCond,D2-065,0.01406301297079604,3.58606830755299,0.043179872940789454,0.016441807721380708,0.01406301297079604,-0.009196227752007874,-0.02387789698099499
0,V01→V02,V01,V02,full_vs_condition0,condition0,NoCond,D2-066,-0.013296060276050597,-3.390495370392902,0.012457039195280045,0.01061711780344829,-0.013296060276050597,-0.01767586995489323,-0.016745410740184485
0,V01→V02,V01,V02,full_vs_condition0,condition0,NoCond,D2-067,0.006925079407113954,1.7658952488140582,0.013002957922942704,0.024713446019273833,0.006925079407113954,-0.013098504958730772,-0.03920398900906247
0,V01→V02,V01,V02,full_vs_condition0,condition0,NoCond,D2-068,0.009408656176593588,2.399207325031365,-0.008267495160301563,0.030963730356759506,0.007523559489183956,0.009408656176593588,0.026620955972207927
0,V01→V02,V01,V02,full_vs_condition0,condition0,NoCond,D2-069,0.03273918233154452,8.348491494543852,0.08796412934202189,-0.007108080328679545,-0.014169741577158362,0.03273918233154452,0.044646552563005815
0,V01→V02,V01,V02,full_vs_condition0,condition0,NoCond,D2-070,0.006786624590555818,1.7305892705917334,0.006786624590555818,0.009577861136716326,0.003201786590659089,0.05103225390548294,-0.023246266595695314
0,V01→V02,V01,V02,full_vs_condition0,condition0,NoCond,D2-071,-0.010875630427641114,-2.773285759048484,-0.029720211787281015,-0.010875630427641114,-0.04327142691108016,0.029004392185897565,0.02597264424342699
0,V01→V02,V01,V02,full_vs_condition0,condition0,NoCond,D2-072,0.020281368659602256,5.171749008198575,-0.027910580165720206,0.027648901521871605,-0.000547679258141559,0.030210471275635975,0.020281368659602256
0,V01→V02,V01,V02,full_vs_condition0,condition0,NoCond,D2-073,-0.013252431411267251,-3.379370009873149,0.0306504050688457,-0.015240198622147233,-0.013252431411267251,-0.014498648038783729,0.007394051482511099
0,V01→V02,V01,V02,full_vs_condition0,condition0,NoCond,D2-074,-0.01642369717225295,-4.188042778924502,-0.025853011790696573,-0.010804021143698495,-0.028485675568918956,0.001082989345262686,-0.01642369717225295
0,V01→V02,V01,V02,full_vs_condition0,condition0,NoCond,D2-075,0.030507992495570235,7.77953808637041,0.024760675796291265,0.032076911968097366,0.04436735923222279,0.030507992495570235,0.007047257533198903
0,V01→V02,V01,V02,full_vs_condition0,condition0,NoCond,D2-076,0.02521219114080453,6.429108740905155,-0.0070144855059109945,-0.04661180728521103,0.031022086070898236,0.02521219114080453,0.08673727989960939
0,V01→V02,V01,V02,full_vs_condition0,condition0,NoCond,D2-077,0.006133735660583728,1.5641025934488506,0.04464654736621407,0.04836186958897501,-0.014428557327357677,0.006133735660583728,0.0010818952834734108
0,V01→V02,V01,V02,full_vs_condition0,condition0,NoCond,D2-078,0.005558672790408975,1.4174615615542887,0.005558672790408975,-0.013528106086854369,0.058866389465670216,-0.007760598172321387,0.015492218923061463
0,V01→V02,V01,V02,full_vs_condition0,condition0,NoCond,D2-079,-0.013022649422209098,-3.32077560266332,-0.029773229644412078,0.005002474737545809,-0.013022649422209098,-0.014605182740423397,0.002037152647972107
0,V01→V02,V01,V02,full_vs_condition0,condition0,NoCond,D2-080,-0.005031494789471902,-1.283031171315335,-0.0019824871427664426,0.00627094343917009,-0.0190554924615442,-0.02779919900782578,-0.005031494789471902
0,V01→V02,V01,V02,full_vs_condition0,condition0,NoCond,D2-081,0.003979382770402107,1.014742606452537,-0.004117971516790858,0.026285509765148152,0.018230317816847835,0.003979382770402107,-0.018986557565984274
0,V01→V02,V01,V02,full_vs_condition0,condition0,NoCond,D2-082,-0.007028436438105579,-1.7922512917169224,-0.007028436438105579,-0.008483480340961747,-0.04892368276400125,0.045107283982737334,0.0062096449492991534
0,V01→V02,V01,V02,full_vs_condition0,condition0,NoCond,D2-083,0.011797082678573892,3.0082560830363425,0.034051184126032086,-0.014762607168375963,0.029520484459836308,-0.007138772708613697,0.011797082678573892
0,V01→V02,V01,V02,full_vs_condition0,condition0,NoCond,D2-084,0.0059832551184741956,1.5257300552109199,-0.005969025280283785,0.006554401640234325,0.004512301978023575,0.0059832551184741956,0.008466389672509553
0,V01→V02,V01,V02,full_vs_condition0,condition0,NoCond,D2-085,0.004301631393340943,1.0969160053019404,0.008893290518695474,0.004301631393340943,-0.010347136256531775,0.056304738267810406,-0.02894352153580415
0,V01→V02,V01,V02,full_vs_condition0,condition0,NoCond,D2-086,-0.01935318026632543,-4.935060967912985,-0.01935318026632543,0.008501031598637965,0.00028061086223241105,-0.03364918904290312,-0.026446069842056635
0,V01→V02,V01,V02,full_vs_condition0,condition0,NoCond,D2-087,-0.0289215269358524,-7.374989368642361,-0.0289215269358524,-0.02764067660067593,-0.08134829461136286,-0.026279771590934087,-0.033992123613560105
0,V01→V02,V01,V02,full_vs_condition0,condition0,NoCond,D2-088,0.03509548473758277,8.949348608083605,0.0368705875740421,0.013808856545775045,0.06648282399746003,-0.018373602018174187,0.03509548473758277
0,V01→V02,V01,V02,full_vs_condition0,condition0,NoCond,D2-089,-0.0033365404348314615,-0.8508178108820227,0.05216566937757128,0.021398468379989086,-0.020998932444203047,-0.02041132674541002,-0.0033365404348314615
0,V01→V02,V01,V02,full_vs_condition0,condition0,NoCond,D2-090,0.0032400928957517783,0.8262236884167035,0.01824464995500652,0.01639738182226813,0.001122749591058514,-0.011064252707847333,0.0032400928957517783
0,V01→V02,V01,V02,full_vs_condition0,condition0,NoCond,D2-091,-0.03419939619267273,-8.720846029131547,-0.033644641394771274,-0.037798453033679985,-0.047568789128923705,-0.03419939619267273,-0.003662745069180212
0,V01→V02,V01,V02,full_vs_condition0,condition0,NoCond,D2-092,-0.020148694713910426,-5.137917152047159,-0.048230939358472835,0.010306733151276892,-0.022147039423386278,-0.020148694713910426,-0.01389927739898364
0,V01→V02,V01,V02,full_vs_condition0,condition0,NoCond,D2-093,0.018318379637580234,4.67118680758296,0.012979266778478077,0.018318379637580234,0.039632223733940986,-0.023025329664068395,0.0470695190084805
0,V01→V02,V01,V02,full_vs_condition0,condition0,NoCond,D2-094,-0.020459759428545332,-5.217238654279059,-0.020459759428545332,0.0696421636061536,0.011093837726447286,-0.024860276737146914,-0.044097592364306826
0,V01→V02,V01,V02,full_vs_condition0,condition0,NoCond,D2-095,-0.01492490304204136,-3.805850275720547,-0.015501601287187639,0.04023312032222748,-0.013618316740179659,-0.040132715342900666,-0.01492490304204136
0,V01→V02,V01,V02,full_vs_condition0,condition0,NoCond,D2-096,-0.0017666651556889346,-0.45049961470067834,-0.005213813980420423,0.008891728706657887,-0.00882749551286302,-0.0017666651556889346,0.006287854661544162
0,V01→V02,V01,V02,full_vs_condition0,condition0,NoCond,D2-097,0.005886028750219208,1.500937331305898,0.015199846115665161,0.00029178190490472544,-0.02947309899373332,0.005886028750219208,0.043826275329658965
0,V01→V02,V01,V02,full_vs_condition0,condition0,NoCond,D2-098,-0.005978819810681865,-1.5245990517238757,-0.01892372621939732,-0.005978819810681865,0.014583032259829015,0.00535225008542721,-0.022647380685577034
0,V01→V02,V01,V02,full_vs_condition0,condition0,NoCond,D2-099,0.03456091956247259,8.81303448843051,0.03456091956247259,0.036815915461079485,-0.0016863373764456902,-0.008348733029536565,0.04474764968021008
0,V01→V02,V01,V02,full_vs_condition0,condition0,NoCond,D2-100,-0.01847341145329484,-4.710719920590185,-0.03402687643379085,-0.03253495443458859,0.011295130643784346,-0.01847341145329484,-0.012624243448736028
0,V01→V02,V01,V02,full_vs_b_lite_ft,b_lite_ft,B-lite 同任务微调,D2-001,0.06267986630184064,15.983365906969363,0.0761721588779187,0.03147510525541031,0.07917277244985965,0.06267986630184064,0.03179781138896942
0,V01→V02,V01,V02,full_vs_b_lite_ft,b_lite_ft,B-lite 同任务微调,D2-002,-0.018875157055647462,-4.813165049190103,-0.03727770002855768,-0.024823859333992004,-0.018875157055647462,-0.003594063114428836,-0.0039487796417181364
0,V01→V02,V01,V02,full_vs_b_lite_ft,b_lite_ft,B-lite 同任务微调,D2-003,-0.03915443142940257,-9.984380014497656,-0.03915443142940257,-0.021961664759564667,-0.08032656777864215,-0.045378357514567744,-0.024276065715085504
0,V01→V02,V01,V02,full_vs_b_lite_ft,b_lite_ft,B-lite 同任务微调,D2-004,-0.027949013850755183,-7.126998531942572,-0.007975094848208963,-0.027949013850755183,-0.01795318176349006,-0.054713605013158556,-0.03499139559765657
0,V01→V02,V01,V02,full_vs_b_lite_ft,b_lite_ft,B-lite 同任务微调,D2-005,-0.018786392687075604,-4.790530135204279,-0.014785149968771574,-0.04471767639898391,-0.021879632699202345,0.002204254538898026,-0.018786392687075604
0,V01→V02,V01,V02,full_vs_b_lite_ft,b_lite_ft,B-lite 同任务微调,D2-006,0.0010939994405326503,0.2789698573358258,-0.01555947291017068,-0.00101256618897122,0.0010939994405326503,0.024654779107972896,0.022966044736497215
0,V01→V02,V01,V02,full_vs_b_lite_ft,b_lite_ft,B-lite 同任务微调,D2-007,0.08456226427163649,21.563377389267306,0.05137499381060623,0.08456226427163649,0.10584335722288679,0.07267999460003266,0.10159285069994664
0,V01→V02,V01,V02,full_vs_b_lite_ft,b_lite_ft,B-lite 同任务微调,D2-008,0.035968908292501156,9.172071614587795,0.03836066714253554,0.035968908292501156,0.07175141993631312,0.01783018021964701,0.012808525491328465
0,V01→V02,V01,V02,full_vs_b_lite_ft,b_lite_ft,B-lite 同任务微调,D2-009,-0.0194747968047273,-4.966073185205461,-0.046529953678448976,-0.0194747968047273,-0.008098282504315435,-0.0094920152104368,-0.04766271745457368
0,V01→V02,V01,V02,full_vs_b_lite_ft,b_lite_ft,B-lite 同任务微调,D2-010,0.12948839121735564,33.01953976042569,0.1664388806869586,0.12487562037273947,0.12948839121735564,0.1102817045415149,0.13416165328931576
0,V01→V02,V01,V02,full_vs_b_lite_ft,b_lite_ft,B-lite 同任务微调,D2-011,0.0525838148055805,13.408872775423028,0.0525838148055805,0.04526520241051912,0.10277167389479777,-0.012473706569936543,0.08692060561022825
0,V01→V02,V01,V02,full_vs_b_lite_ft,b_lite_ft,B-lite 同任务微调,D2-012,0.06148162309793717,15.67781388997398,0.07427536420101394,0.08625785768666164,0.06148162309793717,0.050460442464719424,0.046855672665521625
0,V01→V02,V01,V02,full_vs_b_lite_ft,b_lite_ft,B-lite 同任务微调,D2-013,0.04944722382272154,12.609042074793994,-0.005537437911853849,0.041278389171084284,0.054111395063053846,0.06032061439134878,0.04944722382272154
0,V01→V02,V01,V02,full_vs_b_lite_ft,b_lite_ft,B-lite 同任务微调,D2-014,0.10496698940793675,26.76658229902387,0.10496698940793675,0.07958094589412212,0.12703168817928862,0.09259254946595147,0.12218028901233563
0,V01→V02,V01,V02,full_vs_b_lite_ft,b_lite_ft,B-lite 同任务微调,D2-015,-0.013696839743190345,-3.492694134513538,-0.011740706088366332,-0.02751491180172673,-0.021893242663807336,-0.013696839743190345,-0.00995319717460208
0,V01→V02,V01,V02,full_vs_b_lite_ft,b_lite_ft,B-lite 同任务微调,D2-016,-0.003211882440641578,-0.8190300223636025,-0.02610620715245296,-0.0006696560991153733,-0.003211882440641578,0.011691629717992674,-0.008786104619503021
0,V01→V02,V01,V02,full_vs_b_lite_ft,b_lite_ft,B-lite 同任务微调,D2-017,0.06025726903998657,15.365603605196576,0.05430272481744253,0.04551982974249219,0.09227825062615533,0.06025726903998657,0.08540790397969505
0,V01→V02,V01,V02,full_vs_b_lite_ft,b_lite_ft,B-lite 同任务微调,D2-018,-0.052506741926525574,-13.389219191264022,-0.042396239569467115,-0.05926588196495566,-0.08404688734674093,-0.05059402468943537,-0.052506741926525574
0,V01→V02,V01,V02,full_vs_b_lite_ft,b_lite_ft,B-lite 同任务微调,D2-019,-0.018333704935179815,-4.675094758470853,-0.04242970145962857,-0.01532613817188476,-0.01808351568049854,-0.018333704935179815,-0.027800538818593373
0,V01→V02,V01,V02,full_vs_b_lite_ft,b_lite_ft,B-lite 同任务微调,D2-020,-0.07238590717315674,-18.45840632915497,-0.07238590717315674,-0.01699050866505679,-0.08970448170222489,-0.06576015471535572,-0.09115693104617736
0,V01→V02,V01,V02,full_vs_b_lite_ft,b_lite_ft,B-lite 同任务微调,D2-021,0.002712893830512153,0.6917879267805991,0.0036075643954738557,-0.02076540422695941,0.002712893830512153,-0.0036004166849838704,0.005280699140282091
0,V01→V02,V01,V02,full_vs_b_lite_ft,b_lite_ft,B-lite 同任务微调,D2-022,0.03246560370848506,8.27872894566369,0.002125064347997141,0.03496220597514399,0.041187990042898415,0.014462574396604366,0.03246560370848506
0,V01→V02,V01,V02,full_vs_b_lite_ft,b_lite_ft,B-lite 同任务微调,D2-023,0.06665790342112893,16.997765372387878,0.06665790342112893,0.0495775392294949,0.08013446336118585,0.06272852471751025,0.07961476040192139
0,V01→V02,V01,V02,full_vs_b_lite_ft,b_lite_ft,B-lite 同任务微调,D2-024,-0.0188240193362747,-4.800124930750049,-0.0053725884783835665,-0.027257406818015223,-0.07013436974514098,-0.013386426493525505,-0.0188240193362747
0,V01→V02,V01,V02,full_vs_b_lite_ft,b_lite_ft,B-lite 同任务微调,D2-025,0.059741001990106374,15.233955507477125,0.056360351347845394,0.0743535727846856,0.1063816921383727,0.047269211290708546,0.059741001990106374
0,V01→V02,V01,V02,full_vs_b_lite_ft,b_lite_ft,B-lite 同任务微调,D2-026,0.055700558313617005,14.203642369972336,0.04955561067219133,0.055700558313617005,0.06104650177337506,0.05487189303945611,0.0598951886649485
0,V01→V02,V01,V02,full_vs_b_lite_ft,b_lite_ft,B-lite 同任务微调,D2-027,0.06877922877748177,17.53870333825785,0.08260212188202237,0.06877922877748177,0.11267029943447265,0.03355460988466069,0.06063462748492837
0,V01→V02,V01,V02,full_vs_b_lite_ft,b_lite_ft,B-lite 同任务微调,D2-028,0.11874306068206447,30.27948047392644,0.10289944498202741,0.14867319586949468,0.14868518719688445,0.08673082177455604,0.11874306068206447
0,V01→V02,V01,V02,full_vs_b_lite_ft,b_lite_ft,B-lite 同任务微调,D2-029,0.08755832263883556,22.32737227290307,0.08755832263883556,0.05658954859904522,0.10303591576012425,0.10254211091208007,0.05924305394760468
0,V01→V02,V01,V02,full_vs_b_lite_ft,b_lite_ft,B-lite 同任务微调,D2-030,0.02416831905058786,6.162921357899904,0.006154605863141066,0.018805679956487575,0.02641490992962145,0.02416831905058786,0.026519178394593446
0,V01→V02,V01,V02,full_vs_b_lite_ft,b_lite_ft,B-lite 同任务微调,D2-031,0.024152851655958124,6.158977172269322,0.030730606124895365,0.016732717871787095,0.034750877069385094,0.024152851655958124,0.005623468235740808
0,V01→V02,V01,V02,full_vs_b_lite_ft,b_lite_ft,B-lite 同任务微调,D2-032,-0.03117359659778393,-7.949267132434903,-0.03188002636519874,-0.0321593204043745,-0.015854682258474168,-0.02489431871752429,-0.03117359659778393
0,V01→V02,V01,V02,full_vs_b_lite_ft,b_lite_ft,B-lite 同任务微调,D2-033,0.020748560919481185,5.2908830344677025,0.020748560919481185,0.021704165082351845,0.043085065834662484,-0.007797604244129341,-0.012269244036253762
0,V01→V02,V01,V02,full_vs_b_lite_ft,b_lite_ft,B-lite 同任务微调,D2-034,-0.007243232476332823,-1.8470242814648699,-0.012044508010149002,-0.007243232476332823,0.004897786570446844,-0.004460706065098449,-0.017646712916237955
0,V01→V02,V01,V02,full_vs_b_lite_ft,b_lite_ft,B-lite 同任务微调,D2-035,0.08182759220401448,20.86603601202369,0.09319424003362659,0.07594379554192221,0.08182759220401448,0.07011987219254179,0.12524406929810844
0,V01→V02,V01,V02,full_vs_b_lite_ft,b_lite_ft,B-lite 同任务微调,D2-036,0.0579250106215477,14.770877708494664,0.0341538972655932,0.0579250106215477,0.03750410397847492,0.05876237541437149,0.07601748963197072
0,V01→V02,V01,V02,full_vs_b_lite_ft,b_lite_ft,B-lite 同任务微调,D2-037,0.051475277032565186,13.126195643304122,0.051475277032565186,0.038308426875759055,0.04225933103373758,0.05361994024780062,0.07154137044455167
0,V01→V02,V01,V02,full_vs_b_lite_ft,b_lite_ft,B-lite 同任务微调,D2-038,-0.10382231999414437,-26.474691598506816,-0.0973355391655456,-0.10382231999414437,-0.13099934197397844,-0.09029823397709563,-0.1116062919468139
0,V01→V02,V01,V02,full_vs_b_lite_ft,b_lite_ft,B-lite 同任务微调,D2-039,0.07189940335453998,18.334347855407696,0.07189940335453998,0.05847830888657751,0.09601505239300684,0.10017880570629367,0.06416606242601997
0,V01→V02,V01,V02,full_vs_b_lite_ft,b_lite_ft,B-lite 同任务微调,D2-040,0.08756227595110733,22.328380367532368,0.06920003260175389,0.07244500875473026,0.09969545175631844,0.08756227595110733,0.10303995903581378
0,V01→V02,V01,V02,full_vs_b_lite_ft,b_lite_ft,B-lite 同任务微调,D2-041,0.004974969197064638,1.2686171452514827,-0.005635105694333731,0.005285718051406263,-0.015350293833762407,0.015391554683446884,0.004974969197064638
0,V01→V02,V01,V02,full_vs_b_lite_ft,b_lite_ft,B-lite 同任务微调,D2-042,0.05250427118170331,13.388589151334344,0.038663728674601355,0.05250427118170331,0.06904259058292844,0.04944454427612452,0.07624641008544386
0,V01→V02,V01,V02,full_vs_b_lite_ft,b_lite_ft,B-lite 同任务微调,D2-043,0.05503478210571916,14.033869436958385,0.02482118318129703,0.05357506755761238,0.060470869884504896,0.05503478210571916,0.06980406573554229
0,V01→V02,V01,V02,full_vs_b_lite_ft,b_lite_ft,B-lite 同任务微调,D2-044,0.053975212353247204,13.763679150078037,0.008354847445900038,0.053975212353247204,0.09109184495460843,0.07230583072444541,0.053670335882975734
0,V01→V02,V01,V02,full_vs_b_lite_ft,b_lite_ft,B-lite 同任务微调,D2-045,0.005265854299068451,1.342792846262455,-0.013912374996358445,0.017398651245804087,0.006096771873888518,-0.009674554158534299,0.005265854299068451
0,V01→V02,V01,V02,full_vs_b_lite_ft,b_lite_ft,B-lite 同任务微调,D2-046,-0.013464575435252896,-3.4334667359894886,-0.00714083354101111,-0.01830850636705439,-0.013464575435252896,-0.009461604639993515,-0.022044974015959617
0,V01→V02,V01,V02,full_vs_b_lite_ft,b_lite_ft,B-lite 同任务微调,D2-047,-0.00798320220415033,-2.0357165620583344,-0.00798320220415033,0.00610215508373782,-0.005910540836216033,-0.04280024561715329,-0.027207319935162844
0,V01→V02,V01,V02,full_vs_b_lite_ft,b_lite_ft,B-lite 同任务微调,D2-048,0.08797427892493895,22.43344112585943,0.08797427892493895,0.06862714709952855,0.09929151737537142,0.07661277705278155,0.08816552720963955
0,V01→V02,V01,V02,full_vs_b_lite_ft,b_lite_ft,B-lite 同任务微调,D2-049,0.022927816769089365,5.846593276117789,-0.002774991320841247,0.022927816769089365,0.004721602970602534,0.03910125430786249,0.03748056345214745
0,V01→V02,V01,V02,full_vs_b_lite_ft,b_lite_ft,B-lite 同任务微调,D2-050,-0.06878532491850131,-17.540257854217835,-0.0701704316894815,-0.06145926158536563,-0.08330502041211035,-0.06878532491850131,-0.05736716697462879
0,V01→V02,V01,V02,full_vs_b_lite_ft,b_lite_ft,B-lite 同任务微调,D2-051,-0.07768199220299718,-19.80890801176428,-0.09358776446389053,-0.07768199220299718,-0.04919510261937121,-0.07832931427434944,-0.06615896497307153
0,V01→V02,V01,V02,full_vs_b_lite_ft,b_lite_ft,B-lite 同任务微调,D2-052,-0.030415845087222865,-7.75604049724183,-0.02325042624745452,-0.012307379329413698,-0.04430705184737843,-0.03434100714430474,-0.030415845087222865
0,V01→V02,V01,V02,full_vs_b_lite_ft,b_lite_ft,B-lite 同任务微调,D2-053,-0.06612584766532692,-16.862091154658366,-0.06612584766532692,-0.03860543756967498,-0.08004759447205634,-0.04764854074234054,-0.10144644949053015
0,V01→V02,V01,V02,full_vs_b_lite_ft,b_lite_ft,B-lite 同任务微调,D2-054,-0.05141671029505905,-13.111261125240057,-0.059346784182168835,-0.057967477960994954,-0.028934023584480648,-0.05141671029505905,-0.03725938547264647
0,V01→V02,V01,V02,full_vs_b_lite_ft,b_lite_ft,B-lite 同任务微调,D2-055,-0.019497020753345112,-4.971740292103004,0.013786061243577424,-0.04426015988744869,-0.019497020753345112,-0.03191731666976755,-0.01674279450166105
0,V01→V02,V01,V02,full_vs_b_lite_ft,b_lite_ft,B-lite 同任务微调,D2-056,-0.09808801181821361,-25.01244301364447,-0.1172844591136608,-0.10095916631528072,-0.09808801181821361,-0.09276750052554741,-0.08338168915361165
0,V01→V02,V01,V02,full_vs_b_lite_ft,b_lite_ft,B-lite 同任务微调,D2-057,-0.01954114296063475,-4.982991454961861,-0.01954114296063475,-0.010108566425219484,-0.03566104205854145,-0.009281543186969249,-0.030441063007822733
0,V01→V02,V01,V02,full_vs_b_lite_ft,b_lite_ft,B-lite 同任务微调,D2-058,-0.0820945401438603,-20.93410773668438,-0.06457844858660419,-0.01675485680792846,-0.11910322118623584,-0.0820945401438603,-0.1067611388862133
0,V01→V02,V01,V02,full_vs_b_lite_ft,b_lite_ft,B-lite 同任务微调,D2-059,0.05902803772025639,15.052149618665378,0.0712800853295264,0.05902803772025639,0.06971553318640764,0.04243588170000151,0.04831739159580928
0,V01→V02,V01,V02,full_vs_b_lite_ft,b_lite_ft,B-lite 同任务微调,D2-060,-0.047880556784633904,-12.209541980081646,-0.04699671548655909,-0.04552048424051866,-0.07552171141928077,-0.051516214130907984,-0.047880556784633904
0,V01→V02,V01,V02,full_vs_b_lite_ft,b_lite_ft,B-lite 同任务微调,D2-061,-0.04588236948236439,-11.70000421800292,-0.04537550258712891,-0.05475087116161982,-0.05402650779638536,-0.03906207914726857,-0.04588236948236439
0,V01→V02,V01,V02,full_vs_b_lite_ft,b_lite_ft,B-lite 同任务微调,D2-062,-0.006658290823300689,-1.6978641599416757,-0.006658290823300689,0.0062157403283972235,-0.0003734150734858721,-0.03129477533928263,-0.020363508413235365
0,V01→V02,V01,V02,full_vs_b_lite_ft,b_lite_ft,B-lite 同任务微调,D2-063,-0.031220521376121302,-7.961232950910932,-0.006887832619980272,-0.031220521376121302,-0.02794186391082465,-0.03766925899567558,-0.05639597572678445
0,V01→V02,V01,V02,full_vs_b_lite_ft,b_lite_ft,B-lite 同任务微调,D2-064,-0.03751754949076308,-9.566975120144585,-0.03751754949076308,-0.03726642148362269,-0.0547365701550411,-0.00516231790598895,-0.04776792536593147
0,V01→V02,V01,V02,full_vs_b_lite_ft,b_lite_ft,B-lite 同任务微调,D2-065,-0.0606929471061842,-15.47670151207697,-0.027800361483215213,-0.07285716223555644,-0.009926489210343586,-0.0606929471061842,-0.06338885450853152
0,V01→V02,V01,V02,full_vs_b_lite_ft,b_lite_ft,B-lite 同任务微调,D2-066,-0.05140254233414546,-13.107648295207092,-0.06587035730719948,-0.05140254233414546,-0.02905180157186127,-0.08372611944109967,-0.049239836776485815
0,V01→V02,V01,V02,full_vs_b_lite_ft,b_lite_ft,B-lite 同任务微调,D2-067,-0.06635388551336346,-16.92024080590768,-0.054329047374653106,-0.13037869650306122,-0.025666899527564235,-0.07871343511523626,-0.06635388551336346
0,V01→V02,V01,V02,full_vs_b_lite_ft,b_lite_ft,B-lite 同任务微调,D2-068,0.14842455954187447,37.84826268317799,0.09023575720687704,0.14842455954187447,0.16951038961609205,0.13571067626277605,0.1823264723850621
0,V01→V02,V01,V02,full_vs_b_lite_ft,b_lite_ft,B-lite 同任务微调,D2-069,0.08733934689057518,22.27153345709667,0.09776602018916722,0.043453129300591975,0.08733934689057518,0.07562493216976815,0.11027806858513872
0,V01→V02,V01,V02,full_vs_b_lite_ft,b_lite_ft,B-lite 同任务微调,D2-070,0.03487003945570061,8.891860061203655,0.034185126531815185,0.03487003945570061,0.04301964815544046,0.0828695184942605,0.02138200715400171
0,V01→V02,V01,V02,full_vs_b_lite_ft,b_lite_ft,B-lite 同任务微调,D2-071,-0.04712990735365885,-12.018126375183007,0.006938716264987266,-0.048109722050904025,-0.09113216054898621,-0.04712990735365885,0.03854336521842261
0,V01→V02,V01,V02,full_vs_b_lite_ft,b_lite_ft,B-lite 同任务微调,D2-072,-0.013458868083746522,-3.432011361355363,-0.013458868083746522,-0.02253920649704727,-0.008085052388301789,-0.01868988264010149,0.008069844565529755
0,V01→V02,V01,V02,full_vs_b_lite_ft,b_lite_ft,B-lite 同任务微调,D2-073,0.036299746902298535,9.256435460086127,0.036299746902298535,0.04572154125270919,0.036236465020581726,0.048152047245539426,0.025407508997492084
0,V01→V02,V01,V02,full_vs_b_lite_ft,b_lite_ft,B-lite 同任务微调,D2-074,-0.0003683515362911671,-0.09392964175424762,0.002101473308898316,-0.0003683515362911671,-0.023737884806217358,0.02392632339720252,-0.0009454533726245273
0,V01→V02,V01,V02,full_vs_b_lite_ft,b_lite_ft,B-lite 同任务微调,D2-075,-0.004453235028082869,-1.1355749321611317,-0.004453235028082869,-0.04348714989528324,-0.0020638295498333625,0.010965824127197266,-0.02814067638756934
0,V01→V02,V01,V02,full_vs_b_lite_ft,b_lite_ft,B-lite 同任务微调,D2-076,-0.025899409770201443,-6.604349491401368,-0.05859316407870019,-0.03446487136758292,0.013578847432747843,-0.025899409770201443,0.02113650586360538
0,V01→V02,V01,V02,full_vs_b_lite_ft,b_lite_ft,B-lite 同任务微调,D2-077,0.07601225600447703,19.38312528114164,0.10908223576443168,0.06534288983832123,0.07241532807388615,0.07601225600447703,0.09369050495086176
0,V01→V02,V01,V02,full_vs_b_lite_ft,b_lite_ft,B-lite 同任务微调,D2-078,0.10668466900680082,27.20459059673421,0.10668466900680082,0.08272433698388704,0.11235012169531053,0.07367320842248329,0.11821919658505325
0,V01→V02,V01,V02,full_vs_b_lite_ft,b_lite_ft,B-lite 同任务微调,D2-079,-0.002612910021549786,-0.6662920554951954,-0.026357242354640265,0.0032582446223213546,-0.008801532722024052,-0.002612910021549786,-0.00029684122277315317
0,V01→V02,V01,V02,full_vs_b_lite_ft,b_lite_ft,B-lite 同任务微调,D2-080,0.034866377779337904,8.890926333731166,0.03884391728193248,0.009234521895238795,0.034866377779337904,0.02640976054279226,0.03511457369752127
0,V01→V02,V01,V02,full_vs_b_lite_ft,b_lite_ft,B-lite 同任务微调,D2-081,-0.013769478741146257,-3.5112170789922956,-0.016716971709614697,-0.023814478232747016,-0.013381660977999366,-0.013769478741146257,0.009727614905153004
0,V01→V02,V01,V02,full_vs_b_lite_ft,b_lite_ft,B-lite 同任务微调,D2-082,-0.06928532026793763,-17.667756668324095,-0.09076359868049622,-0.03722929738290692,-0.06928532026793763,-0.07688246410468527,-0.06905997912774142
0,V01→V02,V01,V02,full_vs_b_lite_ft,b_lite_ft,B-lite 同任务微调,D2-083,0.020882012519409993,5.324913192449548,0.03027353726509141,-0.017891424821644283,0.022657194000676395,0.008643365972410375,0.020882012519409993
0,V01→V02,V01,V02,full_vs_b_lite_ft,b_lite_ft,B-lite 同任务微调,D2-084,-0.04424710931449101,-11.283012875195208,-0.05386662174915445,-0.04424710931449101,-0.051232563010577506,-0.018122037166151503,-0.0436925559208311
0,V01→V02,V01,V02,full_vs_b_lite_ft,b_lite_ft,B-lite 同任务微调,D2-085,-0.0695860204804275,-17.74443522250901,-0.06811124616517472,-0.1042605424220236,-0.05733074235101035,-0.0695860204804275,-0.0752747617661953
0,V01→V02,V01,V02,full_vs_b_lite_ft,b_lite_ft,B-lite 同任务微调,D2-086,-0.05035550930788593,-12.840654873510912,-0.05035550930788593,-0.05649217711909424,-0.04671156663625012,-0.050006444610300516,-0.06535088335947387
0,V01→V02,V01,V02,full_vs_b_lite_ft,b_lite_ft,B-lite 同任务微调,D2-087,-0.11318123847051381,-28.861215809981022,-0.09839453470278409,-0.11318123847051381,-0.1624755239467216,-0.1410111528790854,-0.06748282393209296
0,V01→V02,V01,V02,full_vs_b_lite_ft,b_lite_ft,B-lite 同任务微调,D2-088,0.10075205426525186,25.69177383763922,0.10075205426525186,0.07029321358573659,0.15524140340103595,0.08531719649693481,0.11002170891259556
0,V01→V02,V01,V02,full_vs_b_lite_ft,b_lite_ft,B-lite 同任务微调,D2-089,0.04430138384118491,11.296852879502152,0.07296891133358449,0.03324080727718494,0.04430138384118491,0.04102640355258812,0.05290721306278383
0,V01→V02,V01,V02,full_vs_b_lite_ft,b_lite_ft,B-lite 同任务微调,D2-090,-0.050014427177203724,-12.75367893018695,-0.03377053655626239,-0.08168776027222938,-0.09145803362593172,-0.050014427177203724,-0.04151318603476811
0,V01→V02,V01,V02,full_vs_b_lite_ft,b_lite_ft,B-lite 同任务微调,D2-091,-0.07535116086226137,-19.21454601987665,-0.057252192736736346,-0.06253590913755552,-0.12500896990033133,-0.07535116086226137,-0.07913398325798057
0,V01→V02,V01,V02,full_vs_b_lite_ft,b_lite_ft,B-lite 同任务微调,D2-092,0.00865060150623323,2.2059033840894737,-0.031081303358078016,0.01064263621966044,0.014307928433020894,-0.0052781690160433326,0.00865060150623323
0,V01→V02,V01,V02,full_vs_b_lite_ft,b_lite_ft,B-lite 同任务微调,D2-093,0.06778799583139661,17.285938937006136,0.06778799583139661,0.08377758427610937,0.05243431767390211,0.044876461696324865,0.0737834553111274
0,V01→V02,V01,V02,full_vs_b_lite_ft,b_lite_ft,B-lite 同任务微调,D2-094,-0.014243898706303715,-3.6321941701074474,-0.014243898706303715,-0.007050599971855143,0.027976919793420374,-0.02514154532993279,-0.025875559490588007
0,V01→V02,V01,V02,full_vs_b_lite_ft,b_lite_ft,B-lite 同任务微调,D2-095,0.010527097214108883,2.684409789597765,-0.01154279842590672,0.010527097214108883,0.00788348005750239,0.012128097840990781,0.02659850921004242
0,V01→V02,V01,V02,full_vs_b_lite_ft,b_lite_ft,B-lite 同任务微调,D2-096,-0.036619191244244564,-9.337893767282363,-0.036619191244244564,-0.02535400198151669,-0.044032985530793683,-0.03940797597169876,-0.0343918852508068
0,V01→V02,V01,V02,full_vs_b_lite_ft,b_lite_ft,B-lite 同任务微调,D2-097,0.07921496044466461,20.199814913389474,0.05092552682195883,0.056984822009352676,0.09427120180233664,0.07921496044466461,0.08558047087728113
0,V01→V02,V01,V02,full_vs_b_lite_ft,b_lite_ft,B-lite 同任务微调,D2-098,-0.04084001653469525,-10.41420421634729,-0.04156499948257056,-0.04084001653469525,-0.035803470744663835,-0.031007561036664202,-0.050858169650802254
0,V01→V02,V01,V02,full_vs_b_lite_ft,b_lite_ft,B-lite 同任务微调,D2-099,0.09003424366252333,22.95873213394345,0.11087759217946841,0.09003424366252333,0.06860077522600755,0.07856211996782683,0.11358930073081189
0,V01→V02,V01,V02,full_vs_b_lite_ft,b_lite_ft,B-lite 同任务微调,D2-100,-0.06474752258858207,-16.510618260088428,-0.06474752258858207,-0.09185319504097159,-0.055275294901838024,-0.0831024278066913,-0.041888812145267074
0,V01→V02,V01,V02,full_vs_freeuv_conserved,freeuv_conserved,FreeUV（已观测纹理保持）,D2-001,0.04622514923845511,11.787413055806052,0.07728487307178802,0.01836939404408139,0.04622514923845511,0.06292277747306269,0.03770397452340607
0,V01→V02,V01,V02,full_vs_freeuv_conserved,freeuv_conserved,FreeUV（已观测纹理保持）,D2-002,-0.01381627092326898,-3.52314908543359,-0.011484130785085145,-0.02101393281549646,-0.01039992056894995,-0.01956596927366394,-0.01381627092326898
0,V01→V02,V01,V02,full_vs_freeuv_conserved,freeuv_conserved,FreeUV（已观测纹理保持）,D2-003,0.02492585459231647,6.3560929210407,0.02492585459231647,0.034080003334701764,-0.01771419369026847,0.018104260573270692,0.04210009479402811
0,V01→V02,V01,V02,full_vs_freeuv_conserved,freeuv_conserved,FreeUV（已观测纹理保持）,D2-004,0.07869248554214003,20.066583813245707,0.09930143234733904,0.07869248554214003,0.0796384486318048,0.06277311430312693,0.07570108471748727
0,V01→V02,V01,V02,full_vs_freeuv_conserved,freeuv_conserved,FreeUV（已观测纹理保持）,D2-005,0.014967807460142424,3.8167909023363182,0.02782560715893187,-0.0040863929353803785,0.0017923307137556466,0.03604782849969157,0.014967807460142424
0,V01→V02,V01,V02,full_vs_freeuv_conserved,freeuv_conserved,FreeUV（已观测纹理保持）,D2-006,-0.030046581271499284,-7.661878224232318,-0.04012632437448932,-0.030046581271499284,-0.032707238056286864,-0.003105614227031983,-0.0022385256525910835
0,V01→V02,V01,V02,full_vs_freeuv_conserved,freeuv_conserved,FreeUV（已观测纹理保持）,D2-007,0.05800487822042172,14.791243946207539,0.03382759976817007,0.05800487822042172,0.06306381936912508,0.03854348690281456,0.06822341852890909
0,V01→V02,V01,V02,full_vs_freeuv_conserved,freeuv_conserved,FreeUV（已观测纹理保持）,D2-008,0.020084668571750328,5.121590485796333,0.024139740751410024,0.006597891234520342,0.02862851401524885,0.020084668571750328,-0.005401698416289014
0,V01→V02,V01,V02,full_vs_freeuv_conserved,freeuv_conserved,FreeUV（已观测纹理保持）,D2-009,-0.10451574506712893,-26.651514992117878,-0.11222572244849857,-0.10451574506712893,-0.08640348516842897,-0.10002165192774695,-0.12274913314510791
0,V01→V02,V01,V02,full_vs_freeuv_conserved,freeuv_conserved,FreeUV（已观测纹理保持）,D2-010,0.022043854911245553,5.621183002367616,0.0586110147117984,0.02310103996127258,0.01982364230150102,0.0126633430082424,0.022043854911245553
0,V01→V02,V01,V02,full_vs_freeuv_conserved,freeuv_conserved,FreeUV（已观测纹理保持）,D2-011,0.07149784254013664,18.231949847734843,0.07149784254013664,0.06818103446211252,0.10035506118502882,0.019136625316201,0.10530979261319671
0,V01→V02,V01,V02,full_vs_freeuv_conserved,freeuv_conserved,FreeUV（已观测纹理保持）,D2-012,-0.021614426958328437,-5.511678874373751,0.01780095356945874,0.011715841948563316,-0.023559485079971604,-0.021614426958328437,-0.027931384161009015
0,V01→V02,V01,V02,full_vs_freeuv_conserved,freeuv_conserved,FreeUV（已观测纹理保持）,D2-013,-0.045937048052397816,-11.713947253361443,-0.07462623371925745,-0.03996579988628754,-0.045937048052397816,-0.04491069724655941,-0.05332294172949645
0,V01→V02,V01,V02,full_vs_freeuv_conserved,freeuv_conserved,FreeUV（已观测纹理保持）,D2-014,0.08804573861527298,22.451663346894613,0.09808544049571666,0.05703123949379435,0.08804573861527298,0.06669408471013105,0.09118192720537383
0,V01→V02,V01,V02,full_vs_freeuv_conserved,freeuv_conserved,FreeUV（已观测纹理保持）,D2-015,0.008521679844017388,2.173028360224434,0.015106241432604972,-0.005165307582528492,-0.0023129216774746136,0.008521679844017388,0.012886486919941736
0,V01→V02,V01,V02,full_vs_freeuv_conserved,freeuv_conserved,FreeUV（已观测纹理保持）,D2-016,-0.017720605495841896,-4.518754401439684,-0.02084087443235233,-0.017720605495841896,-0.01772223775554832,0.009966496830430549,-0.009367203799846735
0,V01→V02,V01,V02,full_vs_freeuv_conserved,freeuv_conserved,FreeUV（已观测纹理保持）,D2-017,0.11747000969591592,29.954852472458562,0.11747000969591592,0.09180310392190538,0.13220512370268503,0.10124712141733316,0.12150582340028548
0,V01→V02,V01,V02,full_vs_freeuv_conserved,freeuv_conserved,FreeUV（已观测纹理保持）,D2-018,0.033912174281372554,8.647604441750001,0.04471531397465503,0.033912174281372554,0.002300930792710376,0.02599252399170035,0.03654651877216317
0,V01→V02,V01,V02,full_vs_freeuv_conserved,freeuv_conserved,FreeUV（已观测纹理保持）,D2-019,-0.04479497795303661,-11.422719378024334,-0.06064838226194735,-0.025980763413287977,-0.04479497795303661,-0.02684572559815865,-0.048548932911621184
0,V01→V02,V01,V02,full_vs_freeuv_conserved,freeuv_conserved,FreeUV（已观测纹理保持）,D2-020,0.047319020418559815,12.066350206732753,0.047319020418559815,0.10290118438356063,0.034988591045725576,0.06182970669047505,0.028539752551153597
0,V01→V02,V01,V02,full_vs_freeuv_conserved,freeuv_conserved,FreeUV（已观测纹理保持）,D2-021,0.1116502830177866,28.47082216953558,0.11367170328414566,0.08008894236177524,0.1116502830177866,0.09696246631523614,0.11171654956315152
0,V01→V02,V01,V02,full_vs_freeuv_conserved,freeuv_conserved,FreeUV（已观测纹理保持）,D2-022,0.07279389443588846,18.562443081151557,0.06974671201573479,0.07747781046746688,0.07279389443588846,0.04722841221977164,0.0802505330906974
0,V01→V02,V01,V02,full_vs_freeuv_conserved,freeuv_conserved,FreeUV（已观测纹理保持）,D2-023,0.0823548657135067,21.00049075694421,0.08257556725771001,0.06574178684471002,0.0823548657135067,0.07548722312745887,0.09518181188748434
0,V01→V02,V01,V02,full_vs_freeuv_conserved,freeuv_conserved,FreeUV（已观测纹理保持）,D2-024,-0.03717964790051892,-9.480810214632324,-0.0175327564634028,-0.046348246257929576,-0.08800657288659186,-0.032258905381673864,-0.03717964790051892
0,V01→V02,V01,V02,full_vs_freeuv_conserved,freeuv_conserved,FreeUV（已观测纹理保持）,D2-025,0.011390182147033856,2.9044964474936332,0.01861548547943434,0.011390182147033856,0.042516774236182,-0.010178305719997366,0.009253044460528825
0,V01→V02,V01,V02,full_vs_freeuv_conserved,freeuv_conserved,FreeUV（已观测纹理保持）,D2-026,0.07699767089000453,19.634406076951155,0.07866592161633348,0.07699767089000453,0.08418920881770275,0.060586052498331766,0.07614539284948948
0,V01→V02,V01,V02,full_vs_freeuv_conserved,freeuv_conserved,FreeUV（已观测纹理保持）,D2-027,-0.02708916937705702,-6.90773819114954,-0.019164267119276435,-0.02708916937705702,0.001480929277561327,-0.054966986297614984,-0.033014966716999716
0,V01→V02,V01,V02,full_vs_freeuv_conserved,freeuv_conserved,FreeUV（已观测纹理保持）,D2-028,0.04099209472919124,10.452984155943767,0.03682242754178172,0.05562452437021792,0.06136830561818224,0.020531405050020934,0.04099209472919124
0,V01→V02,V01,V02,full_vs_freeuv_conserved,freeuv_conserved,FreeUV（已观测纹理保持）,D2-029,0.004286065076788276,1.0929465945810104,0.008015135865447665,-0.01599749010173404,0.004286065076788276,0.016397362973236435,-0.026454891013742987
0,V01→V02,V01,V02,full_vs_freeuv_conserved,freeuv_conserved,FreeUV（已观测纹理保持）,D2-030,-0.004913107382462312,-1.2528423825278896,-0.005235687062582567,-0.004913107382462312,-0.0060619582038592135,0.006679636353225077,0.008188065853627274
0,V01→V02,V01,V02,full_vs_freeuv_conserved,freeuv_conserved,FreeUV（已观测纹理保持）,D2-031,0.07566425929648604,19.294386120603942,0.08037592676596914,0.07566425929648604,0.08974604076910311,0.0694304512041371,0.061183483710860825
0,V01→V02,V01,V02,full_vs_freeuv_conserved,freeuv_conserved,FreeUV（已观测纹理保持）,D2-032,-0.00045631029756693087,-0.11635912587956737,0.0014429777459339932,-0.01480470749557139,-0.004185284484117258,-0.00045631029756693087,0.0009597724614044123
0,V01→V02,V01,V02,full_vs_freeuv_conserved,freeuv_conserved,FreeUV（已观测纹理保持）,D2-033,0.03584890491237827,9.14147075265646,0.03724219693857081,0.03584890491237827,0.044193255112451646,0.009539519601008462,0.012102524001224357
0,V01→V02,V01,V02,full_vs_freeuv_conserved,freeuv_conserved,FreeUV（已观测纹理保持）,D2-034,0.009288471665174242,2.3685602746194316,0.009288471665174242,0.005463700564134685,0.010097391193821317,0.009553100085920752,0.0028777949157215293
0,V01→V02,V01,V02,full_vs_freeuv_conserved,freeuv_conserved,FreeUV（已观测纹理保持）,D2-035,-0.08598964437842366,-21.927359316498034,-0.06958276798327762,-0.09658442745606105,-0.08598964437842366,-0.09295231908559798,-0.05508645872275031
0,V01→V02,V01,V02,full_vs_freeuv_conserved,freeuv_conserved,FreeUV（已观测纹理保持）,D2-036,0.024624332388242076,6.279204759001729,0.018414781391620616,0.024624332388242076,0.00408398449420927,0.03259456008672712,0.03978054900964101
0,V01→V02,V01,V02,full_vs_freeuv_conserved,freeuv_conserved,FreeUV（已观测纹理保持）,D2-037,0.03222533480988607,8.217460376520947,0.033799177725557905,0.021862503279138495,0.006374493586244395,0.03222533480988607,0.04514801484981068
0,V01→V02,V01,V02,full_vs_freeuv_conserved,freeuv_conserved,FreeUV（已观测纹理保持）,D2-038,-0.005250010667650962,-1.3387527202509952,0.006178329924516612,-0.005250010667650962,-0.023508916947651948,0.013061728921126281,-0.006029738085062186
0,V01→V02,V01,V02,full_vs_freeuv_conserved,freeuv_conserved,FreeUV（已观测纹理保持）,D2-039,-0.12929674215020912,-32.970669248303324,-0.13225323086433508,-0.14082426454080046,-0.11047915843031977,-0.09956183241779246,-0.12929674215020912
0,V01→V02,V01,V02,full_vs_freeuv_conserved,freeuv_conserved,FreeUV（已观测纹理保持）,D2-040,-0.051212112357219036,-13.059088651090855,-0.051212112357219036,-0.06303928862015404,-0.05377899726231891,-0.049958145990967734,-0.030344760455191133
0,V01→V02,V01,V02,full_vs_freeuv_conserved,freeuv_conserved,FreeUV（已观测纹理保持）,D2-041,0.07109915325418115,18.130284079816192,0.06712146844559658,0.07109915325418115,0.05358766744999835,0.08170692944743979,0.07888985405831286
0,V01→V02,V01,V02,full_vs_freeuv_conserved,freeuv_conserved,FreeUV（已观测纹理保持）,D2-042,0.00047720647389776216,0.12168765084392935,-0.009594441625719902,0.00047720647389776216,0.008549546169345834,-0.012986545772318975,0.020742242197282823
0,V01→V02,V01,V02,full_vs_freeuv_conserved,freeuv_conserved,FreeUV（已观测纹理保持）,D2-043,0.049471275891825484,12.615175352415498,0.02686307855952555,0.049471275891825484,0.051632772259719184,0.047561554074810275,0.06609002387488797
0,V01→V02,V01,V02,full_vs_freeuv_conserved,freeuv_conserved,FreeUV（已观测纹理保持）,D2-044,-0.040414787369009886,-10.305770779097521,-0.08713934193422768,-0.040414787369009886,-0.031371221130276905,-0.03539551923304429,-0.044138362378249946
0,V01→V02,V01,V02,full_vs_freeuv_conserved,freeuv_conserved,FreeUV（已观测纹理保持）,D2-045,0.014662710949778557,3.738991292193532,0.020230526326312892,0.025139411201789252,0.01291956060699051,0.006752781569957733,0.014662710949778557
0,V01→V02,V01,V02,full_vs_freeuv_conserved,freeuv_conserved,FreeUV（已观测纹理保持）,D2-046,0.005369650008460736,1.3692607521574875,0.010098993124321443,0.0013740701891534757,0.005369650008460736,0.010598846341331375,0.004534779691157204
0,V01→V02,V01,V02,full_vs_freeuv_conserved,freeuv_conserved,FreeUV（已观测纹理保持）,D2-047,0.0032405331309905694,0.8263359484025952,0.011378286174882596,0.02036202572138801,0.0032405331309905694,-0.011524677260826205,0.0024706628962846144
0,V01→V02,V01,V02,full_vs_freeuv_conserved,freeuv_conserved,FreeUV（已观测纹理保持）,D2-048,0.09803916584366024,24.99998729013336,0.10322247945870724,0.07364347007555455,0.10701592561478415,0.0772085563184168,0.09803916584366024
0,V01→V02,V01,V02,full_vs_freeuv_conserved,freeuv_conserved,FreeUV（已观测纹理保持）,D2-049,0.1132152182134715,28.86988064443523,0.0950088406903575,0.1132152182134715,0.1041890053511268,0.12538375344240305,0.11367420129703751
0,V01→V02,V01,V02,full_vs_freeuv_conserved,freeuv_conserved,FreeUV（已观测纹理保持）,D2-050,-0.011441561760324459,-2.917598248882737,-0.014416917932756013,0.0120223719589036,-0.011441561760324459,-0.01030954361112435,-0.015150732464260519
0,V01→V02,V01,V02,full_vs_freeuv_conserved,freeuv_conserved,FreeUV（已观测纹理保持）,D2-051,0.004704034127209378,1.1995287024383914,-0.012827230103570841,0.004704034127209378,0.03834967985321047,0.0026230728788964597,0.009933967764178875
0,V01→V02,V01,V02,full_vs_freeuv_conserved,freeuv_conserved,FreeUV（已观测纹理保持）,D2-052,0.0397344837618763,10.132293359278457,0.03924731859577854,0.056236898510210354,0.02624848244809791,0.0397344837618763,0.039767217038101293
0,V01→V02,V01,V02,full_vs_freeuv_conserved,freeuv_conserved,FreeUV（已观测纹理保持）,D2-053,-0.039940192319807555,-10.184749041550926,-0.039940192319807555,-0.014501569349141347,-0.058316900261810856,-0.00775509398607982,-0.06869338390727839
0,V01→V02,V01,V02,full_vs_freeuv_conserved,freeuv_conserved,FreeUV（已观测纹理保持）,D2-054,-0.0026991728831220474,-0.6882890851961221,-0.007299267997344344,-0.013296968441594531,0.008854551585736087,-0.0026991728831220474,0.009616129997151862
0,V01→V02,V01,V02,full_vs_freeuv_conserved,freeuv_conserved,FreeUV（已观测纹理保持）,D2-055,-0.007920232347466721,-2.019659248604014,0.023350089826066095,-0.016542223404453243,0.0026215823988119946,-0.007920232347466721,-0.008710384707559221
0,V01→V02,V01,V02,full_vs_freeuv_conserved,freeuv_conserved,FreeUV（已观测纹理保持）,D2-056,0.008422596315439373,2.1477620604370404,-0.00034478054537129266,0.008422596315439373,0.0017213502045099749,0.014389529604361267,0.02142445679702279
0,V01→V02,V01,V02,full_vs_freeuv_conserved,freeuv_conserved,FreeUV（已观测纹理保持）,D2-057,0.04581507832078269,11.682844971799586,0.04581507832078269,0.053944860314356274,0.024716702509774924,0.04782491760786406,0.04086432934196382
0,V01→V02,V01,V02,full_vs_freeuv_conserved,freeuv_conserved,FreeUV（已观测纹理保持）,D2-058,0.02149616351679845,5.481521696783605,0.036030205477978666,0.08754051312365954,-0.004986197450289526,0.02149616351679845,0.0013340140017224222
0,V01→V02,V01,V02,full_vs_freeuv_conserved,freeuv_conserved,FreeUV（已观测纹理保持）,D2-059,0.19161302046059,48.86132021745045,0.20887927287349511,0.19502169546348594,0.17834837043207452,0.1837898539074885,0.19161302046059
0,V01→V02,V01,V02,full_vs_freeuv_conserved,freeuv_conserved,FreeUV（已观测纹理保持）,D2-060,0.08450163526134166,21.547916991642126,0.07667801117834944,0.08897995010503909,0.0623840964379378,0.08450163526134166,0.08744777744819018
0,V01→V02,V01,V02,full_vs_freeuv_conserved,freeuv_conserved,FreeUV（已观测纹理保持）,D2-061,0.0006184315261168472,0.15770003915979602,0.011596353275653642,-0.0012004385582911614,-0.0018235731392334809,0.01686157802931773,0.0006184315261168472
0,V01→V02,V01,V02,full_vs_freeuv_conserved,freeuv_conserved,FreeUV（已观测纹理保持）,D2-062,0.019606241926066276,4.9995916911469,0.019760784170613055,0.019606241926066276,0.024743479850694416,0.003280166990873301,0.011687512729104926
0,V01→V02,V01,V02,full_vs_freeuv_conserved,freeuv_conserved,FreeUV（已观测纹理保持）,D2-063,-0.004875698364248449,-1.2433030828833544,0.023300268157732257,0.00031050155852355155,-0.0076069212062101765,-0.004875698364248449,-0.029933828349206965
0,V01→V02,V01,V02,full_vs_freeuv_conserved,freeuv_conserved,FreeUV（已观测纹理保持）,D2-064,0.011873381895323554,3.0277123833075064,0.03394297315842573,0.011873381895323554,0.00535970455449486,0.035516091477539785,0.008043514978554489
0,V01→V02,V01,V02,full_vs_freeuv_conserved,freeuv_conserved,FreeUV（已观测纹理保持）,D2-065,-0.058560887519438,-14.93302631745669,-0.03830695185843891,-0.06685801075251255,-0.024031920710930965,-0.058560887519438,-0.07033200945436688
0,V01→V02,V01,V02,full_vs_freeuv_conserved,freeuv_conserved,FreeUV（已观测纹理保持）,D2-066,-0.03112130843771574,-7.935933651617513,-0.03112130843771574,-0.026945792078876346,-0.04584890657749313,-0.043262914455949514,-0.028200793306892513
0,V01→V02,V01,V02,full_vs_freeuv_conserved,freeuv_conserved,FreeUV（已观测纹理保持）,D2-067,0.03434668842590216,8.758405548605051,0.045145046756123075,-0.025060295381329256,0.08276484342235507,0.020220946407679352,0.03434668842590216
0,V01→V02,V01,V02,full_vs_freeuv_conserved,freeuv_conserved,FreeUV（已观测纹理保持）,D2-068,0.15945019659896692,40.659800132736564,0.08769688953955967,0.16301582141055002,0.15945019659896692,0.12222712921599549,0.16754960885478393
0,V01→V02,V01,V02,full_vs_freeuv_conserved,freeuv_conserved,FreeUV（已观测纹理保持）,D2-069,-0.054097659867622105,-13.794903266243637,-0.054097659867622105,-0.1069789951046308,-0.052801882455527194,-0.06941096848059519,-0.025836607039559117
0,V01→V02,V01,V02,full_vs_freeuv_conserved,freeuv_conserved,FreeUV（已观测纹理保持）,D2-070,-0.06326739446840425,-16.133185589443084,-0.05876496380222017,-0.06668594668524853,-0.06326739446840425,-0.03642871079669481,-0.0799191272345142
0,V01→V02,V01,V02,full_vs_freeuv_conserved,freeuv_conserved,FreeUV（已观测纹理保持）,D2-071,0.03580980347187229,9.131499885327434,0.06781906017450373,0.03580980347187229,0.015390140757039927,0.010941734894959643,0.11826413666660135
0,V01→V02,V01,V02,full_vs_freeuv_conserved,freeuv_conserved,FreeUV（已观测纹理保持）,D2-072,0.011737186641652825,2.9929825936214702,0.011737186641652825,-0.003622054567803512,0.012971379276778966,0.009636042432652592,0.02951142402446788
0,V01→V02,V01,V02,full_vs_freeuv_conserved,freeuv_conserved,FreeUV（已观测纹理保持）,D2-073,-0.017513664536784546,-4.465984456880059,-0.0009676571610535423,-0.017513664536784546,-0.03199317879151814,-0.01027943857750574,-0.02298810702293766
0,V01→V02,V01,V02,full_vs_freeuv_conserved,freeuv_conserved,FreeUV（已观测纹理保持）,D2-074,0.008830759355479556,2.251843635647287,0.019291567490310302,0.008830759355479556,-0.011278863660655558,0.03311610200048032,0.004298854367555838
0,V01→V02,V01,V02,full_vs_freeuv_conserved,freeuv_conserved,FreeUV（已观测纹理保持）,D2-075,-0.003850268624853659,-0.9818184993376831,-0.003850268624853659,-0.018215278196230256,0.0022258247788015106,0.007084626181606657,-0.03403790184018901
0,V01→V02,V01,V02,full_vs_freeuv_conserved,freeuv_conserved,FreeUV（已观测纹理保持）,D2-076,-0.12197863417140281,-31.104551713707718,-0.15780187304167503,-0.1616272232047497,-0.08293651179589617,-0.12197863417140281,-0.08690020921102798
0,V01→V02,V01,V02,full_vs_freeuv_conserved,freeuv_conserved,FreeUV（已观测纹理保持）,D2-077,-0.03729500785790463,-9.51022700376568,0.011507547150055586,-0.04550082040249659,-0.03729500785790463,-0.037891515039949,-0.02697586873045532
0,V01→V02,V01,V02,full_vs_freeuv_conserved,freeuv_conserved,FreeUV（已观测纹理保持）,D2-078,-0.0001854300631064787,-0.04728466609215207,-0.0021667587868076654,-0.0001854300631064787,0.002722350061468204,-0.011632177199349336,0.020419391162746353
0,V01→V02,V01,V02,full_vs_freeuv_conserved,freeuv_conserved,FreeUV（已观测纹理保持）,D2-079,0.02129415619783301,5.430009830447418,0.00778827753174241,0.029925361315093962,0.006149052272713368,0.02129415619783301,0.02977148727292106
0,V01→V02,V01,V02,full_vs_freeuv_conserved,freeuv_conserved,FreeUV（已观测纹理保持）,D2-080,0.030421160671808944,7.757395971311281,0.034561791988812623,0.011691109570738378,0.02643400859342862,0.030892731749439878,0.030421160671808944
0,V01→V02,V01,V02,full_vs_freeuv_conserved,freeuv_conserved,FreeUV（已观测纹理保持）,D2-081,0.018240302446342643,4.6512771238173745,0.02423169974769865,0.0060204732276144535,0.018240302446342643,0.013914505711623615,0.030653708747455044
0,V01→V02,V01,V02,full_vs_freeuv_conserved,freeuv_conserved,FreeUV（已观测纹理保持）,D2-082,0.0337233892160243,8.599464250086196,0.008219067285629489,0.057293127237380226,0.0337233892160243,0.02623929286739607,0.04222090523047689
0,V01→V02,V01,V02,full_vs_freeuv_conserved,freeuv_conserved,FreeUV（已观测纹理保持）,D2-083,0.011835152298454346,3.0179638361058583,0.02797843400782686,-0.01450758990718097,0.01870892405873391,-0.004431411139364169,0.011835152298454346
0,V01→V02,V01,V02,full_vs_freeuv_conserved,freeuv_conserved,FreeUV（已观测纹理保持）,D2-084,0.00801919719696731,2.044895285226664,0.00801919719696731,0.006501076143534706,0.006013852190868613,0.035776436179019946,0.015092560721711182
0,V01→V02,V01,V02,full_vs_freeuv_conserved,freeuv_conserved,FreeUV（已观测纹理保持）,D2-085,0.06348379955300659,16.188368886016683,0.0695810014557125,0.05423899507548052,0.08952543508802718,0.06348379955300659,0.04993382561155868
0,V01→V02,V01,V02,full_vs_freeuv_conserved,freeuv_conserved,FreeUV（已观测纹理保持）,D2-086,0.11979474390428221,30.547659695591964,0.1240688767875471,0.1191720592656306,0.11979474390428221,0.13096585727873306,0.09434385710055868
0,V01→V02,V01,V02,full_vs_freeuv_conserved,freeuv_conserved,FreeUV（已观测纹理保持）,D2-087,-0.06231905636834162,-15.891359373927113,-0.046264296799313764,-0.06231905636834162,-0.08366588843998568,-0.08714910440779977,-0.019502566774296598
0,V01→V02,V01,V02,full_vs_freeuv_conserved,freeuv_conserved,FreeUV（已观测纹理保持）,D2-088,-0.015503803828593204,-3.953469976291267,-0.015503803828593204,-0.034850152597452194,0.011579096601862043,-0.027282920674662342,-0.007173693988955135
0,V01→V02,V01,V02,full_vs_freeuv_conserved,freeuv_conserved,FreeUV（已观测纹理保持）,D2-089,0.007300244782257964,1.861562419475781,0.04369659710353539,0.007300244782257964,0.0003514081745603914,0.007043471789838357,0.016479765398450835
0,V01→V02,V01,V02,full_vs_freeuv_conserved,freeuv_conserved,FreeUV（已观测纹理保持）,D2-090,-0.019868053669153285,-5.066353685634088,-0.007269316865492259,-0.03951121970664628,-0.06119059534497967,-0.019868053669153285,-0.004121451183807023
0,V01→V02,V01,V02,full_vs_freeuv_conserved,freeuv_conserved,FreeUV（已观测纹理保持）,D2-091,-0.018256516206920842,-4.655411632764815,-0.006935066155468406,-0.01742764567911978,-0.07107108289242856,-0.03998292282977631,-0.018256516206920842
0,V01→V02,V01,V02,full_vs_freeuv_conserved,freeuv_conserved,FreeUV（已观测纹理保持）,D2-092,-0.008469042008121819,-2.159605712071064,-0.03155538491904736,-0.008469042008121819,-2.6572023828830282e-05,-0.016761554504434256,0.001616151407361044
0,V01→V02,V01,V02,full_vs_freeuv_conserved,freeuv_conserved,FreeUV（已观测纹理保持）,D2-093,0.03802313948483588,9.69590056863315,0.04320892740814192,0.042230570255398,0.0023716288214584713,0.010839176416959417,0.03802313948483588
0,V01→V02,V01,V02,full_vs_freeuv_conserved,freeuv_conserved,FreeUV（已观测纹理保持）,D2-094,0.05380621517973916,13.720584870833486,0.05380621517973916,0.06351508393331812,0.07336821965873241,0.029458427111859697,0.028040636606790403
0,V01→V02,V01,V02,full_vs_freeuv_conserved,freeuv_conserved,FreeUV（已观测纹理保持）,D2-095,0.021772188827013372,5.55190815088841,0.010830822233588278,0.021772188827013372,0.027536960414204836,0.017062242596577404,0.03607713646040511
0,V01→V02,V01,V02,full_vs_freeuv_conserved,freeuv_conserved,FreeUV（已观测纹理保持）,D2-096,0.0288638465416928,7.360280868131664,0.0288638465416928,0.03878887826576827,0.022381158638745513,0.027024705490718254,0.033098668387780555
0,V01→V02,V01,V02,full_vs_freeuv_conserved,freeuv_conserved,FreeUV（已观测纹理保持）,D2-097,-0.031913509308967886,-8.137944873786811,-0.0407449007169276,-0.054672590915815555,-0.018249239462117345,-0.031913509308967886,-0.013795545149216604
0,V01→V02,V01,V02,full_vs_freeuv_conserved,freeuv_conserved,FreeUV（已观测纹理保持）,D2-098,0.04462217374776417,11.378654305679863,0.04448288280325821,0.04516785600596768,0.04462217374776417,0.05929296746308731,0.03885043626571566
0,V01→V02,V01,V02,full_vs_freeuv_conserved,freeuv_conserved,FreeUV（已观测纹理保持）,D2-099,-0.032878462240917256,-8.3840078714339,0.014236433392209868,-0.0341836141603154,-0.04779635476663646,-0.032878462240917256,0.003496867506312923
0,V01→V02,V01,V02,full_vs_freeuv_conserved,freeuv_conserved,FreeUV（已观测纹理保持）,D2-100,0.09906383727987605,25.261278506368395,0.10064260526961377,0.07359978117132454,0.09906383727987605,0.08804101905042533,0.1077601769834422
1,V01→V03,V01,V03,full_vs_condition0,condition0,NoCond,D2-001,-0.005671638995409012,-1.446267943829298,-0.005671638995409012,0.0011247427513202124,-0.022976680969198554,-0.02422776383658251,0.029188059270381927
1,V01→V03,V01,V03,full_vs_condition0,condition0,NoCond,D2-002,-0.011566402735533554,-2.9494326975610563,-0.011566402735533554,-0.03437560300032297,0.02003590293504573,0.03694628896536653,-0.02141121126435422
1,V01→V03,V01,V03,full_vs_condition0,condition0,NoCond,D2-003,0.004998446043048582,1.2746037409773885,-0.013264673451582581,-0.008761654120116008,0.004998446043048582,0.005340335092374249,0.02922344456116359
1,V01→V03,V01,V03,full_vs_condition0,condition0,NoCond,D2-004,-0.0279833135150728,-7.135744946343564,-0.040248118340969086,0.0539560229295776,-0.036040192203862315,-0.0279833135150728,-0.011959513028462737
1,V01→V03,V01,V03,full_vs_condition0,condition0,NoCond,D2-005,-0.005951946856928819,-1.5177464485168488,-0.005951946856928819,5.8031695730542676e-05,0.004503996933207771,-0.006031588596456194,-0.025696401356482046
1,V01→V03,V01,V03,full_vs_condition0,condition0,NoCond,D2-006,0.0024741956184053115,0.6309198826933544,0.0024741956184053115,-0.003946665387887238,-0.01044317054697591,0.011174599966432275,0.009166507830477177
1,V01→V03,V01,V03,full_vs_condition0,condition0,NoCond,D2-007,0.008596475882869617,2.192101350131752,-0.008694954147493383,0.008596475882869617,0.0201980746868584,0.026965648763709604,-0.009964630145717551
1,V01→V03,V01,V03,full_vs_condition0,condition0,NoCond,D2-008,0.014323344563736629,3.65245286375284,0.07561661660963415,0.014323344563736629,0.0508613211705404,-0.008205135115513601,-0.020938971536416634
1,V01→V03,V01,V03,full_vs_condition0,condition0,NoCond,D2-009,-0.0036430980803238144,-0.9289900104825727,-0.0036430980803238144,0.01627394122382006,0.033041313704517156,-0.01972794170594877,-0.025379215263658078
1,V01→V03,V01,V03,full_vs_condition0,condition0,NoCond,D2-010,-0.0013724466992748874,-0.3499739083150963,-0.02845433668957814,0.04480953059262699,-0.004738709247774586,-0.0013724466992748874,0.026706277330716455
1,V01→V03,V01,V03,full_vs_condition0,condition0,NoCond,D2-011,0.0007166799157857784,0.1827533785253735,-0.01674769346912701,0.0007166799157857784,0.027213616482913497,-0.04734336833159129,0.05125972293317317
1,V01→V03,V01,V03,full_vs_condition0,condition0,NoCond,D2-012,0.01483273966005072,3.7823486133129336,0.021643304110815137,0.0294000745828574,-0.022343955817632377,-0.01785986310278531,0.01483273966005072
1,V01→V03,V01,V03,full_vs_condition0,condition0,NoCond,D2-013,-0.0017805289891031084,-0.4540348922212927,-0.007087251205963124,0.01401112766729462,-0.0017805289891031084,0.010433251107180547,-0.004383347549096306
1,V01→V03,V01,V03,full_vs_condition0,condition0,NoCond,D2-014,-0.013825442819368261,-3.5254879189389063,0.03057492701780229,-0.01628216462475912,-0.025376230478286743,-0.013825442819368261,0.08967456292538417
1,V01→V03,V01,V03,full_vs_condition0,condition0,NoCond,D2-015,-0.0012590984503428049,-0.32107010483741527,-0.0012590984503428049,0.0010049293438593454,-0.02058087040980658,0.012952917565902083,-0.004138803109526634
1,V01→V03,V01,V03,full_vs_condition0,condition0,NoCond,D2-016,-0.0014395829767752943,-0.3670936590777001,-0.031926614046096785,-0.0025579101000076654,-0.0014395829767752943,0.014607842132831228,0.00482497956508246
1,V01→V03,V01,V03,full_vs_condition0,condition0,NoCond,D2-017,-0.010281458045497072,-2.6217718016017533,-0.04450195452029054,-0.006313224181984406,-0.013737076554786093,-0.010281458045497072,0.012022458242647582
1,V01→V03,V01,V03,full_vs_condition0,condition0,NoCond,D2-018,0.0020582867224538254,0.5248631142257255,-0.005441196262836456,-0.01266711098807198,0.04870123277226136,0.051123537241466455,0.0020582867224538254
1,V01→V03,V01,V03,full_vs_condition0,condition0,NoCond,D2-019,-0.012893734499812126,-3.287902297452092,-0.014357862373193114,-0.011102727717823446,-0.012893734499812126,0.024012471652693226,-0.02228020328200525
1,V01→V03,V01,V03,full_vs_condition0,condition0,NoCond,D2-020,-0.011878425876299559,-3.0289985984563876,-0.04036393140753111,-0.0056050593654314584,-0.011878425876299559,-0.028424101571242033,0.0008987026909987039
1,V01→V03,V01,V03,full_vs_condition0,condition0,NoCond,D2-021,-0.007138114422559738,-1.8202191777527332,-0.011388840464254202,-0.00643435244758922,-0.007138114422559738,0.006526018958538771,-0.012185985843340574
1,V01→V03,V01,V03,full_vs_condition0,condition0,NoCond,D2-022,-0.0027035976449648613,-0.6894173994660396,-0.0027035976449648613,-0.02273492142558098,-0.02918450559178988,0.018394031127293903,0.004834342251221341
1,V01→V03,V01,V03,full_vs_condition0,condition0,NoCond,D2-023,-0.029235747125413686,-7.45511551698049,-0.044762559959457965,0.012332114080588041,-0.029235747125413686,0.014805119898584157,-0.04022788815200329
1,V01→V03,V01,V03,full_vs_condition0,condition0,NoCond,D2-024,-0.017291697137283568,-4.40938277000731,-0.057779204213257995,0.015144889101837616,0.0030800700187683105,-0.021951292048801058,-0.017291697137283568
1,V01→V03,V01,V03,full_vs_condition0,condition0,NoCond,D2-025,-0.003969823081906021,-1.0123048858860353,-0.05033319462568331,0.006035290276392907,-0.00693897157907486,-0.003969823081906021,-0.000755055353809625
1,V01→V03,V01,V03,full_vs_condition0,condition0,NoCond,D2-026,-0.008648604154586806,-2.2053940594196355,-0.03729378804564476,-0.00537693624695143,-0.008648604154586806,-0.03286165557801725,0.07007300667464732
1,V01→V03,V01,V03,full_vs_condition0,condition0,NoCond,D2-027,-0.029596216640331685,-7.547035243284579,-0.0403261813507588,0.023775874516340306,-0.04703072881912468,0.001984667196800849,-0.029596216640331685
1,V01→V03,V01,V03,full_vs_condition0,condition0,NoCond,D2-028,-0.006736427545547485,-1.7177890241146088,-0.006736427545547485,-0.023320093041374557,0.03892862264599117,-0.0012343100139072805,-0.06964540907314842
1,V01→V03,V01,V03,full_vs_condition0,condition0,NoCond,D2-029,-0.019172177283149766,-4.88890520720319,-0.019172177283149766,0.04116016310272794,-0.030869048088788986,-0.01798748078219818,-0.021561868940338957
1,V01→V03,V01,V03,full_vs_condition0,condition0,NoCond,D2-030,-0.006533894427987047,-1.666143079136697,-0.031135056138962725,0.020213251543599514,-0.018656052822290464,-0.006533894427987047,0.01702935081119683
1,V01→V03,V01,V03,full_vs_condition0,condition0,NoCond,D2-031,-0.003031809326438678,-0.7731113782418629,-0.003031809326438678,-0.013281658380514094,-0.011653669045439796,0.008345389672155895,0.024860635932002745
1,V01→V03,V01,V03,full_vs_condition0,condition0,NoCond,D2-032,-0.022929272999366118,-5.8469646148383605,-0.04281744460264841,-0.024895671109358475,-0.016197883586088813,-0.022929272999366118,-0.006278912574052803
1,V01→V03,V01,V03,full_vs_condition0,condition0,NoCond,D2-033,-0.0028642217318217145,-0.7303765416145371,-0.020630653390939224,0.0047963069773268585,0.003427925466120918,-0.0028642217318217145,-0.02517117611293135
1,V01→V03,V01,V03,full_vs_condition0,condition0,NoCond,D2-034,-0.008488016979147986,-2.1644443296827363,-0.026161944079730243,-0.008488016979147986,0.016418953089871346,0.01412445050664246,-0.0355346833045284
1,V01→V03,V01,V03,full_vs_condition0,condition0,NoCond,D2-035,-0.00780035831310133,-1.989091369840839,0.04247656906092609,-0.02453466422028011,-0.027798979370682347,0.008318519150769282,-0.00780035831310133
1,V01→V03,V01,V03,full_vs_condition0,condition0,NoCond,D2-036,0.026775593558947264,6.827776357531552,-0.0891801007091999,0.008848677078882872,0.039122308293978364,0.026775593558947264,0.059080989410479845
1,V01→V03,V01,V03,full_vs_condition0,condition0,NoCond,D2-037,-0.02656498261623913,-6.774070567140978,-0.034532876581781446,0.007203906153639167,-0.02656498261623913,-0.056556788894037424,-0.01205245591700077
1,V01→V03,V01,V03,full_vs_condition0,condition0,NoCond,D2-038,-0.003590184630769655,-0.915497080846262,-0.007317315335526625,-0.003590184630769655,-0.021386318303870444,0.007725233494332351,0.04388343102552675
1,V01→V03,V01,V03,full_vs_condition0,condition0,NoCond,D2-039,-0.02022380869864493,-5.157071218154457,-0.02022380869864493,-0.031463158078664955,-0.034576883438483696,-0.004970311165549024,0.03515110736669497
1,V01→V03,V01,V03,full_vs_condition0,condition0,NoCond,D2-040,0.01238710591287323,3.158712007782674,-0.011863154218052369,0.01238710591287323,-0.04124306929721072,0.01677748682259611,0.014360129663890053
1,V01→V03,V01,V03,full_vs_condition0,condition0,NoCond,D2-041,0.016005553884638674,4.081416240582862,0.02833051333824796,0.023532259215911205,0.011460014846589817,0.016005553884638674,-0.0005144168933232662
1,V01→V03,V01,V03,full_vs_condition0,condition0,NoCond,D2-042,0.01939971471826235,4.9469272531568995,0.007989135053422719,0.023509000531501234,0.01939971471826235,-0.013571263021892987,0.027839037610424888
1,V01→V03,V01,V03,full_vs_condition0,condition0,NoCond,D2-043,-0.0036979864500922832,-0.9429865447735322,0.019226542317572926,-0.056228962807375715,-0.0007346436657287569,-0.03382947746618295,-0.0036979864500922832
1,V01→V03,V01,V03,full_vs_condition0,condition0,NoCond,D2-044,0.01077969927413791,2.748823314905167,-0.011468939629255576,0.01077969927413791,-0.0033371379124183254,0.02113815046408596,0.024754144762660968
1,V01→V03,V01,V03,full_vs_condition0,condition0,NoCond,D2-045,0.013140139066510736,3.350735461960238,0.03425541633947027,-0.015426401255859284,0.03460239484492278,0.013140139066510736,-0.0022521188689602623
1,V01→V03,V01,V03,full_vs_condition0,condition0,NoCond,D2-046,0.021690343434993986,5.531037575923467,-0.04272496241789597,0.023492918946804164,0.021690343434993986,-0.027988880108564318,0.06096432988460243
1,V01→V03,V01,V03,full_vs_condition0,condition0,NoCond,D2-047,-0.03726461908469597,-9.502477866597472,-0.04036465787461824,-0.03726461908469597,-0.019965442882052487,-0.07365806182580334,-0.0071484839455002724
1,V01→V03,V01,V03,full_vs_condition0,condition0,NoCond,D2-048,0.005442597649314207,1.3878624005751228,-0.054710255427794036,0.005442597649314207,0.04293890252257837,-0.04958364457795114,0.010949863403132448
1,V01→V03,V01,V03,full_vs_condition0,condition0,NoCond,D2-049,0.0054290027668078555,1.3843957055360032,0.013655052830775588,0.03719651699066162,-0.010653540957719088,0.0054290027668078555,-0.0496384377280871
1,V01→V03,V01,V03,full_vs_condition0,condition0,NoCond,D2-050,0.004473077221995303,1.1406346916088022,0.021466690913907127,-0.010077234801082385,0.01387450613436246,-0.0010986480019277156,0.004473077221995303
1,V01→V03,V01,V03,full_vs_condition0,condition0,NoCond,D2-051,-0.030923069765170397,-7.8853827901184514,-0.03493440958360833,-0.03507588990032673,-0.030923069765170397,-0.013490723446011543,-0.022498284244821143
1,V01→V03,V01,V03,full_vs_condition0,condition0,NoCond,D2-052,0.0030188353525267553,0.7698030148943226,-0.007367473509576589,0.0030188353525267553,0.004336634609434342,-0.011029763519763938,0.00955038749509389
1,V01→V03,V01,V03,full_vs_condition0,condition0,NoCond,D2-053,-0.0028796469171841754,-0.7343099638819648,-0.026362570623556764,0.017211548570129603,0.011640079319477081,-0.003384675830602646,-0.0028796469171841754
1,V01→V03,V01,V03,full_vs_condition0,condition0,NoCond,D2-054,-0.015554240387347013,-3.966331298773488,-0.008051319254769207,-0.015554240387347013,0.018960576366495202,-0.031964480600975176,-0.05920299032220133
1,V01→V03,V01,V03,full_vs_condition0,condition0,NoCond,D2-055,-0.018397291575277613,-4.691309351695791,-0.0022793620943077075,-0.02668851513474707,-0.026849171235447805,-0.018397291575277613,0.021522658477936496
1,V01→V03,V01,V03,full_vs_condition0,condition0,NoCond,D2-056,0.011347233601238405,2.893544568315793,0.029550247758195036,0.019894450471021147,0.004585938501185272,-0.00041361409576906594,0.011347233601238405
1,V01→V03,V01,V03,full_vs_condition0,condition0,NoCond,D2-057,-0.00540264853172831,-1.3776753755907192,-0.00540264853172831,0.017362015694379812,-0.015455404296517372,-0.0008287008644806138,-0.018331322612033962
1,V01→V03,V01,V03,full_vs_condition0,condition0,NoCond,D2-058,0.012055895209573841,3.0742532784413297,0.007414261892176505,0.03149760122361936,-0.013424320113763488,0.012662484686364217,0.012055895209573841
1,V01→V03,V01,V03,full_vs_condition0,condition0,NoCond,D2-059,0.02269099865640911,5.7862046573843235,0.06557634330931163,0.03954328667549861,0.02269099865640911,-0.0019138930808930144,-0.026157879403659268
1,V01→V03,V01,V03,full_vs_condition0,condition0,NoCond,D2-060,0.007096660991678105,1.809648552877917,0.07632006456454593,0.0018075368877521203,0.0103940768009525,0.007096660991678105,-0.01688636022772491
1,V01→V03,V01,V03,full_vs_condition0,condition0,NoCond,D2-061,-0.0013773292303085327,-0.35121895372867584,-0.001466943394570125,0.0033608824014663696,-0.03410986420654116,-0.0013773292303085327,0.0852811811935334
1,V01→V03,V01,V03,full_vs_condition0,condition0,NoCond,D2-062,0.020847370227177933,5.316079407930373,0.026917548477649697,0.020847370227177933,-0.025075705846150723,-0.003459180394808442,0.03193839987119039
1,V01→V03,V01,V03,full_vs_condition0,condition0,NoCond,D2-063,0.019349237076110304,4.934055454408128,0.04242936811513373,0.019349237076110304,0.012087863145603062,0.01969843388845524,0.0039693970854083604
1,V01→V03,V01,V03,full_vs_condition0,condition0,NoCond,D2-064,-0.04042732396296095,-10.308967610555042,-0.04042732396296095,-0.07839433906511184,-0.04373712192422577,-0.020682325852768746,-0.028562841582156384
1,V01→V03,V01,V03,full_vs_condition0,condition0,NoCond,D2-065,0.0033038975670933723,0.84249387960881,0.03526292539512117,0.002127771744401069,0.0033038975670933723,0.018415456133273722,-0.02936211871241942
1,V01→V03,V01,V03,full_vs_condition0,condition0,NoCond,D2-066,0.003857236769464284,0.9835953762133924,-0.006188289986716389,0.03191404817280946,-0.025586357478190352,0.003857236769464284,0.026318005665584843
1,V01→V03,V01,V03,full_vs_condition0,condition0,NoCond,D2-067,-0.0008789002895355225,-0.22411957383155823,-0.1081786056359609,0.05485502594993227,0.01181557916459583,-0.0008789002895355225,-0.009869659940401732
1,V01→V03,V01,V03,full_vs_condition0,condition0,NoCond,D2-068,-0.007353390877445548,-1.8751146737486148,-0.007353390877445548,-0.015994291907797248,-0.03238214117785296,0.011982774827629328,-0.004065604259570449
1,V01→V03,V01,V03,full_vs_condition0,condition0,NoCond,D2-069,0.01035346054715347,2.640132439524135,0.015589630751459443,0.011035657412297006,0.01035346054715347,-0.0006563144962529743,-0.0037428686177140014
1,V01→V03,V01,V03,full_vs_condition0,condition0,NoCond,D2-070,0.004169637280883209,1.0632575066252183,0.004169637280883209,-0.021473988664872712,0.009924181821671374,0.031853476482810394,-0.046250782229683596
1,V01→V03,V01,V03,full_vs_condition0,condition0,NoCond,D2-071,0.003286999509190064,0.8381848748434663,0.003286999509190064,0.026714556540052087,0.027188105678016494,-0.026661928235129875,0.0025773641625137234
1,V01→V03,V01,V03,full_vs_condition0,condition0,NoCond,D2-072,-0.010778759624443773,-2.748583704233162,-0.010778759624443773,-0.01315583332496531,0.06878201254442623,0.06064328456334042,-0.03445672638276043
1,V01→V03,V01,V03,full_vs_condition0,condition0,NoCond,D2-073,-0.000848222368707241,-0.21629670402034645,-0.000848222368707241,-0.006344866731928467,0.005862015092538475,0.006239234262870402,-0.017348698961238057
1,V01→V03,V01,V03,full_vs_condition0,condition0,NoCond,D2-074,-0.01091734728897395,-2.783923558688357,-0.01889661753523178,-0.01091734728897395,0.0031585064109252714,-0.015852505314177368,-0.00879810129602751
1,V01→V03,V01,V03,full_vs_condition0,condition0,NoCond,D2-075,-0.0074850390354792296,-1.9086849540472035,0.0038583509624004336,-0.015060231586297351,0.002597181995709741,-0.0074850390354792296,-0.0220350037018458
1,V01→V03,V01,V03,full_vs_condition0,condition0,NoCond,D2-076,0.003239133954048151,0.8259791582822785,0.003239133954048151,0.002964128553867351,0.006603666643301642,0.02252032582958538,-0.01847617030143739
1,V01→V03,V01,V03,full_vs_condition0,condition0,NoCond,D2-077,-0.02395421970221731,-6.1083260240654145,-0.03881991571850246,-0.002707348101668866,-0.02395421970221731,-0.026388144741455705,-0.010123332341512054
1,V01→V03,V01,V03,full_vs_condition0,condition0,NoCond,D2-078,0.0008483439210861254,0.216327699876962,0.0008483439210861254,0.0004109656881718382,-0.041667854383824365,0.016897607772123235,0.014416018175700374
1,V01→V03,V01,V03,full_vs_condition0,condition0,NoCond,D2-079,-0.025574471884303618,-6.521490330497422,-0.10548918180995515,0.010289922025468606,-0.025369604428609194,-0.03698332475291358,-0.025574471884303618
1,V01→V03,V01,V03,full_vs_condition0,condition0,NoCond,D2-080,0.005704196504293352,1.4545701085948046,-0.020938222320416033,0.010970716579602316,0.005704196504293352,0.029837719093148515,-0.020112049503204152
1,V01→V03,V01,V03,full_vs_condition0,condition0,NoCond,D2-081,0.0008719720774226503,0.22235287974277582,-0.07187823123402065,0.004290991359286844,-0.014598452382617505,0.0008719720774226503,0.007511946890089244
1,V01→V03,V01,V03,full_vs_condition0,condition0,NoCond,D2-082,0.008175557431502223,2.0847671450330667,0.008175557431502223,-0.028208034590650827,0.02837482983103165,-0.030462558070818574,0.024554653332019477
1,V01→V03,V01,V03,full_vs_condition0,condition0,NoCond,D2-083,-0.014947103865352696,-3.8115114856649375,-0.014947103865352696,-0.017928667734434578,-0.03794940243716591,0.008213847599647661,0.013503182541441033
1,V01→V03,V01,V03,full_vs_condition0,condition0,NoCond,D2-084,-0.0003284073538250276,-0.08374387522538204,0.04434783425596023,-0.03409413463539546,-0.0007606834173202459,0.01712231404251524,-0.0003284073538250276
1,V01→V03,V01,V03,full_vs_condition0,condition0,NoCond,D2-085,0.004542435705661763,1.1583211049437494,0.026983876981669,0.01363849523994659,0.004542435705661763,-0.0025886527986990066,-0.01588176184644302
1,V01→V03,V01,V03,full_vs_condition0,condition0,NoCond,D2-086,0.0028930109222991274,0.7377177851862775,0.0248710530761041,0.012543504502166791,0.0028930109222991274,0.0003103798157290394,-0.012242245520546757
1,V01→V03,V01,V03,full_vs_condition0,condition0,NoCond,D2-087,-0.024060453288257122,-6.135415588505566,-0.024060453288257122,-0.009485238316384231,-0.06843161083419216,-7.043728096917112e-05,-0.02723704109137709
1,V01→V03,V01,V03,full_vs_condition0,condition0,NoCond,D2-088,0.0043328075359265195,1.1048659216612624,0.001012375950813299,0.06807491332292556,-0.0323174168666204,0.0043328075359265195,0.011423190186421073
1,V01→V03,V01,V03,full_vs_condition0,condition0,NoCond,D2-089,-0.018486784336467582,-4.714130005799233,0.014648229504624993,0.02171407404045264,-0.018486784336467582,-0.01948649262388548,-0.025735845292607945
1,V01→V03,V01,V03,full_vs_condition0,condition0,NoCond,D2-090,0.007042399048805242,1.7958117574453367,0.03229273557662962,0.007042399048805242,0.005853135387102776,-0.003029610713322972,0.05845112403233846
1,V01→V03,V01,V03,full_vs_condition0,condition0,NoCond,D2-091,-0.01639371116956076,-4.180396348237994,-0.04931775014847517,-0.020357131026685238,0.035698931353787586,0.013759809546172619,-0.01639371116956076
1,V01→V03,V01,V03,full_vs_condition0,condition0,NoCond,D2-092,-0.0029326577981313162,-0.7478277385234856,-0.08984372019767758,0.004294614761303633,-0.07440372384511507,-0.002248301720007867,-0.0029326577981313162
1,V01→V03,V01,V03,full_vs_condition0,condition0,NoCond,D2-093,-0.017056853892520457,-4.349497742592717,-0.0064593689181865754,-0.019515266498694048,-0.017056853892520457,0.011371606244490712,-0.019064495459389985
1,V01→V03,V01,V03,full_vs_condition0,condition0,NoCond,D2-094,0.006615054350168931,1.6868388592930774,0.006615054350168931,-0.010914354363367657,0.021350135804996617,0.0029144066252878575,0.014931345314142253
1,V01→V03,V01,V03,full_vs_condition0,condition0,NoCond,D2-095,-0.013573290636906266,-3.461189112411098,0.010856927969516872,-0.021525805768294215,-0.00986140335981664,-0.028639320952770053,-0.013573290636906266
1,V01→V03,V01,V03,full_vs_condition0,condition0,NoCond,D2-096,0.0016042921278211913,0.4090944925944038,-0.038854824172125935,0.015560014380349041,0.007769513461324901,-0.010356469286812678,0.0016042921278211913
1,V01→V03,V01,V03,full_vs_condition0,condition0,NoCond,D2-097,0.0024688302406242896,0.6295517113591939,0.02207058526220776,-0.00890878250911123,-0.003961478138253802,0.0024688302406242896,0.0033203129257474706
1,V01→V03,V01,V03,full_vs_condition0,condition0,NoCond,D2-098,0.008690471450487791,2.216070219874387,-0.06964903531803024,0.008690471450487791,-0.007306146124998747,0.011465384314457594,0.01475366308457321
1,V01→V03,V01,V03,full_vs_condition0,condition0,NoCond,D2-099,0.0035223501423994885,0.8981992863118695,-0.041025952923865544,0.028219415495793015,-0.03455364970224245,0.0035223501423994885,0.020935343844549995
1,V01→V03,V01,V03,full_vs_condition0,condition0,NoCond,D2-100,-0.017725441219153426,-4.519987510884124,-0.017725441219153426,-0.020347229515512794,0.006224893654386193,-0.007847980191611259,-0.01865149486922857
1,V01→V03,V01,V03,full_vs_b_lite_ft,b_lite_ft,B-lite 同任务微调,D2-001,0.13319194689393044,33.96394645795226,0.13586266276737052,0.14308373133341473,0.11339473413924375,0.11594168655574319,0.13319194689393044
1,V01→V03,V01,V03,full_vs_b_lite_ft,b_lite_ft,B-lite 同任务微调,D2-002,0.012709201348048677,3.2408463437524127,0.020422711968421936,-0.0009946885208288736,0.025292697190134605,0.012709201348048677,-0.024795034141452232
1,V01→V03,V01,V03,full_vs_b_lite_ft,b_lite_ft,B-lite 同任务微调,D2-003,0.042889500657717405,10.936822667717939,0.014933553479966666,0.03469802297296978,0.042889500657717405,0.07983048277951421,0.0775307599632513
1,V01→V03,V01,V03,full_vs_b_lite_ft,b_lite_ft,B-lite 同任务微调,D2-004,0.1545728530202593,39.41607752016612,0.11849392915055867,0.21299737195173898,0.1545728530202593,0.1369963990790503,0.15651255562191918
1,V01→V03,V01,V03,full_vs_b_lite_ft,b_lite_ft,B-lite 同任务微调,D2-005,0.03585807453183565,9.14380900561809,0.05243013623882742,0.030922112219473885,0.03585807453183565,0.03522983690102893,0.03740621591899909
1,V01→V03,V01,V03,full_vs_b_lite_ft,b_lite_ft,B-lite 同任务微调,D2-006,0.051585168028489115,13.154217847264725,0.030754754685948044,0.051585168028489115,0.04130919672485092,0.05967963989983255,0.056901813317567884
1,V01→V03,V01,V03,full_vs_b_lite_ft,b_lite_ft,B-lite 同任务微调,D2-007,0.07164608335329427,18.26975125509004,0.03833239732517138,0.0741287623014715,0.07164608335329427,0.07635378747902535,0.05675155897107391
1,V01→V03,V01,V03,full_vs_b_lite_ft,b_lite_ft,B-lite 同任务微调,D2-008,0.12205002427685493,31.122756190598007,0.1391611519251384,0.11586488535006842,0.15721099012914827,0.12205002427685493,0.11063041391910292
1,V01→V03,V01,V03,full_vs_b_lite_ft,b_lite_ft,B-lite 同任务微调,D2-009,0.0721658206441336,18.402284264254067,0.0721658206441336,0.036190702062514096,0.12699677940044138,0.11339069944288996,0.05438853676120442
1,V01→V03,V01,V03,full_vs_b_lite_ft,b_lite_ft,B-lite 同任务微调,D2-010,-0.01818634900781846,-4.637518996993707,-0.03914164834552336,-0.012887753711806393,-0.01818634900781846,0.016120970911449872,-0.020264711810482894
1,V01→V03,V01,V03,full_vs_b_lite_ft,b_lite_ft,B-lite 同任务微调,D2-011,0.06124964604775113,15.618659742176538,0.06124964604775113,0.03498571912447612,0.10100853486607471,0.03774805068969725,0.08659800998866558
1,V01→V03,V01,V03,full_vs_b_lite_ft,b_lite_ft,B-lite 同任务微调,D2-012,0.06549861553745967,16.702146962052215,0.060967642716908216,0.08001722449747223,0.06549861553745967,0.06773199800227303,0.06171280884882435
1,V01→V03,V01,V03,full_vs_b_lite_ft,b_lite_ft,B-lite 同任务微调,D2-013,0.06142256370987054,15.662753746016987,0.026489555766737033,0.038226592319983044,0.06142256370987054,0.06942792250602334,0.07450778671988734
1,V01→V03,V01,V03,full_vs_b_lite_ft,b_lite_ft,B-lite 同任务微调,D2-014,-0.044453882390544514,-11.33574000958885,0.0033118845451445833,-0.044453882390544514,-0.049789882841564354,-0.07740533813124612,0.018596675779138316
1,V01→V03,V01,V03,full_vs_b_lite_ft,b_lite_ft,B-lite 同任务微调,D2-015,0.05681767500936985,14.488507127389312,-0.0070614827175934924,0.08524969778954983,0.09005032169322172,0.05681767500936985,0.05510408245027065
1,V01→V03,V01,V03,full_vs_b_lite_ft,b_lite_ft,B-lite 同任务微调,D2-016,-0.014430970373826152,-3.6798974453256688,-0.05087380806605021,0.012046135770968913,-0.014430970373826152,0.009254875301550586,-0.017073818238881905
1,V01→V03,V01,V03,full_vs_b_lite_ft,b_lite_ft,B-lite 同任务微调,D2-017,0.08848052404143597,22.562533630566172,0.06143657761541277,0.08848052404143597,0.09054113518108023,0.06881452645316272,0.12272832474925299
1,V01→V03,V01,V03,full_vs_b_lite_ft,b_lite_ft,B-lite 同任务微调,D2-018,-0.02139406423601839,-5.45548638018469,0.0036134631742560652,-0.024518543765658415,-0.02139406423601839,-0.01595118695071765,-0.04225041720247458
1,V01→V03,V01,V03,full_vs_b_lite_ft,b_lite_ft,B-lite 同任务微调,D2-019,0.037496222803990065,9.561536815017467,0.015392329957750084,0.037496222803990065,0.06336765943302047,0.09252639528777863,0.03144647046509716
1,V01→V03,V01,V03,full_vs_b_lite_ft,b_lite_ft,B-lite 同任务微调,D2-020,0.051737298568089785,13.193011134862894,-0.011114741365114866,0.09081906080245972,0.051022196809450776,0.051737298568089785,0.090048565218846
1,V01→V03,V01,V03,full_vs_b_lite_ft,b_lite_ft,B-lite 同任务微调,D2-021,0.05720518870900074,14.587323120795189,0.07538516571124396,0.029864732176065445,0.05720518870900074,0.06283140849942961,0.044797590312858404
1,V01→V03,V01,V03,full_vs_b_lite_ft,b_lite_ft,B-lite 同任务微调,D2-022,0.010447846849759426,2.664200946688654,0.017724825938542674,0.015426430602868399,-0.0072436819473902375,0.010447846849759426,-0.00723301842808724
1,V01→V03,V01,V03,full_vs_b_lite_ft,b_lite_ft,B-lite 同任务微调,D2-023,-0.019282732986741602,-4.917096911619108,-0.019710433979829134,-0.0030265144175953274,-0.019282732986741602,0.012580434274342328,-0.03964959333340326
1,V01→V03,V01,V03,full_vs_b_lite_ft,b_lite_ft,B-lite 同任务微调,D2-024,0.07252124674392468,18.492917919700794,0.04542846390695282,0.10765027096777252,0.11729954634651993,0.06452898139303381,0.07252124674392468
1,V01→V03,V01,V03,full_vs_b_lite_ft,b_lite_ft,B-lite 同任务微调,D2-025,0.08641242274107075,22.035167798973042,0.026080140700707077,0.0967380266923171,0.08641242274107075,0.08597164491239268,0.11889770187628576
1,V01→V03,V01,V03,full_vs_b_lite_ft,b_lite_ft,B-lite 同任务微调,D2-026,0.014516385893026978,3.7016784027218796,-0.009796548634767532,0.02702785966296989,0.014516385893026978,0.013938143228491129,0.05091299116611479
1,V01→V03,V01,V03,full_vs_b_lite_ft,b_lite_ft,B-lite 同任务微调,D2-027,-0.018378980630249897,-4.6866400607137235,-0.018378980630249897,-0.009119126902617236,-0.08230204706045766,0.0203938975809487,-0.0366459702814205
1,V01→V03,V01,V03,full_vs_b_lite_ft,b_lite_ft,B-lite 同任务微调,D2-028,0.05852530045168741,14.92395161518029,0.04162663150401347,0.05852530045168741,0.08719221431584584,0.06607663383086526,0.009637158541452306
1,V01→V03,V01,V03,full_vs_b_lite_ft,b_lite_ft,B-lite 同任务微调,D2-029,0.04711229534763278,12.01363531364636,-0.010809157156583038,0.05827285010706296,0.04612289910966702,0.08693377549449605,0.04711229534763278
1,V01→V03,V01,V03,full_vs_b_lite_ft,b_lite_ft,B-lite 同任务微调,D2-030,0.04822531261647395,12.297454717200857,0.01304970635462177,0.04822531261647395,0.07085839064084282,0.033010700645372815,0.06950732545797214
1,V01→V03,V01,V03,full_vs_b_lite_ft,b_lite_ft,B-lite 同任务微调,D2-031,0.0761212422290728,19.410916768413564,0.08351696637414752,0.07520429222356706,0.0761212422290728,0.10770362458147467,0.06301147144820007
1,V01→V03,V01,V03,full_vs_b_lite_ft,b_lite_ft,B-lite 同任务微调,D2-032,-0.047117898265520736,-12.015064057707788,-0.053410146335760744,-0.047117898265520736,-0.020098896622657764,-0.039999470015366884,-0.05201635311047234
1,V01→V03,V01,V03,full_vs_b_lite_ft,b_lite_ft,B-lite 同任务微调,D2-033,0.028341773940228854,7.227152354758358,-0.004614961387097161,0.028406311554470293,0.04241435041372804,0.028341773940228854,0.003363364729388002
1,V01→V03,V01,V03,full_vs_b_lite_ft,b_lite_ft,B-lite 同任务微调,D2-034,0.0017279758532014189,0.44063384256636184,-0.034445486755834684,0.0017279758532014189,0.01797962250808874,0.016752022913553655,-0.02201119303289388
1,V01→V03,V01,V03,full_vs_b_lite_ft,b_lite_ft,B-lite 同任务微调,D2-035,0.030142920988577376,7.686444852087231,0.055257212784555226,0.004233210175125679,-0.0031468437777625313,0.030142920988577376,0.0431127713786231
1,V01→V03,V01,V03,full_vs_b_lite_ft,b_lite_ft,B-lite 同任务微调,D2-036,0.1101181109746297,28.080118298530575,0.05268850301702821,0.05085107311606407,0.1796112780769666,0.1101181109746297,0.14666564265886944
1,V01→V03,V01,V03,full_vs_b_lite_ft,b_lite_ft,B-lite 同任务微调,D2-037,0.03408001621978149,8.690404136044279,-0.027428994472655982,0.0498198533637656,0.02958265443642935,0.03408001621978149,0.05824478964010876
1,V01→V03,V01,V03,full_vs_b_lite_ft,b_lite_ft,B-lite 同任务微调,D2-038,0.08892600114146867,22.67613029107451,0.07193090710224526,0.10352714856465658,0.0547823335298083,0.08892600114146867,0.0909549854695797
1,V01→V03,V01,V03,full_vs_b_lite_ft,b_lite_ft,B-lite 同任务微调,D2-039,-0.02924569615328959,-7.457652519088846,-0.02060941967737767,-0.0468418416531049,-0.07035517958245535,-0.02924569615328959,-0.017150685913109975
1,V01→V03,V01,V03,full_vs_b_lite_ft,b_lite_ft,B-lite 同任务微调,D2-040,0.03733532491958502,9.52050785449418,0.02074082737619226,0.03733532491958502,0.03020304531762094,0.05990981725467878,0.03865956272365467
1,V01→V03,V01,V03,full_vs_b_lite_ft,b_lite_ft,B-lite 同任务微调,D2-041,0.058808277050654084,14.996110647916792,0.06260113749239182,0.03719518788986734,0.058808277050654084,0.06473221696085402,0.0450692656967375
1,V01→V03,V01,V03,full_vs_b_lite_ft,b_lite_ft,B-lite 同任务微调,D2-042,0.12732662989033594,32.46829062203567,0.09759564151366554,0.12732662989033594,0.1295980493227641,0.1367099118729432,0.11885306404696569
1,V01→V03,V01,V03,full_vs_b_lite_ft,b_lite_ft,B-lite 同任务微调,D2-043,0.10425765679022411,26.58570248150715,0.109776618304076,0.05165162273211246,0.10504185638309999,0.09063655883073804,0.10425765679022411
1,V01→V03,V01,V03,full_vs_b_lite_ft,b_lite_ft,B-lite 同任务微调,D2-044,0.03131705814716862,7.985849827527998,-0.005594360769963752,0.05749060111302956,0.048236388493986676,0.03131705814716862,0.02916260070952717
1,V01→V03,V01,V03,full_vs_b_lite_ft,b_lite_ft,B-lite 同任务微调,D2-045,-0.0022121798247098923,-0.5641058553010225,-0.031498719834619104,-0.0022121798247098923,0.009120382575525193,0.0063158488935894375,-0.028721283293432653
1,V01→V03,V01,V03,full_vs_b_lite_ft,b_lite_ft,B-lite 同任务微调,D2-046,0.029236101187192443,7.455205802734072,-0.03629774695787674,0.02790334515082532,0.041427865624427795,0.029236101187192443,0.06331756481757528
1,V01→V03,V01,V03,full_vs_b_lite_ft,b_lite_ft,B-lite 同任务微调,D2-047,-0.10056519339836778,-25.644124316583785,-0.07371915383707908,-0.10559037607163191,-0.10853545375700507,-0.10056519339836778,-0.08085844310976209
1,V01→V03,V01,V03,full_vs_b_lite_ft,b_lite_ft,B-lite 同任务微调,D2-048,0.09728332766980835,24.80724855580113,0.08143166159138535,0.09288172830234875,0.13933212197188174,0.09728332766980835,0.12566094732645786
1,V01→V03,V01,V03,full_vs_b_lite_ft,b_lite_ft,B-lite 同任务微调,D2-049,0.07987282673517862,20.367570817470547,0.06989468075335026,0.096613435074687,0.06094402121379969,0.07987282673517862,0.09164001358052093
1,V01→V03,V01,V03,full_vs_b_lite_ft,b_lite_ft,B-lite 同任务微调,D2-050,0.06641023073877608,16.934608838387902,0.06394447239914111,0.058344906284695575,0.1158293281637487,0.08403352335361497,0.06641023073877608
1,V01→V03,V01,V03,full_vs_b_lite_ft,b_lite_ft,B-lite 同任务微调,D2-051,-0.024048661724442533,-6.1324087397328455,-0.04788647459021639,-0.024048661724442533,-0.011014106372992216,-0.009519577824643688,-0.030529825282948342
1,V01→V03,V01,V03,full_vs_b_lite_ft,b_lite_ft,B-lite 同任务微调,D2-052,0.021301848027441228,5.431971246997513,0.027275798055860723,0.01278810534212324,0.003858130839135915,0.021301848027441228,0.025519213411543104
1,V01→V03,V01,V03,full_vs_b_lite_ft,b_lite_ft,B-lite 同任务微调,D2-053,0.07850103908114964,20.017764965693157,0.06352868262264466,0.09914782394965488,0.10070187515682644,0.07850103908114964,0.0708641161521276
1,V01→V03,V01,V03,full_vs_b_lite_ft,b_lite_ft,B-lite 同任务微调,D2-054,0.01504810602852591,3.837267037274107,0.02117458013472734,0.01504810602852591,-0.011943985880525032,0.03654841802738332,-0.011386905555371862
1,V01→V03,V01,V03,full_vs_b_lite_ft,b_lite_ft,B-lite 同任务微调,D2-055,-0.012833243679432643,-3.272477138255324,-0.012833243679432643,-0.010791804464090449,-0.03128201987535231,-0.02593031160474296,0.0025627484160756497
1,V01→V03,V01,V03,full_vs_b_lite_ft,b_lite_ft,B-lite 同任务微调,D2-056,-0.009400534807987831,-2.397136376036897,-0.01220845495877057,-0.02450232488521631,-0.0052574770390123315,-0.009400534807987831,-0.009328970118709229
1,V01→V03,V01,V03,full_vs_b_lite_ft,b_lite_ft,B-lite 同任务微调,D2-057,-0.03237259739802942,-8.2550123364975,-0.03237259739802942,-0.01376965410179562,-0.058348571053809584,-0.027132880377272767,-0.033902121335268015
1,V01→V03,V01,V03,full_vs_b_lite_ft,b_lite_ft,B-lite 同任务微调,D2-058,0.04124068481880322,10.516374628794821,0.02788422318796316,0.04124068481880322,0.041449646743243196,0.03883660215426957,0.048512700128189284
1,V01→V03,V01,V03,full_vs_b_lite_ft,b_lite_ft,B-lite 同任务微调,D2-059,0.08149140789395287,20.780309012957982,0.10714112506026315,0.08149140789395287,0.10064114914053959,0.06219568493820371,0.04202737836610704
1,V01→V03,V01,V03,full_vs_b_lite_ft,b_lite_ft,B-lite 同任务微调,D2-060,0.05152703282860038,13.139393371293098,0.05312368778859153,0.03536641995533038,0.05152703282860038,0.05224496831243994,0.007694008870650165
1,V01→V03,V01,V03,full_vs_b_lite_ft,b_lite_ft,B-lite 同任务微调,D2-061,-0.012746220543271028,-3.250286238534112,-0.03296120393843878,-0.0026564129761287025,-0.037791334447406594,0.009188647781099596,-0.012746220543271028
1,V01→V03,V01,V03,full_vs_b_lite_ft,b_lite_ft,B-lite 同任务微调,D2-062,-0.0038038144508997646,-0.96997268497944,0.005657070875167855,-0.003431190053621927,-0.05009459753831229,-0.024627479414145143,-0.0038038144508997646
1,V01→V03,V01,V03,full_vs_b_lite_ft,b_lite_ft,B-lite 同任务微调,D2-063,0.10956088225874636,27.93802497598032,0.10956088225874636,0.13302152707344955,0.0964551501803928,0.07860036546157467,0.11613479432546431
1,V01→V03,V01,V03,full_vs_b_lite_ft,b_lite_ft,B-lite 同任务微调,D2-064,-0.033809206071531483,-8.621347548240529,-0.039359333791903095,-0.053205514637132495,-0.033809206071531483,-0.00817370423603625,-0.023590812548285434
1,V01→V03,V01,V03,full_vs_b_lite_ft,b_lite_ft,B-lite 同任务微调,D2-065,0.017387466414624603,4.433803935729274,0.034355632288174495,-0.007993673634094506,0.05669290776778427,0.017387466414624603,0.011830977875635862
1,V01→V03,V01,V03,full_vs_b_lite_ft,b_lite_ft,B-lite 同任务微调,D2-066,-0.04432456457504519,-11.302763966636522,-0.0829044078235273,-0.04432456457504519,-0.09863323911472605,-0.03840973724921544,-0.04120046810971366
1,V01→V03,V01,V03,full_vs_b_lite_ft,b_lite_ft,B-lite 同任务微调,D2-067,0.06713323011284783,17.118973678776197,-0.018715299311138328,0.10367204887526374,0.09599703124591283,0.06713323011284783,0.06007722587812514
1,V01→V03,V01,V03,full_vs_b_lite_ft,b_lite_ft,B-lite 同任务微调,D2-068,0.04274832472826043,10.90082280570641,0.03218618097404638,0.04274832472826043,0.048383929456273705,0.03913012395302454,0.04980990601082641
1,V01→V03,V01,V03,full_vs_b_lite_ft,b_lite_ft,B-lite 同任务微调,D2-069,-0.005347440933791914,-1.363597438116938,-0.0042553687015095265,-0.0041283837578318106,-0.005347440933791914,-0.011574076404711142,-0.008274202612606252
1,V01→V03,V01,V03,full_vs_b_lite_ft,b_lite_ft,B-lite 同任务微调,D2-070,0.04310163020184549,10.990915701470598,0.05125947364351968,0.05065383649233618,0.0356353770828608,0.04310163020184549,0.01774506880478427
1,V01→V03,V01,V03,full_vs_b_lite_ft,b_lite_ft,B-lite 同任务微调,D2-071,0.1237142909543984,31.54714419337159,0.07332779467105865,0.13643495981214623,0.16404471264192552,0.1237142909543984,0.07570659956245712
1,V01→V03,V01,V03,full_vs_b_lite_ft,b_lite_ft,B-lite 同任务微调,D2-072,-0.060039894253599874,-15.310173034667967,-0.06067931958857703,-0.060039894253599874,-0.02462616007702023,-0.029499754747923657,-0.06782710435343722
1,V01→V03,V01,V03,full_vs_b_lite_ft,b_lite_ft,B-lite 同任务微调,D2-073,0.053149978009363025,13.55324439238757,0.03867128951888946,0.04003946255478594,0.07542994928856692,0.07777561562963656,0.053149978009363025
1,V01→V03,V01,V03,full_vs_b_lite_ft,b_lite_ft,B-lite 同任务微调,D2-074,0.0793362103294635,20.230733634013195,0.06442051262095355,0.07935421773488971,0.0830955813922312,0.07283231259688086,0.0793362103294635
1,V01→V03,V01,V03,full_vs_b_lite_ft,b_lite_ft,B-lite 同任务微调,D2-075,0.11308629314104716,28.837004750967026,0.11308629314104716,0.11930881043275196,0.11222072343031564,0.13400724530220035,0.059965598583221424
1,V01→V03,V01,V03,full_vs_b_lite_ft,b_lite_ft,B-lite 同任务微调,D2-076,-0.08113062630097072,-20.688309706747532,-0.08113062630097072,-0.11496015936136245,-0.0518114484846592,-0.06608707134922345,-0.08404472470283508
1,V01→V03,V01,V03,full_vs_b_lite_ft,b_lite_ft,B-lite 同任务微调,D2-077,0.14408435506953135,36.741510542730495,0.03698100563552642,0.18153690298398337,0.14547020403875244,0.1144481520685885,0.14408435506953135
1,V01→V03,V01,V03,full_vs_b_lite_ft,b_lite_ft,B-lite 同任务微调,D2-078,-0.09756233584549692,-24.878395640601717,-0.06922563543868446,-0.12442184440673346,-0.09756233584549692,-0.0572388032599101,-0.10997276410223944
1,V01→V03,V01,V03,full_vs_b_lite_ft,b_lite_ft,B-lite 同任务微调,D2-079,0.07449918952253129,18.99729332824548,-0.01729414727952744,0.07449918952253129,0.04650325510236955,0.07757985062069364,0.08147320051987969
1,V01→V03,V01,V03,full_vs_b_lite_ft,b_lite_ft,B-lite 同任务微调,D2-080,0.005077635344022363,1.2947970127257027,0.005077635344022363,0.020574716516794295,0.00162472747839415,0.004015355872420162,0.011391179397320136
1,V01→V03,V01,V03,full_vs_b_lite_ft,b_lite_ft,B-lite 同任务微调,D2-081,0.10290944245126513,26.24190782507261,-0.030409417218632162,0.10290944245126513,0.10973833501338959,0.09273403386274973,0.10813199894295797
1,V01→V03,V01,V03,full_vs_b_lite_ft,b_lite_ft,B-lite 同任务微调,D2-082,-0.006479305907701849,-1.6522230064639714,-0.006479305907701849,-0.025000369176268578,0.010249399317380697,-0.013800613295573444,0.015140035404608787
1,V01→V03,V01,V03,full_vs_b_lite_ft,b_lite_ft,B-lite 同任务微调,D2-083,-0.030539052353964924,-7.787458350261056,-0.01938051941954061,-0.03725133928251853,-0.03148865989512867,0.008544231454531342,-0.030539052353964924
1,V01→V03,V01,V03,full_vs_b_lite_ft,b_lite_ft,B-lite 同任务微调,D2-084,-0.014115512039926309,-3.5994555701812088,0.01905942625469631,-0.06772001319461396,-0.016946095559332103,-0.012821734613842423,-0.014115512039926309
1,V01→V03,V01,V03,full_vs_b_lite_ft,b_lite_ft,B-lite 同任务微调,D2-085,0.032621179686652305,8.318400820096338,0.032621179686652305,0.05704951327708033,0.010170025957955242,0.05093953667415514,-0.003936127180026644
1,V01→V03,V01,V03,full_vs_b_lite_ft,b_lite_ft,B-lite 同任务微调,D2-086,0.06930787978987946,17.673509346419262,0.061361895645396736,0.07266390016465857,0.0809249108036359,0.06930787978987946,0.05589167922408436
1,V01→V03,V01,V03,full_vs_b_lite_ft,b_lite_ft,B-lite 同任务微调,D2-087,-0.056531334747419226,-14.415490360591903,-0.048356640745293,-0.056531334747419226,-0.08697534781513794,-0.056580200904246536,-0.01640204825636113
1,V01→V03,V01,V03,full_vs_b_lite_ft,b_lite_ft,B-lite 同任务微调,D2-088,0.007414091130097722,1.890593238174919,-0.039104390641053505,0.007414091130097722,-0.029395030935605387,0.009247065459688508,0.025710162272055956
1,V01→V03,V01,V03,full_vs_b_lite_ft,b_lite_ft,B-lite 同任务微调,D2-089,0.08967895135283471,22.868132594972852,0.09168441444635392,0.09212972807387512,0.08967895135283471,0.08299701934059459,0.07537070165077844
1,V01→V03,V01,V03,full_vs_b_lite_ft,b_lite_ft,B-lite 同任务微调,D2-090,-0.03625667989253997,-9.245453372597693,-0.028554799159367872,-0.07666101356347402,-0.0375995268424352,-0.03625667989253997,-0.006349211931228643
1,V01→V03,V01,V03,full_vs_b_lite_ft,b_lite_ft,B-lite 同任务微调,D2-091,0.024073543337484196,6.13875355105847,0.012848158987859876,0.024073543337484196,0.0716576191286246,0.03592681419104338,0.012086185937126459
1,V01→V03,V01,V03,full_vs_b_lite_ft,b_lite_ft,B-lite 同任务微调,D2-092,0.07879972075804687,20.093928793301952,-0.00601805861179644,0.07879972075804687,0.08636088974964928,0.07266905750983801,0.10585470726856816
1,V01→V03,V01,V03,full_vs_b_lite_ft,b_lite_ft,B-lite 同任务微调,D2-093,0.022024413714042096,5.616225497080735,0.011177033185958862,0.0542741063504647,0.05541874871899685,0.022024413714042096,0.008359765323499857
1,V01→V03,V01,V03,full_vs_b_lite_ft,b_lite_ft,B-lite 同任务微调,D2-094,0.02247074321799336,5.730039520588307,0.03920306917279959,0.004024609125086259,0.022440951007107912,0.025467463547275165,0.02247074321799336
1,V01→V03,V01,V03,full_vs_b_lite_ft,b_lite_ft,B-lite 同任务微调,D2-095,-0.053066657139704765,-13.531997570624714,-0.053066657139704765,-0.0667939570087653,-0.0510976648865602,-0.05719952113353291,-0.042052870377516136
1,V01→V03,V01,V03,full_vs_b_lite_ft,b_lite_ft,B-lite 同任务微调,D2-096,0.08235789669884576,21.00126365820567,0.0485739575492011,0.09258173571692571,0.08235789669884576,0.07895951469739278,0.10154387685987684
1,V01→V03,V01,V03,full_vs_b_lite_ft,b_lite_ft,B-lite 同任务微调,D2-097,0.01514194426792008,3.86119578831962,0.024189570475192296,0.01514194426792008,0.015301083170232321,0.006978049164726621,0.005135754744211837
1,V01→V03,V01,V03,full_vs_b_lite_ft,b_lite_ft,B-lite 同任务微调,D2-098,0.030964587711625635,7.895969866464537,-0.026120088166660727,0.015314731332990855,0.043564599835210355,0.030964587711625635,0.03500356049173409
1,V01→V03,V01,V03,full_vs_b_lite_ft,b_lite_ft,B-lite 同任务微调,D2-099,0.060882266256071266,15.524977895298173,0.04027155609357924,0.05737302115275747,0.060882266256071266,0.0629606055361884,0.09827068004579771
1,V01→V03,V01,V03,full_vs_b_lite_ft,b_lite_ft,B-lite 同任务微调,D2-100,-0.010849069691065583,-2.7665127712217235,-0.015071770486732333,-0.010849069691065583,0.01627148657736152,-0.021105635629007302,0.004407850009473885
1,V01→V03,V01,V03,full_vs_freeuv_conserved,freeuv_conserved,FreeUV（已观测纹理保持）,D2-001,0.24527349695563316,62.54474172368646,0.257226516182224,0.2500680747131507,0.23183832007149854,0.23010312827924886,0.24527349695563316
1,V01→V03,V01,V03,full_vs_freeuv_conserved,freeuv_conserved,FreeUV（已观测纹理保持）,D2-002,0.21559690201172121,54.97721001298891,0.2312123190473627,0.21559690201172121,0.23855547344794978,0.21232091511289278,0.18877818821756925
1,V01→V03,V01,V03,full_vs_freeuv_conserved,freeuv_conserved,FreeUV（已观测纹理保持）,D2-003,0.04235613789586795,10.800815163446327,0.016496495654185622,0.022902004952941618,0.04235613789586795,0.07042609758320309,0.07545828961190724
1,V01→V03,V01,V03,full_vs_freeuv_conserved,freeuv_conserved,FreeUV（已观测纹理保持）,D2-004,0.1373389232016745,35.021425416427,0.10970558084192733,0.16620416123242607,0.12340152511994046,0.1373389232016745,0.16133213007733938
1,V01→V03,V01,V03,full_vs_freeuv_conserved,freeuv_conserved,FreeUV（已观测纹理保持）,D2-005,0.09408365299596508,23.991331513971094,0.10062493274317069,0.10310631062762413,0.09284517059431358,0.09115443546690194,0.09408365299596508
1,V01→V03,V01,V03,full_vs_freeuv_conserved,freeuv_conserved,FreeUV（已观测纹理保持）,D2-006,0.05524440071521661,14.087322182380236,0.04109446220418328,0.05524440071521661,0.041808396705195455,0.06586670557148436,0.06798697320314556
1,V01→V03,V01,V03,full_vs_freeuv_conserved,freeuv_conserved,FreeUV（已观测纹理保持）,D2-007,0.0914068851550972,23.308755714549786,0.07447865408741766,0.10106629861035832,0.09186893042728857,0.0914068851550972,0.07893807568621856
1,V01→V03,V01,V03,full_vs_freeuv_conserved,freeuv_conserved,FreeUV（已观测纹理保持）,D2-008,-0.01822797413550173,-4.648133404552941,-0.0005485013711686304,-0.04962281612496752,-0.01822797413550173,-0.01745413850043334,-0.041976767062556514
1,V01→V03,V01,V03,full_vs_freeuv_conserved,freeuv_conserved,FreeUV（已观测纹理保持）,D2-009,0.045944481156766415,11.715842694975436,0.045944481156766415,0.018211977763308435,0.08766490676336819,0.0740523280368911,0.0173235233459208
1,V01→V03,V01,V03,full_vs_freeuv_conserved,freeuv_conserved,FreeUV（已观测纹理保持）,D2-010,0.1071183820565541,27.315187424421296,0.07237168583605025,0.11023383173677653,0.1071183820565541,0.12666290170616573,0.10493177059623926
1,V01→V03,V01,V03,full_vs_freeuv_conserved,freeuv_conserved,FreeUV（已观测纹理保持）,D2-011,0.04637730239580076,11.826212110929195,0.04637730239580076,0.015390882703165215,0.06570278654495874,0.024546272245546175,0.07313626042256753
1,V01→V03,V01,V03,full_vs_freeuv_conserved,freeuv_conserved,FreeUV（已观测纹理保持）,D2-012,-0.04813992813675819,-12.275681674873338,-0.030949498560706445,-0.02987782906954331,-0.05816720466342909,-0.04865177101843679,-0.04813992813675819
1,V01→V03,V01,V03,full_vs_freeuv_conserved,freeuv_conserved,FreeUV（已观测纹理保持）,D2-013,0.042069948631925175,10.72783690114092,0.02705325794199276,0.03237718903390624,0.042069948631925175,0.04284574802861446,0.04940740882281078
1,V01→V03,V01,V03,full_vs_freeuv_conserved,freeuv_conserved,FreeUV（已观测纹理保持）,D2-014,0.12025800914991469,30.665792333228246,0.1590818439920743,0.12025800914991469,0.116041447080317,0.09501983934924715,0.18142709881067276
1,V01→V03,V01,V03,full_vs_freeuv_conserved,freeuv_conserved,FreeUV（已观测纹理保持）,D2-015,0.04392902925610542,11.201902460306883,0.009979541723926871,0.05604635365307331,0.057855981091658265,0.04392902925610542,0.040955415616432816
1,V01→V03,V01,V03,full_vs_freeuv_conserved,freeuv_conserved,FreeUV（已观测纹理保持）,D2-016,-0.006166924192355233,-1.5725656690505845,-0.03538851711230401,-0.0017243652389599684,-0.020230686664581304,0.02094839339454968,-0.006166924192355233
1,V01→V03,V01,V03,full_vs_freeuv_conserved,freeuv_conserved,FreeUV（已观测纹理保持）,D2-017,0.15355108317100638,39.155526208606624,0.12938510366913042,0.16049854818618658,0.15355108317100638,0.13176492579055554,0.1847483922134746
1,V01→V03,V01,V03,full_vs_freeuv_conserved,freeuv_conserved,FreeUV（已观测纹理保持）,D2-018,0.03027116969996503,7.719148273491083,0.05363343551104505,0.03027116969996503,0.02977943614066121,0.0417057044715399,0.018248673691044742
1,V01→V03,V01,V03,full_vs_freeuv_conserved,freeuv_conserved,FreeUV（已观测纹理保持）,D2-019,-0.02494907472282648,-6.362014054320753,-0.03841259537471667,-0.027095149374670446,-0.012828637742333948,0.011457555823855922,-0.02494907472282648
1,V01→V03,V01,V03,full_vs_freeuv_conserved,freeuv_conserved,FreeUV（已观测纹理保持）,D2-020,0.16752916326125464,42.71993663161993,0.13735434909661612,0.18010132014751437,0.16752916326125464,0.1623352145155271,0.19250565270582837
1,V01→V03,V01,V03,full_vs_freeuv_conserved,freeuv_conserved,FreeUV（已观测纹理保持）,D2-021,0.11164886349191266,28.47046019043773,0.12720815992603698,0.10730229752759138,0.11164886349191266,0.13546233701830107,0.11129833478480575
1,V01→V03,V01,V03,full_vs_freeuv_conserved,freeuv_conserved,FreeUV（已观测纹理保持）,D2-022,0.06516088837136824,16.6160265346989,0.07198565918952225,0.06389486112942297,0.04841396926591793,0.06944275566687186,0.06516088837136824
1,V01→V03,V01,V03,full_vs_freeuv_conserved,freeuv_conserved,FreeUV（已观测纹理保持）,D2-023,0.027026821755700675,6.891839547703672,0.027026821755700675,0.04965601157810956,0.0165097047057417,0.05046534103651845,0.0031248252424929124
1,V01→V03,V01,V03,full_vs_freeuv_conserved,freeuv_conserved,FreeUV（已观测纹理保持）,D2-024,0.18420607167662995,46.97254827754064,0.16999314860864118,0.21283629491473688,0.20969931284586588,0.17123726913423248,0.18420607167662995
1,V01→V03,V01,V03,full_vs_freeuv_conserved,freeuv_conserved,FreeUV（已观测纹理保持）,D2-025,-0.03381147092351547,-8.621925085496445,-0.083559840822067,-0.025043964481506586,-0.03381147092351547,-0.04555515090051368,-0.008483944699550272
1,V01→V03,V01,V03,full_vs_freeuv_conserved,freeuv_conserved,FreeUV（已观测纹理保持）,D2-026,0.08188635297119617,20.881020007655025,0.049706007664402335,0.08276287466287613,0.08188635297119617,0.07193077355623245,0.10897530677417915
1,V01→V03,V01,V03,full_vs_freeuv_conserved,freeuv_conserved,FreeUV（已观测纹理保持）,D2-027,0.021896391072207005,5.583579723412786,0.021896391072207005,0.02228245360742287,-0.04352087839679036,0.057895573347599955,0.006606959729213935
1,V01→V03,V01,V03,full_vs_freeuv_conserved,freeuv_conserved,FreeUV（已观测纹理保持）,D2-028,0.04042197054340724,10.307602488568845,0.03803002550488427,0.04042197054340724,0.06285953770081198,0.05200668140536263,-0.0007734195817084566
1,V01→V03,V01,V03,full_vs_freeuv_conserved,freeuv_conserved,FreeUV（已观测纹理保持）,D2-029,0.0318182882937518,8.11366351490671,0.0019946044141596064,0.0318182882937518,0.02667770850839038,0.05173960723208659,0.035087375478311006
1,V01→V03,V01,V03,full_vs_freeuv_conserved,freeuv_conserved,FreeUV（已观测纹理保持）,D2-030,-0.048447017348551946,-12.353989423880746,-0.07640771284814951,-0.048447017348551946,-0.031237536680328748,-0.05577855048946634,-0.02360773993323942
1,V01→V03,V01,V03,full_vs_freeuv_conserved,freeuv_conserved,FreeUV（已观测纹理保持）,D2-031,0.03704714034462259,9.44702078787876,0.05048966132813976,0.03359807149640154,0.03704714034462259,0.05109466108981345,0.035111541904154275
1,V01→V03,V01,V03,full_vs_freeuv_conserved,freeuv_conserved,FreeUV（已观测纹理保持）,D2-032,0.04003736773505806,10.209528772439805,0.03858541229739784,0.038131489548832165,0.06707362849886217,0.05046825721239048,0.04003736773505806
1,V01→V03,V01,V03,full_vs_freeuv_conserved,freeuv_conserved,FreeUV（已观测纹理保持）,D2-033,0.03490926959048743,8.901863745574294,0.009925566356757592,0.04058818930181965,0.03490926959048743,0.039346487015143206,0.014336447948696984
1,V01→V03,V01,V03,full_vs_freeuv_conserved,freeuv_conserved,FreeUV（已观测纹理保持）,D2-034,0.06542003004708224,16.682107662005972,0.04490370344784525,0.06542003004708224,0.07658476517018345,0.08852198148249753,0.05306429985082811
1,V01→V03,V01,V03,full_vs_freeuv_conserved,freeuv_conserved,FreeUV（已观测纹理保持）,D2-035,0.1039290566135336,26.50190943645107,0.13964845240116122,0.07241558531920117,0.08056362414801563,0.1039290566135336,0.11395417595351184
1,V01→V03,V01,V03,full_vs_freeuv_conserved,freeuv_conserved,FreeUV（已观测纹理保持）,D2-036,0.14419449120759964,36.76959525793791,0.10684097434083623,0.07823485384384793,0.20726156731446585,0.14419449120759964,0.16435842216014862
1,V01→V03,V01,V03,full_vs_freeuv_conserved,freeuv_conserved,FreeUV（已观测纹理保持）,D2-037,0.008982039470639497,2.2904200650130715,-0.034629992416335464,0.026936476843224644,0.006336394904388337,0.008982039470639497,0.027710416043798147
1,V01→V03,V01,V03,full_vs_freeuv_conserved,freeuv_conserved,FreeUV（已观测纹理保持）,D2-038,0.19523074048938172,49.78383882479234,0.19523074048938172,0.1983212579154607,0.16819266088758453,0.19766489935643744,0.19463952314673047
1,V01→V03,V01,V03,full_vs_freeuv_conserved,freeuv_conserved,FreeUV（已观测纹理保持）,D2-039,0.07583630150689405,19.338256884257984,0.08903794209364543,0.058884110612173884,0.04277107162155616,0.07583630150689405,0.09060150955969742
1,V01→V03,V01,V03,full_vs_freeuv_conserved,freeuv_conserved,FreeUV（已观测纹理保持）,D2-040,-0.08775248999396959,-22.376884948462244,-0.08775248999396959,-0.09071703176155235,-0.10237587502960002,-0.06730666827184684,-0.08211996163608451
1,V01→V03,V01,V03,full_vs_freeuv_conserved,freeuv_conserved,FreeUV（已观测纹理保持）,D2-041,0.18283768975072434,46.623610886434705,0.19119542886813481,0.1810566470854812,0.18283768975072434,0.20072206589910718,0.1786095932126045
1,V01→V03,V01,V03,full_vs_freeuv_conserved,freeuv_conserved,FreeUV（已观测纹理保持）,D2-042,-0.07778721145457693,-19.835738920917116,-0.0983069942229324,-0.07711140687266987,-0.08157142326235772,-0.07759366101688811,-0.07778721145457693
1,V01→V03,V01,V03,full_vs_freeuv_conserved,freeuv_conserved,FreeUV（已观测纹理保持）,D2-043,-0.002784302297197755,-0.7099970857854275,0.005272043799912474,-0.03570066203857647,-0.002784302297197755,-0.009701098924801699,0.0009885971652872638
1,V01→V03,V01,V03,full_vs_freeuv_conserved,freeuv_conserved,FreeUV（已观测纹理保持）,D2-044,0.13174471419815925,33.59490212053061,0.10497203483885412,0.14259520523688377,0.13829672351187353,0.13174471419815925,0.12654602739448645
1,V01→V03,V01,V03,full_vs_freeuv_conserved,freeuv_conserved,FreeUV（已观测纹理保持）,D2-045,0.004129247325989932,1.0529580681274326,0.004129247325989932,-0.000327078418599247,0.013678909796807498,0.026424069578448922,-0.005811774068408548
1,V01→V03,V01,V03,full_vs_freeuv_conserved,freeuv_conserved,FreeUV（已观测纹理保持）,D2-046,0.019909152498421012,5.076833887097358,-0.03186217802934921,0.019909152498421012,0.0483934442536571,0.013902561667446911,0.061237541027367115
1,V01→V03,V01,V03,full_vs_freeuv_conserved,freeuv_conserved,FreeUV（已观测纹理保持）,D2-047,-0.002256528190558854,-0.5754146885925078,0.019726445064658232,-0.0038321643269487726,-0.002256528190558854,-0.016772183971036025,0.01632200490151134
1,V01→V03,V01,V03,full_vs_freeuv_conserved,freeuv_conserved,FreeUV（已观测纹理保持）,D2-048,0.24478370961592055,62.41984595205974,0.23357853581282226,0.24478370961592055,0.29798790739115444,0.24341608058999886,0.27011301091900375
1,V01→V03,V01,V03,full_vs_freeuv_conserved,freeuv_conserved,FreeUV（已观测纹理保持）,D2-049,0.2431764882057905,62.010004492476575,0.2427334835131963,0.26833899070819217,0.24518692353740332,0.2431764882057905,0.2401472305258115
1,V01→V03,V01,V03,full_vs_freeuv_conserved,freeuv_conserved,FreeUV（已观测纹理保持）,D2-050,0.11303630400271641,28.824257520692687,0.11905633015114636,0.11303630400271641,0.13944296804921968,0.11128656821148025,0.09596318432262965
1,V01→V03,V01,V03,full_vs_freeuv_conserved,freeuv_conserved,FreeUV（已观测纹理保持）,D2-051,0.047118192006434745,12.01513896164086,0.03674822513546261,0.045822930389216976,0.05235083764862447,0.06281588120119913,0.047118192006434745
1,V01→V03,V01,V03,full_vs_freeuv_conserved,freeuv_conserved,FreeUV（已观测纹理保持）,D2-052,0.14065386288695866,35.86673503617446,0.1518140541182624,0.13807923247416815,0.1346649040778478,0.14065386288695866,0.14570101499557497
1,V01→V03,V01,V03,full_vs_freeuv_conserved,freeuv_conserved,FreeUV（已观测纹理保持）,D2-053,0.021787255174583853,5.555750069518883,0.014713456233342498,0.02685777263508901,0.04530153589116201,0.021787255174583853,0.017245393660333425
1,V01→V03,V01,V03,full_vs_freeuv_conserved,freeuv_conserved,FreeUV（已观测纹理保持）,D2-054,0.28567133712823745,72.84619096770055,0.2778563598791758,0.28567133712823745,0.29232444076074493,0.2930987242747236,0.2413282424763397
1,V01→V03,V01,V03,full_vs_freeuv_conserved,freeuv_conserved,FreeUV（已观测纹理保持）,D2-055,-0.01585210930733455,-4.04228787337031,-0.01585210930733455,-0.015630492556189757,-0.04175425385908474,-0.03069218734486237,-0.007782832142852608
1,V01→V03,V01,V03,full_vs_freeuv_conserved,freeuv_conserved,FreeUV（已观测纹理保持）,D2-056,0.10362767058330169,26.425055998741932,0.10739328301903131,0.09510395708291428,0.0990101236148157,0.10362767058330169,0.10652191861384155
1,V01→V03,V01,V03,full_vs_freeuv_conserved,freeuv_conserved,FreeUV（已观测纹理保持）,D2-057,0.017469492134275955,4.454720494240369,0.017469492134275955,0.024803237527764088,-0.014598562906030566,0.017529655841644842,0.007848116252312631
1,V01→V03,V01,V03,full_vs_freeuv_conserved,freeuv_conserved,FreeUV（已观测纹理保持）,D2-058,0.0097682945299567,2.4909151051389586,0.011123929891669965,0.0024405179643317287,0.005265942104814347,0.0097682945299567,0.023007563397026892
1,V01→V03,V01,V03,full_vs_freeuv_conserved,freeuv_conserved,FreeUV（已观测纹理保持）,D2-059,0.10554020035834538,26.912751091378073,0.151241327325503,0.10554020035834538,0.1207796093963441,0.09162502132710953,0.08098019304729642
1,V01→V03,V01,V03,full_vs_freeuv_conserved,freeuv_conserved,FreeUV（已观测纹理保持）,D2-060,0.006848251807508643,1.746304210914704,0.024409123788466713,-0.008925203978489199,0.006848251807508643,0.011186213598265632,-0.03767469359856457
1,V01→V03,V01,V03,full_vs_freeuv_conserved,freeuv_conserved,FreeUV（已观测纹理保持）,D2-061,0.11961768496604194,30.502509666340696,0.11961768496604194,0.1185788405793054,0.08586932009174711,0.13318395472708203,0.1292911200296311
1,V01→V03,V01,V03,full_vs_freeuv_conserved,freeuv_conserved,FreeUV（已观测纹理保持）,D2-062,0.11592978934446972,29.56209628283978,0.13582868476708732,0.11592978934446972,0.08645921846230825,0.10306917478640876,0.1315041055281957
1,V01→V03,V01,V03,full_vs_freeuv_conserved,freeuv_conserved,FreeUV（已观测纹理保持）,D2-063,0.18506335529188317,47.19115559943021,0.19158915523439649,0.19182872285859454,0.18122414116644198,0.1647330675688055,0.18506335529188317
1,V01→V03,V01,V03,full_vs_freeuv_conserved,freeuv_conserved,FreeUV（已观测纹理保持）,D2-064,0.026966245224078478,6.876392532140012,0.026966245224078478,0.0058234671485565825,0.02044579615106895,0.04303972653689839,0.027738214692189567
1,V01→V03,V01,V03,full_vs_freeuv_conserved,freeuv_conserved,FreeUV（已观测纹理保持）,D2-065,0.03355215749858567,8.555800162139347,0.04950705517290367,0.009971073686352194,0.052030498963884175,0.03355215749858567,0.027541481669888734
1,V01→V03,V01,V03,full_vs_freeuv_conserved,freeuv_conserved,FreeUV（已观测纹理保持）,D2-066,0.04079275702436766,10.402153041213753,0.023753878143098622,0.04079275702436766,0.005291528171963156,0.058402520362977633,0.05556760480006537
1,V01→V03,V01,V03,full_vs_freeuv_conserved,freeuv_conserved,FreeUV（已观测纹理保持）,D2-067,0.10338119665781656,26.36220514774322,0.028534507467633197,0.11966510046096074,0.10338119665781656,0.09794399638970694,0.10550861273493084
1,V01→V03,V01,V03,full_vs_freeuv_conserved,freeuv_conserved,FreeUV（已观测纹理保持）,D2-068,0.01929316855967045,4.919757982715964,0.013978029911716788,0.0358734194499751,0.01929316855967045,0.007258415222167969,0.031078355386853218
1,V01→V03,V01,V03,full_vs_freeuv_conserved,freeuv_conserved,FreeUV（已观测纹理保持）,D2-069,-0.02515819216533019,-6.4153390021591985,-0.02515819216533019,-0.027245558571775214,-0.027962413255695817,-0.025022023709843272,-0.023657389027108483
1,V01→V03,V01,V03,full_vs_freeuv_conserved,freeuv_conserved,FreeUV（已观测纹理保持）,D2-070,-0.0035032383871800854,-0.8933257887309218,0.008495828193245514,0.000654769666267152,-0.0051999978269591796,-0.0035032383871800854,-0.014357185047684295
1,V01→V03,V01,V03,full_vs_freeuv_conserved,freeuv_conserved,FreeUV（已观测纹理保持）,D2-071,0.08237311616539955,21.005144622176886,0.053149502103527396,0.09318848778352593,0.10036164076265061,0.08237311616539955,0.044959142296151694
1,V01→V03,V01,V03,full_vs_freeuv_conserved,freeuv_conserved,FreeUV（已观测纹理保持）,D2-072,0.059187611893695924,15.09284103289246,0.023099538084923044,0.059187611893695924,0.07224429362252643,0.07154221620921994,0.028834696859121323
1,V01→V03,V01,V03,full_vs_freeuv_conserved,freeuv_conserved,FreeUV（已观测纹理保持）,D2-073,0.04578265045872992,11.67457586697613,0.025030563999381333,0.03153401018223828,0.057262837317668736,0.060771350955797554,0.04578265045872992
1,V01→V03,V01,V03,full_vs_freeuv_conserved,freeuv_conserved,FreeUV（已观测纹理保持）,D2-074,0.08741746568863373,22.2914537506016,0.06651626393684873,0.08752870058937781,0.09388513661975012,0.08606328055316553,0.08741746568863373
1,V01→V03,V01,V03,full_vs_freeuv_conserved,freeuv_conserved,FreeUV（已观测纹理保持）,D2-075,0.10481644868850709,26.72819441556931,0.12369966208934784,0.10481644868850709,0.08472559650739034,0.11056993703047435,0.0757762203613917
1,V01→V03,V01,V03,full_vs_freeuv_conserved,freeuv_conserved,FreeUV（已观测纹理保持）,D2-076,0.09089156559202818,23.177349225967188,0.09089156559202818,0.05380624553654342,0.11625969654414801,0.10382402634713797,0.08851840815041212
1,V01→V03,V01,V03,full_vs_freeuv_conserved,freeuv_conserved,FreeUV（已观测纹理保持）,D2-077,0.2722285816238986,69.41828831409416,0.2038310252957874,0.2893990642494626,0.28933021136456066,0.2722285816238986,0.2661975829137696
1,V01→V03,V01,V03,full_vs_freeuv_conserved,freeuv_conserved,FreeUV（已观测纹理保持）,D2-078,0.08642280894139454,22.03781628005561,0.11962322861192715,0.0706796874957425,0.08642280894139454,0.1341312780148453,0.07983777299523354
1,V01→V03,V01,V03,full_vs_freeuv_conserved,freeuv_conserved,FreeUV（已观测纹理保持）,D2-079,0.038987136880556744,9.94171990454197,-0.025665008690622104,0.04834251933627656,0.018879307972060305,0.038987136880556744,0.04605123069551256
1,V01→V03,V01,V03,full_vs_freeuv_conserved,freeuv_conserved,FreeUV（已观测纹理保持）,D2-080,0.02506159274623944,6.390706150291057,0.02506159274623944,0.03821213744007623,0.022071849077175826,0.03158696755193746,0.024520441794242606
1,V01→V03,V01,V03,full_vs_freeuv_conserved,freeuv_conserved,FreeUV（已观测纹理保持）,D2-081,-0.03189995636542639,-8.134488873183729,-0.11433060715595883,-0.03189995636542639,-0.02436462789773941,-0.034793569809860675,-0.023543288310368865
1,V01→V03,V01,V03,full_vs_freeuv_conserved,freeuv_conserved,FreeUV（已观测纹理保持）,D2-082,-0.014871237704005003,-3.7921656145212754,-0.014871237704005003,-0.03132851651081672,0.00021049241798046237,-0.023982773654353917,0.001846208260991633
1,V01→V03,V01,V03,full_vs_freeuv_conserved,freeuv_conserved,FreeUV（已观测纹理保持）,D2-083,-0.029234039102807474,-7.4546799712159055,-0.018370519357698956,-0.04311562366323707,-0.046387172821495265,-0.0063404506187380305,-0.029234039102807474
1,V01→V03,V01,V03,full_vs_freeuv_conserved,freeuv_conserved,FreeUV（已观测纹理保持）,D2-084,0.027959042663375566,7.129555879160769,0.06852939712504547,-0.025092302552527812,0.017693487678964948,0.0372919697314501,0.027959042663375566
1,V01→V03,V01,V03,full_vs_freeuv_conserved,freeuv_conserved,FreeUV（已观测纹理保持）,D2-085,0.07444741653485432,18.98409121638785,0.08231044666220745,0.07444741653485432,0.03546689833617872,0.08165871834175455,0.04963909222020044
1,V01→V03,V01,V03,full_vs_freeuv_conserved,freeuv_conserved,FreeUV（已观测纹理保持）,D2-086,0.16273618574466622,41.49772736488989,0.16273618574466622,0.1678243785965861,0.16957033464783117,0.15621465653703925,0.15431496296731528
1,V01→V03,V01,V03,full_vs_freeuv_conserved,freeuv_conserved,FreeUV（已观测纹理保持）,D2-087,-0.02312240207737143,-5.8962125297297145,-0.011514478334874817,-0.031962695954875525,-0.05101032622835855,-0.02312240207737143,0.011476906637350709
1,V01→V03,V01,V03,full_vs_freeuv_conserved,freeuv_conserved,FreeUV（已观测纹理保持）,D2-088,0.020859247446060186,5.319108098745348,0.005452376604080211,0.020859247446060186,-0.010829721887906402,0.042151466881235444,0.055232026427984235
1,V01→V03,V01,V03,full_vs_freeuv_conserved,freeuv_conserved,FreeUV（已观测纹理保持）,D2-089,0.018264833092689503,4.6575324386358234,0.03457118521134059,0.036201917007565504,0.012856516987085342,0.018264833092689503,0.01585616221030553
1,V01→V03,V01,V03,full_vs_freeuv_conserved,freeuv_conserved,FreeUV（已观测纹理保持）,D2-090,-0.06273152331511181,-15.996538445353512,-0.045527752240498875,-0.08931276798248292,-0.06312294205029806,-0.06273152331511181,-0.021766140063603723
1,V01→V03,V01,V03,full_vs_freeuv_conserved,freeuv_conserved,FreeUV（已观测纹理保持）,D2-091,0.06336815003305674,16.158878258429468,0.048967241930464894,0.07276368793100117,0.09971409228940804,0.06336815003305674,0.05168932427962619
1,V01→V03,V01,V03,full_vs_freeuv_conserved,freeuv_conserved,FreeUV（已观测纹理保持）,D2-092,-0.01060997861891222,-2.705544547822616,-0.06046898352603117,-0.025272028138622255,-0.0020420436198130554,-0.01060997861891222,0.03186691423448232
1,V01→V03,V01,V03,full_vs_freeuv_conserved,freeuv_conserved,FreeUV（已观测纹理保持）,D2-093,0.12868067173239514,32.81357129176076,0.11115545798570683,0.12868067173239514,0.13237532345243755,0.1315311854466414,0.1094667223067238
1,V01→V03,V01,V03,full_vs_freeuv_conserved,freeuv_conserved,FreeUV（已观测纹理保持）,D2-094,0.042245122293631227,10.772506184875963,0.05785100117680572,0.030655461806981338,0.042467184364795685,0.03542058112188462,0.042245122293631227
1,V01→V03,V01,V03,full_vs_freeuv_conserved,freeuv_conserved,FreeUV（已观测纹理保持）,D2-095,-0.033536249795594275,-8.55174369787654,-0.033536249795594275,-0.04378433236613488,-0.02576654287389457,-0.04408382870352423,-0.01559953522892335
1,V01→V03,V01,V03,full_vs_freeuv_conserved,freeuv_conserved,FreeUV（已观测纹理保持）,D2-096,0.01600376102659437,4.080959061781565,-0.02591810127099356,0.01600376102659437,0.01943530307875739,0.006338904301325485,0.017387111981709807
1,V01→V03,V01,V03,full_vs_freeuv_conserved,freeuv_conserved,FreeUV（已观测纹理保持）,D2-097,0.06349762941577605,16.191895501022895,0.07634623122534581,0.06150516410846085,0.06405881796741769,0.05562163840624548,0.06349762941577605
1,V01→V03,V01,V03,full_vs_freeuv_conserved,freeuv_conserved,FreeUV（已观测纹理保持）,D2-098,0.11990940529439187,30.576898350069925,0.07005447770158452,0.12155129263798398,0.12247755005955696,0.11990940529439187,0.11254949184755486
1,V01→V03,V01,V03,full_vs_freeuv_conserved,freeuv_conserved,FreeUV（已观测纹理保持）,D2-099,0.03402353415176981,8.676001208701303,0.022024798960912778,0.03402353415176981,0.02562431263781728,0.03777840307780675,0.07269935150231634
1,V01→V03,V01,V03,full_vs_freeuv_conserved,freeuv_conserved,FreeUV（已观测纹理保持）,D2-100,0.04097293157393883,10.448097551354403,0.04097293157393883,0.039888581025856296,0.051016100663503594,0.038312952937276074,0.045226404866711645
2,V01→V04,V01,V04,full_vs_condition0,condition0,NoCond,D2-001,0.018237410734097154,4.650539737194774,0.07216084707114431,0.001277148620122015,0.0048456923622224035,0.024662574856645553,0.018237410734097154
2,V01→V04,V01,V04,full_vs_condition0,condition0,NoCond,D2-002,0.007575243882749272,1.9316871901010644,0.007575243882749272,-0.021445369925992275,0.024958287676175417,0.0077737512430925415,-0.025100898811186878
2,V01→V04,V01,V04,full_vs_condition0,condition0,NoCond,D2-003,-0.015689376830345103,-4.000791091738002,-0.035304881366235885,0.003329122128585993,-0.015689376830345103,-0.015533644927754331,-0.04918775046687751
2,V01→V04,V01,V04,full_vs_condition0,condition0,NoCond,D2-004,-0.01857360949118933,-4.7362704202532795,0.0042942819495995765,-0.01857360949118933,-0.042035144940018615,-0.00032681640651488486,-0.02361606284976006
2,V01→V04,V01,V04,full_vs_condition0,condition0,NoCond,D2-005,0.011535734881328641,2.9416123947388035,-0.0035787456146272323,0.002900335104656593,0.016032191991554534,0.018225319149121955,0.011535734881328641
2,V01→V04,V01,V04,full_vs_condition0,condition0,NoCond,D2-006,0.011536267048459725,2.94174809735723,0.04981462502988376,0.011536267048459725,-0.046542536467313766,0.004536642109960076,0.019298858668019142
2,V01→V04,V01,V04,full_vs_condition0,condition0,NoCond,D2-007,0.0033731636710656043,0.860156736121729,-0.014560593817478568,0.014228138270286406,0.0033731636710656043,0.01189943215785881,-0.010116050449701458
2,V01→V04,V01,V04,full_vs_condition0,condition0,NoCond,D2-008,0.016662769909924685,4.249006327030795,0.040937982991618924,0.016662769909924685,0.018832183858883453,0.0009809430430895022,-0.020499346976947483
2,V01→V04,V01,V04,full_vs_condition0,condition0,NoCond,D2-009,0.0229199634244045,5.844590673223148,0.0229199634244045,0.003974756225943565,0.04664654331281781,0.05053208884783089,-0.02713317113618058
2,V01→V04,V01,V04,full_vs_condition0,condition0,NoCond,D2-010,-0.0002889986100949593,-0.07369464557421462,-0.022220924692718608,0.013636699338492597,0.0007988493562790522,-0.0002889986100949593,-0.007923767526160197
2,V01→V04,V01,V04,full_vs_condition0,condition0,NoCond,D2-011,0.02230563056137827,5.687935793151459,0.02230563056137827,0.019185293414112597,0.028670771901185305,-0.052758533507585526,0.06713351736673051
2,V01→V04,V01,V04,full_vs_condition0,condition0,NoCond,D2-012,-0.0012555895123445293,-0.320175325647855,-0.015071737412291925,-0.006586587263478189,-0.0012555895123445293,0.007509052482258777,0.0023048064632205656
2,V01→V04,V01,V04,full_vs_condition0,condition0,NoCond,D2-013,0.008896592911332851,2.268631192389877,0.020494177797809238,0.008896592911332851,-0.02211712636053559,0.0044464501707504045,0.02188126326849063
2,V01→V04,V01,V04,full_vs_condition0,condition0,NoCond,D2-014,0.00202342242370418,0.5159727180445659,-0.015129808842399978,0.015368841036602299,-0.0023657869041701918,0.00202342242370418,0.005032652506121893
2,V01→V04,V01,V04,full_vs_condition0,condition0,NoCond,D2-015,0.00855929697001423,2.1826207273536284,0.005610130065017274,-0.006132260847974719,0.01606677135935536,0.00855929697001423,0.024201614106142966
2,V01→V04,V01,V04,full_vs_condition0,condition0,NoCond,D2-016,0.006166365501042936,1.5724232027659488,0.0425057548123437,0.018511476632845303,0.006166365501042936,-0.02561832435831829,-0.016846070720537287
2,V01→V04,V01,V04,full_vs_condition0,condition0,NoCond,D2-017,0.011630486448605842,2.96577404439449,0.02196938037872316,0.006869541803995766,-0.011098085244496653,0.011630486448605842,0.0326691436767578
2,V01→V04,V01,V04,full_vs_condition0,condition0,NoCond,D2-018,-0.00288603936011593,-0.7359400368295622,0.019867844462472334,-0.014936645166017115,-0.00288603936011593,0.010336466298516228,-0.005115999025292695
2,V01→V04,V01,V04,full_vs_condition0,condition0,NoCond,D2-019,0.034394473369632445,8.770590709256274,0.06988423489152437,0.012108985866819105,0.034394473369632445,-0.005114885194907104,0.07064652821374318
2,V01→V04,V01,V04,full_vs_condition0,condition0,NoCond,D2-020,-0.01549715680234573,-3.951774984598161,-0.01549715680234573,-0.0435104674714453,0.0035560064602132013,-0.010040484149666407,-0.015612269806511259
2,V01→V04,V01,V04,full_vs_condition0,condition0,NoCond,D2-021,0.0076152454308473505,1.9418875848660744,0.0076152454308473505,-0.0087542881568273,0.03715896345878558,0.02398669573127246,-0.008007749874409414
2,V01→V04,V01,V04,full_vs_condition0,condition0,NoCond,D2-022,-0.008386081539922263,-2.1384507926801772,-0.008704935676521752,-0.005309375375509295,0.029966050800349975,-0.02746671736240386,-0.008386081539922263
2,V01→V04,V01,V04,full_vs_condition0,condition0,NoCond,D2-023,-0.02399127106784152,-6.117774122299587,-0.02399127106784152,0.013914055767513478,-0.03909414925542817,0.0027722643346202724,-0.03126369756298
2,V01→V04,V01,V04,full_vs_condition0,condition0,NoCond,D2-024,0.019173411399493967,4.889219906870961,-0.005259069119706583,-0.0004916983530109387,0.034002188961079094,0.08376089060380137,0.019173411399493967
2,V01→V04,V01,V04,full_vs_condition0,condition0,NoCond,D2-025,0.0026775457275410586,0.6827741605229699,0.025108130338291346,0.0425329679209325,-0.0019798261216945057,0.0026775457275410586,-0.004754884478946508
2,V01→V04,V01,V04,full_vs_condition0,condition0,NoCond,D2-026,-0.003818306225267326,-0.9736680874431681,-0.003818306225267326,0.01178668382944481,-0.004945383717616381,-0.030595043617667572,0.004915432383616747
2,V01→V04,V01,V04,full_vs_condition0,condition0,NoCond,D2-027,-0.02239337545193612,-5.7103107402437105,-0.028937437464712112,0.010056674480438232,-0.051559392098194906,0.02694177647920254,-0.02239337545193612
2,V01→V04,V01,V04,full_vs_condition0,condition0,NoCond,D2-028,0.03702652871608736,9.441764822602277,0.07251622458299001,0.03702652871608736,0.004948765734831495,0.050861098170280505,0.01632647047440211
2,V01→V04,V01,V04,full_vs_condition0,condition0,NoCond,D2-029,0.021821504243377088,5.564483582061158,0.04215316621421955,0.021821504243377088,0.005136836801661937,0.0395384701032217,0.007139224280305445
2,V01→V04,V01,V04,full_vs_condition0,condition0,NoCond,D2-030,0.007383972080678897,1.8829128805731186,0.007383972080678897,-0.003043596495370393,-0.03228473968681743,0.012682418517076272,0.022140257304809147
2,V01→V04,V01,V04,full_vs_condition0,condition0,NoCond,D2-031,0.006251328229678416,1.594088698567996,0.006251328229678416,0.023955487039391737,0.015100213515600452,-0.012453092657255416,0.005776926423564088
2,V01→V04,V01,V04,full_vs_condition0,condition0,NoCond,D2-032,0.008402128259843933,2.142542706260203,0.02026716057006822,-0.02860304291992749,0.008402128259843933,0.01187997261054402,0.0006905914547574166
2,V01→V04,V01,V04,full_vs_condition0,condition0,NoCond,D2-033,-0.0077444574174781455,-1.9748366414569272,0.030710645020008087,-0.0077444574174781455,0.00043241990109285644,-0.038759040956695884,-0.009153795118133246
2,V01→V04,V01,V04,full_vs_condition0,condition0,NoCond,D2-034,-0.012306756362682442,-3.1382228724840227,-0.019081395513158517,0.016105386299815616,-0.012306756362682442,-0.022137691516701807,0.03352144033443635
2,V01→V04,V01,V04,full_vs_condition0,condition0,NoCond,D2-035,-0.002938454349835695,-0.7493058592081023,-0.002938454349835695,-0.008914946222010944,-0.011176757744432941,-0.0012294376889864234,0.0018370444943875408
2,V01→V04,V01,V04,full_vs_condition0,condition0,NoCond,D2-036,0.038186746912124814,9.737620462591828,-0.04223432602026522,0.058153947385457816,0.030393312183710275,0.0772474849453339,0.038186746912124814
2,V01→V04,V01,V04,full_vs_condition0,condition0,NoCond,D2-037,-0.014745042082809273,-3.7599857311163647,-0.03403199769201734,0.01847894752309434,-0.011665802839256459,-0.014745042082809273,-0.03311491285761198
2,V01→V04,V01,V04,full_vs_condition0,condition0,NoCond,D2-038,-0.04006396044948787,-10.216309914619409,-0.06788115336023495,0.025715742796433683,-0.01419595355224429,-0.04006396044948787,-0.08334922844148945
2,V01→V04,V01,V04,full_vs_condition0,condition0,NoCond,D2-039,0.011957658895691808,3.049203018401411,0.011957658895691808,-0.023460073549534388,-0.007110081937002077,0.015501556099180996,0.014007750808616742
2,V01→V04,V01,V04,full_vs_condition0,condition0,NoCond,D2-040,0.014569222002106474,3.715151610537151,0.02977308058211592,0.013614611611479782,0.018413843903817284,-0.014801738365572331,0.014569222002106474
2,V01→V04,V01,V04,full_vs_condition0,condition0,NoCond,D2-041,0.007428550507341147,1.8942803793719927,0.007428550507341147,0.00351953261664939,-0.001362374283018608,0.009680584924561642,0.01938309541770389
2,V01→V04,V01,V04,full_vs_condition0,condition0,NoCond,D2-042,0.027108986016320086,6.912791434161622,0.022173069931309797,0.02940383806139571,0.03362331830564588,-0.01062376745815935,0.027108986016320086
2,V01→V04,V01,V04,full_vs_condition0,condition0,NoCond,D2-043,-0.010470967011890209,-2.670096588032003,0.03449562395355482,-0.03652201657151355,-0.010470967011890209,-0.016862428950509795,0.0008252074449569269
2,V01→V04,V01,V04,full_vs_condition0,condition0,NoCond,D2-044,0.0014711043391472112,0.37513160648253885,-0.008423466904041083,0.012042889514794736,-0.007891723360770792,0.0014711043391472112,0.017206592437548518
2,V01→V04,V01,V04,full_vs_condition0,condition0,NoCond,D2-045,-0.0011165535875728994,-0.28472116483108934,0.03749645921209502,-0.020802780985832214,-0.004751094631732455,-0.0011165535875728994,0.0098540054427253
2,V01→V04,V01,V04,full_vs_condition0,condition0,NoCond,D2-046,0.029805616284093117,7.600432152443745,0.03097364422700083,0.029805616284093117,-0.010891373328706044,0.027093535091014642,0.09204056129810662
2,V01→V04,V01,V04,full_vs_condition0,condition0,NoCond,D2-047,-0.016108622643769832,-4.107698774161308,-0.0005276021629310457,-0.013152585642641074,-0.024277344961481845,-0.04957942413002778,-0.016108622643769832
2,V01→V04,V01,V04,full_vs_condition0,condition0,NoCond,D2-048,0.024998830683115425,6.3747018241944335,0.024998830683115425,0.02093973678226274,0.039450470254653036,-0.02751647422297132,0.03957243579336339
2,V01→V04,V01,V04,full_vs_condition0,condition0,NoCond,D2-049,0.033925658825672,8.65104300054636,0.009749321624486107,0.033925658825672,0.050715236313114254,0.04333213712982453,-0.02241532263731716
2,V01→V04,V01,V04,full_vs_condition0,condition0,NoCond,D2-050,-0.048830407875022686,-12.451754008130784,-0.018326008799432303,0.005486515618261245,-0.0678627576207978,-0.04992243210817204,-0.048830407875022686
2,V01→V04,V01,V04,full_vs_condition0,condition0,NoCond,D2-051,-0.04014746809289571,-10.237604363688407,-0.057683854053417805,-0.09389222102860612,-0.003097467257508202,-0.04014746809289571,-0.03926127741024607
2,V01→V04,V01,V04,full_vs_condition0,condition0,NoCond,D2-052,0.008379028827855073,2.1366523511030437,0.00845268684806244,-0.0016465445867542283,0.03235599915073675,-0.03877611111172222,0.008379028827855073
2,V01→V04,V01,V04,full_vs_condition0,condition0,NoCond,D2-053,0.01706140584522678,4.350658490532829,0.04726810705277226,0.006280432224914603,0.020360105620917446,-0.006103390166836392,0.01706140584522678
2,V01→V04,V01,V04,full_vs_condition0,condition0,NoCond,D2-054,-0.004456751462486058,-1.1364716229339449,-0.05360630036346495,0.005102980911495192,-0.004456751462486058,-0.008369538873907123,-0.003166970634271238
2,V01→V04,V01,V04,full_vs_condition0,condition0,NoCond,D2-055,0.004722321575338195,1.2041920017112397,0.004722321575338195,0.0017239303525650174,0.008419355772661452,0.012205537634365493,-0.004474108361385093
2,V01→V04,V01,V04,full_vs_condition0,condition0,NoCond,D2-056,0.00396877214793237,1.0120368977227543,0.013166153623211774,0.00396877214793237,-0.007381845866480191,0.0012939252680347624,0.005130397215966254
2,V01→V04,V01,V04,full_vs_condition0,condition0,NoCond,D2-057,-0.016627064791240098,-4.239901521766225,-0.04939582545871604,0.022747814349115714,0.010174132186119955,-0.016627064791240098,-0.03703936534725366
2,V01→V04,V01,V04,full_vs_condition0,condition0,NoCond,D2-058,0.016882240733442216,4.3049713870277655,0.016882240733442216,0.020031721447594464,-0.019633757648989558,0.012961286139519246,0.04271351390828687
2,V01→V04,V01,V04,full_vs_condition0,condition0,NoCond,D2-059,-0.005554661098303215,-1.4164385800673198,-0.07632466569317112,0.0278838180626432,-0.005554661098303215,-0.024056001001912547,0.030002879091736018
2,V01→V04,V01,V04,full_vs_condition0,condition0,NoCond,D2-060,-0.010892200398526758,-2.7775111016243232,-0.010892200398526758,-0.01946472296635854,0.003995057280477332,0.032867676744314095,-0.018051709860699344
2,V01→V04,V01,V04,full_vs_condition0,condition0,NoCond,D2-061,0.0009660247676805123,0.24633631575853063,0.0009660247676805123,-0.03975145365385446,0.01567698701047432,0.02248349938285993,-0.016837363496568836
2,V01→V04,V01,V04,full_vs_condition0,condition0,NoCond,D2-062,0.011073245886501243,2.823677701057817,0.006168771232289025,0.018896152545523834,0.02001978278281244,0.011073245886501243,-0.02392418255529752
2,V01→V04,V01,V04,full_vs_condition0,condition0,NoCond,D2-063,-0.0224024675786495,-5.7126292325556225,-0.019303394073531738,-0.0224024675786495,-0.03456340219293322,-0.031114691176584802,-0.012151203304529179
2,V01→V04,V01,V04,full_vs_condition0,condition0,NoCond,D2-064,-0.01650897474562535,-4.209788560134464,-0.009048814676661326,-0.03908257113128413,-0.006162478125404769,-0.01650897474562535,-0.017624034989075582
2,V01→V04,V01,V04,full_vs_condition0,condition0,NoCond,D2-065,0.005463770497590281,1.3932614768855216,0.025115852352852602,0.008794233905306731,0.005463770497590281,-0.014245943302133413,-0.010047419792196394
2,V01→V04,V01,V04,full_vs_condition0,condition0,NoCond,D2-066,0.0006497209903850998,0.16567885254820044,-0.007273548678342817,0.012518992903185838,-0.07710232309315329,0.0006497209903850998,0.03176026248367006
2,V01→V04,V01,V04,full_vs_condition0,condition0,NoCond,D2-067,0.0162711195529453,4.149135486001052,0.02260577477633008,0.0162711195529453,0.0208272978899971,-0.007101835239501225,-0.03584520601563984
2,V01→V04,V01,V04,full_vs_condition0,condition0,NoCond,D2-068,-0.01885748746102317,-4.808659302560908,0.005594032506148011,-0.03084909262364366,-0.01885748746102317,0.02004485253832844,-0.031467076489015644
2,V01→V04,V01,V04,full_vs_condition0,condition0,NoCond,D2-069,0.030938284655272097,7.889262587094385,0.08311818164069329,-0.004253583369960234,-0.01626059267792343,0.030938284655272097,0.04102297187586065
2,V01→V04,V01,V04,full_vs_condition0,condition0,NoCond,D2-070,0.022691866382956505,5.786425927653909,0.010287461945643783,0.022691866382956505,0.03795560740698606,0.03141751474676985,-0.014942945673679653
2,V01→V04,V01,V04,full_vs_condition0,condition0,NoCond,D2-071,-0.010225211882165464,-2.6074290299521934,-0.025378585207675164,-0.010225211882165464,-0.038077568732911626,0.018527449206227342,0.02427508807962847
2,V01→V04,V01,V04,full_vs_condition0,condition0,NoCond,D2-072,-0.0020542037715245987,-0.5238219617387727,0.0242509479793879,-0.0020542037715245987,-0.041519303814516406,-0.05085824758888363,0.03634690594028783
2,V01→V04,V01,V04,full_vs_condition0,condition0,NoCond,D2-073,0.003142909678044148,0.8014419679012577,-0.017646263553588476,0.02380754039795313,-0.0030528814566356255,0.010890345620336334,0.003142909678044148
2,V01→V04,V01,V04,full_vs_condition0,condition0,NoCond,D2-074,-0.008074917114124835,-2.059103864101833,-0.028823669569996657,-0.002579486236358286,-0.02820783455927789,0.0011066479656176575,-0.008074917114124835
2,V01→V04,V01,V04,full_vs_condition0,condition0,NoCond,D2-075,0.016670484840869915,4.250973634421828,0.01570514614383378,0.02416586329539616,0.050662702663491155,0.016670484840869915,0.009301496545473742
2,V01→V04,V01,V04,full_vs_condition0,condition0,NoCond,D2-076,0.028280287208380495,7.211473238137026,0.0014827876179306365,-0.03722751722843559,0.03900061945120492,0.028280287208380495,0.09710646635956238
2,V01→V04,V01,V04,full_vs_condition0,condition0,NoCond,D2-077,0.005810939981823873,1.4817896953650878,0.005810939981823873,0.0392794130813508,-0.014490041278657467,0.008944887419541678,-0.010291212797164925
2,V01→V04,V01,V04,full_vs_condition0,condition0,NoCond,D2-078,0.0012400203668479493,0.31620519354622706,0.0012400203668479493,-0.01741672257053939,0.05595359370006736,-0.0072135079044399475,0.018480702970467555
2,V01→V04,V01,V04,full_vs_condition0,condition0,NoCond,D2-079,-0.0029556418896890257,-0.7536886818707016,-0.0029556418896890257,0.019172276863280463,-0.013645017227413597,-0.04489990082733772,0.04512902911679417
2,V01→V04,V01,V04,full_vs_condition0,condition0,NoCond,D2-080,0.00033755550411210256,0.08607665354858615,0.004460692591038512,0.007282307454899162,-0.022695454198922688,-0.031066740700854606,0.00033755550411210256
2,V01→V04,V01,V04,full_vs_condition0,condition0,NoCond,D2-081,-0.011482584460448197,-2.9280590374142905,-0.04692210930009039,0.041101877807929954,-0.011482584460448197,-0.013298035789561513,0.026994379377493327
2,V01→V04,V01,V04,full_vs_condition0,condition0,NoCond,D2-082,-0.004501535330672546,-1.1478915093214992,-0.03782957845979981,-0.004501535330672546,0.037269794625473446,-0.013503457780356887,0.0025604408872020035
2,V01→V04,V01,V04,full_vs_condition0,condition0,NoCond,D2-083,-0.00019874619253983095,-0.05068027909765689,0.005471857726996668,-0.007927856863813199,-0.0020046965714464737,-0.00019874619253983095,0.0027576168695240127
2,V01→V04,V01,V04,full_vs_condition0,condition0,NoCond,D2-084,0.00396413946973867,1.0108555647833608,-0.008396701223548797,0.00396413946973867,-0.00673562211209329,0.014035259427010324,0.0125089218390399
2,V01→V04,V01,V04,full_vs_condition0,condition0,NoCond,D2-085,0.008850240055471692,2.2568112141452814,0.01896920067568625,0.008850240055471692,-0.007055346233149351,0.03658489816977334,-0.017055404248336903
2,V01→V04,V01,V04,full_vs_condition0,condition0,NoCond,D2-086,-0.006855472456663847,-1.748145476449281,-0.0035173502595474138,0.029050341541213665,-0.006855472456663847,-0.01947015736784255,-0.03503182959476753
2,V01→V04,V01,V04,full_vs_condition0,condition0,NoCond,D2-087,-0.027802205269431918,-7.089562343705139,-0.027802205269431918,-0.01004539691429171,-0.06612206838973281,-0.020922320817286788,-0.03134776584597099
2,V01→V04,V01,V04,full_vs_condition0,condition0,NoCond,D2-088,-0.0038418841520042046,-0.9796804587610721,0.0036011903730192862,-0.0038418841520042046,-0.00819653966887432,0.011546059610378578,-0.03818209117955784
2,V01→V04,V01,V04,full_vs_condition0,condition0,NoCond,D2-089,0.009761520040531935,2.489187610335643,0.10726705384218976,0.04225522590180236,0.009761520040531935,-0.022737065574065546,-0.01843560083458823
2,V01→V04,V01,V04,full_vs_condition0,condition0,NoCond,D2-090,0.0017851227496424316,0.45520630115882005,0.006222092252001821,0.010155088562741221,0.0017851227496424316,-0.008198170771456154,-0.0006742227153900271
2,V01→V04,V01,V04,full_vs_condition0,condition0,NoCond,D2-091,-0.03410140889478319,-8.695859268169714,-0.03410140889478319,-0.041324357283704094,-0.05337389891990174,-0.03343950851280014,0.004732189079125704
2,V01→V04,V01,V04,full_vs_condition0,condition0,NoCond,D2-092,-0.020860633039786136,-5.319461425145465,-0.02617139559166104,0.026987569978813714,-0.020860633039786136,-0.04197990602137994,-0.019222992843662218
2,V01→V04,V01,V04,full_vs_condition0,condition0,NoCond,D2-093,0.0036365398727122855,0.9273176675416328,-0.022116736046173285,0.034842837203598626,0.0038612225801689937,-0.022130977666977802,0.0036365398727122855
2,V01→V04,V01,V04,full_vs_condition0,condition0,NoCond,D2-094,-0.014068029682945349,-3.587347569151064,-0.014068029682945349,0.08571320344452504,0.0031632769990850296,-0.02365741892545309,-0.04551365295494042
2,V01→V04,V01,V04,full_vs_condition0,condition0,NoCond,D2-095,-0.014035039146741257,-3.5789349824190206,-0.015165120810270327,0.03887580901384352,-0.0037553981443246287,-0.03501009051998455,-0.014035039146741257
2,V01→V04,V01,V04,full_vs_condition0,condition0,NoCond,D2-096,-0.006183027600248664,-1.5766720380634094,-0.004887130980690296,-0.01002975280086199,-0.019130950234830385,0.002540011828144395,-0.006183027600248664
2,V01→V04,V01,V04,full_vs_condition0,condition0,NoCond,D2-097,0.006989816176718566,1.7824031250632344,0.015798676192112587,-0.00044933463568272436,-0.0154140297377455,0.006989816176718566,0.032594591919062776
2,V01→V04,V01,V04,full_vs_condition0,condition0,NoCond,D2-098,0.027349787838582162,6.974195898838452,0.04054237916156159,-0.013834037061588311,-0.03383932906277304,0.027349787838582162,0.030464870286799395
2,V01→V04,V01,V04,full_vs_condition0,condition0,NoCond,D2-099,0.03174392898909301,8.094701892218717,0.042372912693864256,0.03174392898909301,-0.011284455465964793,-0.01534611558239174,0.04878485935111332
2,V01→V04,V01,V04,full_vs_condition0,condition0,NoCond,D2-100,-0.010880107831275257,-2.7744274969751905,-0.012144345234622031,-0.01712883887322325,0.0039635872697098284,-0.010880107831275257,-0.008062789994373668
2,V01→V04,V01,V04,full_vs_b_lite_ft,b_lite_ft,B-lite 同任务微调,D2-001,0.0033723291837506886,0.8599439418564256,0.010131553746759892,0.0009289279373155823,0.021780481044616967,0.0033723291837506886,-0.009826522527469544
2,V01→V04,V01,V04,full_vs_b_lite_ft,b_lite_ft,B-lite 同任务微调,D2-002,0.006668098870365069,1.7003652119430925,-0.029505827817423613,-0.00567224998583743,0.006668098870365069,0.014002191780627449,0.011682829123803917
2,V01→V04,V01,V04,full_vs_b_lite_ft,b_lite_ft,B-lite 同任务微调,D2-003,-0.07477641589052622,-19.067986052084187,-0.05413901025340673,-0.05932344593817279,-0.12232649104580992,-0.10133038824867638,-0.07477641589052622
2,V01→V04,V01,V04,full_vs_b_lite_ft,b_lite_ft,B-lite 同任务微调,D2-004,-0.06959253487487635,-17.74609639309347,-0.03871427352229756,-0.0615541360858414,-0.07313138544559475,-0.07811657314499218,-0.06959253487487635
2,V01→V04,V01,V04,full_vs_b_lite_ft,b_lite_ft,B-lite 同任务微调,D2-005,-0.016770564176865288,-4.276493865100648,-0.02821180828009978,-0.03720031424036513,-0.011373627695101696,-0.004394026496742365,-0.016770564176865288
2,V01→V04,V01,V04,full_vs_b_lite_ft,b_lite_ft,B-lite 同任务微调,D2-006,0.012229423636827996,3.118503027391139,0.005446030357019682,0.0031929692722917624,0.012229423636827996,0.037291664297018606,0.05326979322646691
2,V01→V04,V01,V04,full_vs_b_lite_ft,b_lite_ft,B-lite 同任务微调,D2-007,0.004826470063282892,1.2307498661371374,-0.0051626359805082706,0.01470274848815721,-0.007687003222795641,0.0129344377380151,0.004826470063282892
2,V01→V04,V01,V04,full_vs_b_lite_ft,b_lite_ft,B-lite 同任务微调,D2-008,0.0231642373983965,5.906880536591108,0.040000992071516125,0.021794165595897336,0.05455508528265564,0.0231642373983965,0.011837190427120364
2,V01→V04,V01,V04,full_vs_b_lite_ft,b_lite_ft,B-lite 同任务微调,D2-009,-0.005703824882705988,-1.454475345090027,-0.03700896709536511,-0.005703824882705988,0.011550566026320042,0.007084467991565646,-0.04071884788572788
2,V01→V04,V01,V04,full_vs_b_lite_ft,b_lite_ft,B-lite 同任务微调,D2-010,0.004238480048482873,1.0808124123631326,-0.015187221399524775,0.006502009143954823,0.004238480048482873,0.009193136405787977,-0.007011379164300446
2,V01→V04,V01,V04,full_vs_b_lite_ft,b_lite_ft,B-lite 同任务微调,D2-011,0.05331479147490528,13.595271826100847,0.05331479147490528,0.041947629561440825,0.11111474150998724,-0.010338681129117816,0.09427987261571819
2,V01→V04,V01,V04,full_vs_b_lite_ft,b_lite_ft,B-lite 同任务微调,D2-012,-0.02228397796094647,-5.68241438004135,-0.030176170841144878,-0.020688712711078472,-0.02228397796094647,-0.026548911628252708,-0.01711330133208369
2,V01→V04,V01,V04,full_vs_b_lite_ft,b_lite_ft,B-lite 同任务微调,D2-013,-0.011941456235945225,-3.0450713401660323,0.025947861808041733,-0.009486930693189288,-0.02697044671513138,-0.025560960654790216,-0.011941456235945225
2,V01→V04,V01,V04,full_vs_b_lite_ft,b_lite_ft,B-lite 同任务微调,D2-014,-0.023824384183059502,-6.075217966680173,-0.04386263000376432,-0.019865094603579728,-0.02001609956776655,-0.023824384183059502,-0.02645089109370738
2,V01→V04,V01,V04,full_vs_b_lite_ft,b_lite_ft,B-lite 同任务微调,D2-015,-0.0077253280966370075,-1.969958664642437,-0.0007416361459979259,-0.030784542472274218,-0.018392771151330728,-0.0077253280966370075,0.005474398754261159
2,V01→V04,V01,V04,full_vs_b_lite_ft,b_lite_ft,B-lite 同任务微调,D2-016,0.03475032402789807,8.861332627114008,0.04224583499871931,-0.004794984518944667,0.09350824369503574,0.03475032402789807,0.027948169390092037
2,V01→V04,V01,V04,full_vs_b_lite_ft,b_lite_ft,B-lite 同任务微调,D2-017,0.03139513889948527,8.005760419368743,0.03139513889948527,0.01770569602648417,0.010952016313870744,0.04357911447683971,0.041721620361010237
2,V01→V04,V01,V04,full_vs_b_lite_ft,b_lite_ft,B-lite 同任务微调,D2-018,0.023564594011986628,6.00897147305659,0.023564594011986628,0.018392464107212916,0.03461931504231566,0.024748267654407144,0.021677716867998242
2,V01→V04,V01,V04,full_vs_b_lite_ft,b_lite_ft,B-lite 同任务微调,D2-019,0.019931320219285897,5.082486655917904,0.05160389101457974,0.010660826686828856,0.019931320219285897,0.015619121728435409,0.06962894068823919
2,V01→V04,V01,V04,full_vs_b_lite_ft,b_lite_ft,B-lite 同任务微调,D2-020,-0.01249804376971489,-3.187001161277297,-0.0316693142933004,-0.014288719816535123,0.003213409699645703,-0.0030548991087605004,-0.01249804376971489
2,V01→V04,V01,V04,full_vs_b_lite_ft,b_lite_ft,B-lite 同任务微调,D2-021,-0.02085920423269272,-5.319097079336643,-0.007596801620363525,-0.04394703110059103,-0.016874791453770605,-0.02085920423269272,-0.03450389556546028
2,V01→V04,V01,V04,full_vs_b_lite_ft,b_lite_ft,B-lite 同任务微调,D2-022,0.0503172226250172,12.830891769379386,0.018181198504235996,0.057781150109238066,0.057458283503850294,0.027156776520941006,0.0503172226250172
2,V01→V04,V01,V04,full_vs_b_lite_ft,b_lite_ft,B-lite 同任务微调,D2-023,-0.03638123705679057,-9.277215449481595,-0.040194646334972495,-0.01010694334498878,-0.04008341925282055,-0.0028504884364653482,-0.03638123705679057
2,V01→V04,V01,V04,full_vs_b_lite_ft,b_lite_ft,B-lite 同任务微调,D2-024,0.07278122076833687,18.559211295925902,-0.017697287194522793,0.07278122076833687,0.08887035220309542,0.0902288306826427,0.0596441743366512
2,V01→V04,V01,V04,full_vs_b_lite_ft,b_lite_ft,B-lite 同任务微调,D2-025,0.049704273127847254,12.67458964760105,0.04579540321396458,0.06118101978467569,0.07840319495234224,0.03982823952618572,0.049704273127847254
2,V01→V04,V01,V04,full_vs_b_lite_ft,b_lite_ft,B-lite 同任务微调,D2-026,0.054785661963802385,13.970343800769609,0.042386120072368416,0.04762937749425569,0.056359786201607115,0.054785661963802385,0.060300973610896036
2,V01→V04,V01,V04,full_vs_b_lite_ft,b_lite_ft,B-lite 同任务微调,D2-027,-0.0187837688934282,-4.789861067824191,-0.02914862523028436,-0.0156111219704477,-0.05521349775823739,0.00999058261920846,-0.0187837688934282
2,V01→V04,V01,V04,full_vs_b_lite_ft,b_lite_ft,B-lite 同任务微调,D2-028,0.11724569817384084,29.897653034329416,0.09977112511793773,0.1543738363186518,0.15163110882043834,0.08650062918663026,0.11724569817384084
2,V01→V04,V01,V04,full_vs_b_lite_ft,b_lite_ft,B-lite 同任务微调,D2-029,0.11488293425566487,29.295148235194542,0.12098281683564993,0.06684088240675373,0.11488293425566487,0.1196350958578441,0.07177709641099789
2,V01→V04,V01,V04,full_vs_b_lite_ft,b_lite_ft,B-lite 同任务微调,D2-030,0.023248042402371688,5.92825081260478,0.008774422475549049,0.010574921110614421,0.023248042402371688,0.02374295002775767,0.037072369106154635
2,V01→V04,V01,V04,full_vs_b_lite_ft,b_lite_ft,B-lite 同任务微调,D2-031,0.032007403191969264,8.161887813952163,0.03320891712086671,0.02161078342716352,0.05014011152370862,0.032007403191969264,0.012471441235957725
2,V01→V04,V01,V04,full_vs_b_lite_ft,b_lite_ft,B-lite 同任务微调,D2-032,0.017058336407826447,4.349875783995744,-0.02576563598485937,-0.026478695152681087,0.017058336407826447,0.03764121030076145,0.030180830618500187
2,V01→V04,V01,V04,full_vs_b_lite_ft,b_lite_ft,B-lite 同任务微调,D2-033,0.05321666287879148,13.570249034091828,0.06214341272910434,0.05321666287879148,0.06201871888091165,-0.009076996240764856,0.002396131710459798
2,V01→V04,V01,V04,full_vs_b_lite_ft,b_lite_ft,B-lite 同任务微调,D2-034,0.05856399147248853,14.933817825484574,0.06127763260913091,0.04287495651865392,0.05856399147248853,0.03550802286320581,0.0990043158938245
2,V01→V04,V01,V04,full_vs_b_lite_ft,b_lite_ft,B-lite 同任务微调,D2-035,-0.021641491003978386,-5.518580206014488,-0.01380385826399294,-0.030990913878252424,-0.012978227464137237,-0.021684840229558355,-0.021641491003978386
2,V01→V04,V01,V04,full_vs_b_lite_ft,b_lite_ft,B-lite 同任务微调,D2-036,0.04832784296610415,12.323599956356558,-0.008893971832898917,0.050957650710374836,0.026607642762171924,0.06448145994009113,0.04832784296610415
2,V01→V04,V01,V04,full_vs_b_lite_ft,b_lite_ft,B-lite 同任务微调,D2-037,0.003410597713220692,0.8697024168712765,-0.005220824125267226,0.011763908465703327,0.003410597713220692,0.01093334144070035,-0.00486199022048997
2,V01→V04,V01,V04,full_vs_b_lite_ft,b_lite_ft,B-lite 同任务微调,D2-038,-0.09474018337487272,-24.158746760592543,-0.09189727572216227,-0.09474018337487272,-0.11265006223975707,-0.07934894189802988,-0.09604332954481692
2,V01→V04,V01,V04,full_vs_b_lite_ft,b_lite_ft,B-lite 同任务微调,D2-039,0.008449081691422888,2.1545158313128363,0.012779604355638158,-0.03025963184410249,-0.02703229287540279,0.013477495147122265,0.008449081691422888
2,V01→V04,V01,V04,full_vs_b_lite_ft,b_lite_ft,B-lite 同任务微调,D2-040,0.09102777857966973,23.212083537815783,0.08434471650188471,0.0814712844839712,0.11067188875813064,0.09102777857966973,0.10855707879729418
2,V01→V04,V01,V04,full_vs_b_lite_ft,b_lite_ft,B-lite 同任务微调,D2-041,-0.07067752388261614,-18.022768590067116,-0.08621014938468025,-0.09176548084332828,-0.05230540008771989,-0.042716920021034444,-0.07067752388261614
2,V01→V04,V01,V04,full_vs_b_lite_ft,b_lite_ft,B-lite 同任务微调,D2-042,0.05944059596493323,15.157351971057974,0.037446718149144076,0.05648740552280143,0.07634579069141684,0.05944059596493323,0.08018819987773895
2,V01→V04,V01,V04,full_vs_b_lite_ft,b_lite_ft,B-lite 同任务微调,D2-043,0.08735392651595603,22.275251261568787,0.08735392651595603,0.017359880023989194,0.09177271099011786,0.07623967014510055,0.09650853839328233
2,V01→V04,V01,V04,full_vs_b_lite_ft,b_lite_ft,B-lite 同任务微调,D2-044,0.05296228128748062,13.505381728307558,0.038859114815027296,0.05296228128748062,0.06036713757576087,0.06518705647725326,0.04443893906397697
2,V01→V04,V01,V04,full_vs_b_lite_ft,b_lite_ft,B-lite 同任务微调,D2-045,0.005939715320155747,1.5146274066397156,0.012700572314243458,0.0176291580474566,0.0006059103068851157,0.005939715320155747,0.004042815476182904
2,V01→V04,V01,V04,full_vs_b_lite_ft,b_lite_ft,B-lite 同任务微调,D2-046,0.04246170163577334,10.827733917122202,0.030019317007233925,0.0399116669774901,0.0744397948819695,0.04246170163577334,0.09152196030667492
2,V01→V04,V01,V04,full_vs_b_lite_ft,b_lite_ft,B-lite 同任务微调,D2-047,-0.039625791914499636,-10.104576938197408,-0.035268931072314214,-0.0386298174986191,-0.039625791914499636,-0.0636816341647802,-0.04819224121277793
2,V01→V04,V01,V04,full_vs_b_lite_ft,b_lite_ft,B-lite 同任务微调,D2-048,0.12080982099804616,30.80650435450177,0.12817037255606717,0.07390757779487306,0.12080982099804616,0.09397551686399513,0.13757642927683061
2,V01→V04,V01,V04,full_vs_b_lite_ft,b_lite_ft,B-lite 同任务微调,D2-049,0.07203071346186624,18.36783193277589,0.031167879700660706,0.07225209519718634,0.06175355323486853,0.07203071346186624,0.10273763695449539
2,V01→V04,V01,V04,full_vs_b_lite_ft,b_lite_ft,B-lite 同任务微调,D2-050,-0.0956608870163046,-24.393526189157672,-0.0855608144025693,-0.07832771239952113,-0.0956608870163046,-0.10132456690758124,-0.09845042806761017
2,V01→V04,V01,V04,full_vs_b_lite_ft,b_lite_ft,B-lite 同任务微调,D2-051,-0.08151002977752969,-20.78505759327007,-0.10584233018259204,-0.08151002977752969,-0.051642532282996756,-0.08706969146927199,-0.06190982319059826
2,V01→V04,V01,V04,full_vs_b_lite_ft,b_lite_ft,B-lite 同任务微调,D2-052,0.018466541458937252,4.708968072028999,0.01691803928803312,0.018466541458937252,0.026793621226467862,-0.008814791019893048,0.03938607425626481
2,V01→V04,V01,V04,full_vs_b_lite_ft,b_lite_ft,B-lite 同任务微调,D2-053,0.08690469287415986,22.160696682910764,0.07930412247616758,0.09373379602868069,0.08690469287415986,0.0644706341047441,0.09065445993215808
2,V01→V04,V01,V04,full_vs_b_lite_ft,b_lite_ft,B-lite 同任务微调,D2-054,-0.031391054066637225,-8.004718786992493,-0.04466803218164141,-0.031391054066637225,-0.02568465861536208,-0.04203461169723481,-0.02348170813823504
2,V01→V04,V01,V04,full_vs_b_lite_ft,b_lite_ft,B-lite 同任务微调,D2-055,-0.02426756591056331,-6.1882293071936445,-0.037909954334750334,-0.021849592188090988,-0.02426756591056331,-0.020586705230402208,-0.03052891711845543
2,V01→V04,V01,V04,full_vs_b_lite_ft,b_lite_ft,B-lite 同任务微调,D2-056,-0.05674925446510316,-14.471059888601307,-0.06582871552116126,-0.06088341556249126,-0.05674925446510316,-0.042681751632562256,-0.04813130664569076
2,V01→V04,V01,V04,full_vs_b_lite_ft,b_lite_ft,B-lite 同任务微调,D2-057,-0.08528015595865032,-21.746439769455833,-0.08528015595865032,-0.052079390989590996,-0.0979589995626173,-0.07788004662382275,-0.08654056661273246
2,V01→V04,V01,V04,full_vs_b_lite_ft,b_lite_ft,B-lite 同任务微调,D2-058,-0.05285597926316163,-13.478274712106215,-0.03560038454209764,-0.015051846780503794,-0.07139277659977476,-0.05601394271555668,-0.05285597926316163
2,V01→V04,V01,V04,full_vs_b_lite_ft,b_lite_ft,B-lite 同任务微调,D2-059,-0.05458190066344812,-13.91838466917927,-0.1132678615324425,-0.034328675687764626,-0.061026917826948746,-0.0397255461888783,-0.05458190066344812
2,V01→V04,V01,V04,full_vs_b_lite_ft,b_lite_ft,B-lite 同任务微调,D2-060,-0.02939473378331693,-7.495657114745818,-0.02939473378331693,-0.01658443383634363,-0.03856895680296911,-0.02616004681546394,-0.0337194363548331
2,V01→V04,V01,V04,full_vs_b_lite_ft,b_lite_ft,B-lite 同任务微调,D2-061,-0.07127048885997603,-18.173974659293886,-0.029716278937663515,-0.09246956122418243,-0.07127048885997603,-0.04805307876428261,-0.08652605154715914
2,V01→V04,V01,V04,full_vs_b_lite_ft,b_lite_ft,B-lite 同任务微调,D2-062,0.0015721563704130248,0.4008998744553213,0.008056038036579033,0.008830973106186565,0.0015721563704130248,-0.017735035514565026,-0.009330493617590849
2,V01→V04,V01,V04,full_vs_b_lite_ft,b_lite_ft,B-lite 同任务微调,D2-063,-0.03915350625202768,-9.984144094267059,-0.022124260451112487,-0.0386468126305512,-0.04673374720982143,-0.03915350625202768,-0.07520271507757051
2,V01→V04,V01,V04,full_vs_b_lite_ft,b_lite_ft,B-lite 同任务微调,D2-064,-0.021852510691177635,-5.572390226250297,-0.032526453193582466,-0.028081820880780456,-0.018256990727586825,-0.021852510691177635,-0.004385327971209607
2,V01→V04,V01,V04,full_vs_b_lite_ft,b_lite_ft,B-lite 同任务微调,D2-065,0.012107423324293154,3.087392947694754,0.02687199533296128,-0.005827081665241457,0.054601219537047024,0.012107423324293154,0.003655073244590329
2,V01→V04,V01,V04,full_vs_b_lite_ft,b_lite_ft,B-lite 同任务微调,D2-066,-0.04432980284046115,-11.304099724317592,-0.04432980284046115,-0.07426014642407691,-0.14696618413029153,-0.03345620096508972,-0.009984652444817665
2,V01→V04,V01,V04,full_vs_b_lite_ft,b_lite_ft,B-lite 同任务微调,D2-067,-0.07529711770632913,-19.200765015113927,-0.05575695728498792,-0.14004699909497823,-0.032334737834476296,-0.08930412502515886,-0.07529711770632913
2,V01→V04,V01,V04,full_vs_b_lite_ft,b_lite_ft,B-lite 同任务微调,D2-068,-0.10321246038534138,-26.319177398262052,-0.043445574544500876,-0.10321246038534138,-0.11327762692643883,-0.06475240652237021,-0.12473841138968345
2,V01→V04,V01,V04,full_vs_b_lite_ft,b_lite_ft,B-lite 同任务微调,D2-069,0.08164742020584045,20.820092152489316,0.09186370798469706,0.04631180015388231,0.08164742020584045,0.07346379202506353,0.10550125932294718
2,V01→V04,V01,V04,full_vs_b_lite_ft,b_lite_ft,B-lite 同任务微调,D2-070,0.07532537484971374,19.207970586677003,0.07265002891803402,0.07532537484971374,0.08014765286292785,0.09465896787169653,0.05531313127050036
2,V01→V04,V01,V04,full_vs_b_lite_ft,b_lite_ft,B-lite 同任务微调,D2-071,-0.044497407564804636,-11.346838929025182,0.0005978343387444962,-0.044497407564804636,-0.07844736903373684,-0.052032963825123624,0.029821918691907645
2,V01→V04,V01,V04,full_vs_b_lite_ft,b_lite_ft,B-lite 同任务微调,D2-072,0.023244138404324266,5.927255293102688,0.043751021427614195,0.00045891653175827996,0.02439551444740984,0.023244138404324266,0.01736605831900162
2,V01→V04,V01,V04,full_vs_b_lite_ft,b_lite_ft,B-lite 同任务微调,D2-073,-0.02084326276348697,-5.3150320046891775,-0.02084326276348697,-0.026480435911152095,-0.02304666805322525,-0.00836687673021247,0.00695192297851599
2,V01→V04,V01,V04,full_vs_b_lite_ft,b_lite_ft,B-lite 同任务微调,D2-074,-0.01293655246114117,-3.2988208775909986,-0.014846383331295732,-0.01293655246114117,-0.040892986497149286,0.01787865305176145,-0.006039476499725582
2,V01→V04,V01,V04,full_vs_b_lite_ft,b_lite_ft,B-lite 同任务微调,D2-075,-0.06292425294717152,-16.045684501528736,-0.06505144213636715,-0.07998738984266918,-0.027984367217868567,-0.026892062524954463,-0.06292425294717152
2,V01→V04,V01,V04,full_vs_b_lite_ft,b_lite_ft,B-lite 同任务微调,D2-076,-0.007532084540084583,-1.9206815577215686,-0.032649070466006236,-0.011856643138108414,0.025884385682918398,-0.007532084540084583,0.04556039306852555
2,V01→V04,V01,V04,full_vs_b_lite_ft,b_lite_ft,B-lite 同任务微调,D2-077,0.03851134422279538,9.820392776812822,0.03851134422279538,0.030500193295024708,0.003070854998770217,0.04536523769299189,0.043662760371253606
2,V01→V04,V01,V04,full_vs_b_lite_ft,b_lite_ft,B-lite 同任务微调,D2-078,0.10568678822923216,26.950130998454203,0.10568678822923216,0.08370314311262564,0.11269047631756635,0.07630403495743765,0.12179760513364846
2,V01→V04,V01,V04,full_vs_b_lite_ft,b_lite_ft,B-lite 同任务微调,D2-079,0.04851737728013711,12.371931206434963,0.042198804298452325,0.04851737728013711,0.05639575297633809,0.028218706668007604,0.07372882129514918
2,V01→V04,V01,V04,full_vs_b_lite_ft,b_lite_ft,B-lite 同任务微调,D2-080,0.04612245140087548,11.761225107223247,0.05834429232931845,0.02162113174128888,0.04612245140087548,0.044587798898492875,0.05427183568551769
2,V01→V04,V01,V04,full_vs_b_lite_ft,b_lite_ft,B-lite 同任务微调,D2-081,-0.03095005925304145,-7.89226510952557,-0.04973000944942557,0.015503200952724727,0.0014444789899292765,-0.07895291236139113,-0.03095005925304145
2,V01→V04,V01,V04,full_vs_b_lite_ft,b_lite_ft,B-lite 同任务微调,D2-082,-0.015079790474595262,-3.845346571021792,-0.026610275512343046,-0.024145424953317868,0.00179111269545984,-0.015079790474595262,-0.007638872877971548
2,V01→V04,V01,V04,full_vs_b_lite_ft,b_lite_ft,B-lite 同任务微调,D2-083,-0.025453232862847924,-6.490574380026221,-0.025453232862847924,-0.02582773058972461,-0.018763753565702035,-0.0014458694990645005,-0.041067464448881486
2,V01→V04,V01,V04,full_vs_b_lite_ft,b_lite_ft,B-lite 同任务微调,D2-084,-0.026026928733135085,-6.636866826949447,-0.026026928733135085,-0.030312653416874752,-0.030082489995435738,0.005532851763840385,-0.01065066054292109
2,V01→V04,V01,V04,full_vs_b_lite_ft,b_lite_ft,B-lite 同任务微调,D2-085,-0.06329607921652494,-16.14050020021386,-0.06329607921652494,-0.10197060775632658,-0.05302723726878561,-0.06132538601911314,-0.07205925431723395
2,V01→V04,V01,V04,full_vs_b_lite_ft,b_lite_ft,B-lite 同任务微调,D2-086,0.05536412944396338,14.11785300821066,0.027295271289490525,0.05700991360381957,0.07132529502823237,0.05536412944396338,0.025946836829895042
2,V01→V04,V01,V04,full_vs_b_lite_ft,b_lite_ft,B-lite 同任务微调,D2-087,-0.08104919034263325,-20.66754353737148,-0.07099927387510738,-0.08104919034263325,-0.11624217804314363,-0.08170099828081827,-0.052557737359570145
2,V01→V04,V01,V04,full_vs_b_lite_ft,b_lite_ft,B-lite 同任务微调,D2-088,-0.05631915343022258,-14.361384124706756,-0.05242004872045733,-0.05050159045353983,-0.05631915343022258,-0.06281285162902238,-0.07228536587772948
2,V01→V04,V01,V04,full_vs_b_lite_ft,b_lite_ft,B-lite 同任务微调,D2-089,0.07576282721545016,19.319520939939792,0.12408873549706878,0.06331022487332422,0.10577430516215308,0.07573886526127657,0.07576282721545016
2,V01→V04,V01,V04,full_vs_b_lite_ft,b_lite_ft,B-lite 同任务微调,D2-090,-0.04527985266385934,-11.546362429284132,-0.042150151589487345,-0.09187107526848459,-0.09280081398976156,-0.04527985266385934,-0.03935351649410704
2,V01→V04,V01,V04,full_vs_b_lite_ft,b_lite_ft,B-lite 同任务微调,D2-091,-0.0837070095226353,-21.345287428272,-0.06508602914802825,-0.06583537418901184,-0.14667510629896027,-0.0837070095226353,-0.08480885376532873
2,V01→V04,V01,V04,full_vs_b_lite_ft,b_lite_ft,B-lite 同任务微调,D2-092,0.01072774710608465,2.735575512051586,-0.024464310919926846,0.02872013500313353,0.015402186637610393,-0.02834188061601975,0.01072774710608465
2,V01→V04,V01,V04,full_vs_b_lite_ft,b_lite_ft,B-lite 同任务微调,D2-093,0.046945919827470234,11.97120955600491,0.046945919827470234,0.08101742644354984,0.04258021716989063,0.04104402352054162,0.056120067366264126
2,V01→V04,V01,V04,full_vs_b_lite_ft,b_lite_ft,B-lite 同任务微调,D2-094,-0.026939828362729845,-6.86965623249611,-0.026939828362729845,-0.00901010880867642,0.009042785813411058,-0.04392724291042044,-0.03613686878924016
2,V01→V04,V01,V04,full_vs_b_lite_ft,b_lite_ft,B-lite 同任务微调,D2-095,0.014463537087043121,3.688201957195996,-0.0036188691854477373,0.014180345684289886,0.014463537087043121,0.020585633615652743,0.030383071204026557
2,V01→V04,V01,V04,full_vs_b_lite_ft,b_lite_ft,B-lite 同任务微调,D2-096,-0.026840540642539656,-6.8443378638476124,-0.018673820048570627,-0.041353777796030056,-0.03049482523153227,-0.026840540642539656,-0.026095075284441327
2,V01→V04,V01,V04,full_vs_b_lite_ft,b_lite_ft,B-lite 同任务微调,D2-097,0.06818676677842933,17.38762552849948,0.05331153347008469,0.05153682163876036,0.08064845841431964,0.07519833252265834,0.06818676677842933
2,V01→V04,V01,V04,full_vs_b_lite_ft,b_lite_ft,B-lite 同任务微调,D2-098,0.02830431669810568,7.217600758016949,0.038429656988578226,-0.00823485634416482,0.017357128082026885,0.02830431669810568,0.05643435328009544
2,V01→V04,V01,V04,full_vs_b_lite_ft,b_lite_ft,B-lite 同任务微调,D2-099,0.09809239494463062,25.01356071088081,0.13634373032702848,0.09809239494463062,0.0727699228649975,0.0942762583239466,0.12249427164594334
2,V01→V04,V01,V04,full_vs_b_lite_ft,b_lite_ft,B-lite 同任务微调,D2-100,-0.0064773440622446915,-1.6517227358723963,-0.006329820507712525,-0.011978227802013089,-0.0019596268602630473,-0.01509360829858404,-0.0064773440622446915
2,V01→V04,V01,V04,full_vs_freeuv_conserved,freeuv_conserved,FreeUV（已观测纹理保持）,D2-001,0.018200157106750547,4.641040062221389,0.03763295306513709,0.009050116667317032,0.018200157106750547,0.027270483473936735,0.01676130750113064
2,V01→V04,V01,V04,full_vs_freeuv_conserved,freeuv_conserved,FreeUV（已观测纹理保持）,D2-002,-0.002192252754479984,-0.559024452392396,-0.009810443154011639,-0.006703799397780985,0.007260509177871133,-0.002192252754479984,0.0006898978147013568
2,V01→V04,V01,V04,full_vs_freeuv_conserved,freeuv_conserved,FreeUV（已观测纹理保持）,D2-003,-0.04302849130527603,-10.972265282845388,-0.03172632255813196,-0.033727027586705594,-0.10187114138777054,-0.06831756928226068,-0.04302849130527603
2,V01→V04,V01,V04,full_vs_freeuv_conserved,freeuv_conserved,FreeUV（已观测纹理保持）,D2-004,0.027973251691502,7.13317918133301,0.0568733855512821,0.038828371449684096,0.02426940445374287,0.016257839924138484,0.027973251691502
2,V01→V04,V01,V04,full_vs_freeuv_conserved,freeuv_conserved,FreeUV（已观测纹理保持）,D2-005,-0.022638338228947008,-5.772776248381487,-0.03065992223751196,-0.04037229322242841,-0.022638338228947008,-0.012991815915464888,-0.019889415615092887
2,V01→V04,V01,V04,full_vs_freeuv_conserved,freeuv_conserved,FreeUV（已观测纹理保持）,D2-006,-0.07248022631416476,-18.482457710112012,-0.07248022631416476,-0.08162285090704274,-0.08104453859775049,-0.042323318075358385,-0.0266285604093133
2,V01→V04,V01,V04,full_vs_freeuv_conserved,freeuv_conserved,FreeUV（已观测纹理保持）,D2-007,0.011347467414079562,2.8936041905902883,0.014426672477752728,0.019288390206220807,0.00011952242408042046,0.010300186410164211,0.011347467414079562
2,V01→V04,V01,V04,full_vs_freeuv_conserved,freeuv_conserved,FreeUV（已观测纹理保持）,D2-008,0.030139787848921698,7.685645901475033,0.04571308407627937,0.011576811882591104,0.030139787848921698,0.041673623763446535,0.010682682184584485
2,V01→V04,V01,V04,full_vs_freeuv_conserved,freeuv_conserved,FreeUV（已观测纹理保持）,D2-009,-0.11109476226071516,-28.329164376482364,-0.12252913648262617,-0.11109476226071516,-0.08597531371439496,-0.10627904635233185,-0.13379025583465895
2,V01→V04,V01,V04,full_vs_freeuv_conserved,freeuv_conserved,FreeUV（已观测纹理保持）,D2-010,0.0021581291956336845,0.5503229448865896,-0.011630835763195124,0.0032174673519636265,0.0021581291956336845,0.01258512458911068,-0.004703952130257039
2,V01→V04,V01,V04,full_vs_freeuv_conserved,freeuv_conserved,FreeUV（已观测纹理保持）,D2-011,0.06690169495737389,17.059932214130342,0.06690169495737389,0.05996827261211973,0.10393955633561644,0.016327282594930798,0.1070557516326921
2,V01→V04,V01,V04,full_vs_freeuv_conserved,freeuv_conserved,FreeUV（已观测纹理保持）,D2-012,0.01851221370971068,4.720614495976223,0.019516152840007767,0.01960831151211856,0.005598124687584888,0.010267198142877493,0.01851221370971068
2,V01→V04,V01,V04,full_vs_freeuv_conserved,freeuv_conserved,FreeUV（已观测纹理保持）,D2-013,0.04724683692135537,12.04794341494562,0.06897984357007467,0.04724683692135537,0.030666799164221936,0.04164515206357461,0.052105653274338665
2,V01→V04,V01,V04,full_vs_freeuv_conserved,freeuv_conserved,FreeUV（已观测纹理保持）,D2-014,0.0017137567708153667,0.4370079765579185,-0.005859472340455779,0.008858326845514908,0.0017137567708153667,0.009618694008684453,-0.005224487042905374
2,V01→V04,V01,V04,full_vs_freeuv_conserved,freeuv_conserved,FreeUV（已观测纹理保持）,D2-015,-0.004823725063491741,-1.2300498911903939,0.006487326461959778,-0.02826582378259411,-0.018786788621434444,-0.004823725063491741,0.003540615378706549
2,V01→V04,V01,V04,full_vs_freeuv_conserved,freeuv_conserved,FreeUV（已观测纹理保持）,D2-016,-0.026380476097131622,-6.727021404768563,-0.0010357795467784703,-0.05814121378300424,0.026876237981759754,-0.026380476097131622,-0.030650571995490317
2,V01→V04,V01,V04,full_vs_freeuv_conserved,freeuv_conserved,FreeUV（已观测纹理保持）,D2-017,0.09912436385949452,25.276712784171103,0.11174350361029307,0.0820085056622823,0.07930426855882008,0.10836678723494211,0.09912436385949452
2,V01→V04,V01,V04,full_vs_freeuv_conserved,freeuv_conserved,FreeUV（已观测纹理保持）,D2-018,0.009774526940115422,2.4925043697294327,0.006971436940754458,0.00711351030622609,0.009774526940115422,0.021393547377859562,0.01286812878485459
2,V01→V04,V01,V04,full_vs_freeuv_conserved,freeuv_conserved,FreeUV（已观测纹理保持）,D2-019,-0.01576842953051838,-4.020949530282187,-0.006130133297235246,-0.04402860360486166,-0.01576842953051838,-0.0389395783108378,0.015494842496183187
2,V01→V04,V01,V04,full_vs_freeuv_conserved,freeuv_conserved,FreeUV（已观测纹理保持）,D2-020,0.030857427739629573,7.868644073605541,0.030857427739629573,0.014652298946006642,0.0350593446808703,0.040532931758492596,0.019831881219265518
2,V01→V04,V01,V04,full_vs_freeuv_conserved,freeuv_conserved,FreeUV（已观测纹理保持）,D2-021,0.04499884369106241,11.474705141220916,0.05181701025350499,0.020243848444985557,0.05390675785274454,0.04499884369106241,0.03941971373036912
2,V01→V04,V01,V04,full_vs_freeuv_conserved,freeuv_conserved,FreeUV（已观测纹理保持）,D2-022,0.01486646880706155,3.790949545800695,0.012412146727244056,0.021169111794895612,0.01486646880706155,-0.017300186554590813,0.026481263587872228
2,V01→V04,V01,V04,full_vs_freeuv_conserved,freeuv_conserved,FreeUV（已观测纹理保持）,D2-023,0.01418091240180594,3.616132662460515,0.010947617087639944,0.03693952386071084,-0.004873764048628243,0.04253943766258203,0.01418091240180594
2,V01→V04,V01,V04,full_vs_freeuv_conserved,freeuv_conserved,FreeUV（已观测纹理保持）,D2-024,-0.006596921816652224,-1.682215063246317,-0.07548355743472962,-0.006596921816652224,0.007935036065769785,0.004437825470058998,-0.017169985046357306
2,V01→V04,V01,V04,full_vs_freeuv_conserved,freeuv_conserved,FreeUV（已观测纹理保持）,D2-025,0.0178782461055865,4.558952756924557,0.025967558354346304,0.017800664451594145,0.03780061164353457,-0.00021092673867112444,0.0178782461055865
2,V01→V04,V01,V04,full_vs_freeuv_conserved,freeuv_conserved,FreeUV（已观测纹理保持）,D2-026,0.06907317124194268,17.613658666695382,0.06907317124194268,0.06668985575776207,0.07520129370757125,0.05570942408997903,0.07157826753841204
2,V01→V04,V01,V04,full_vs_freeuv_conserved,freeuv_conserved,FreeUV（已观测纹理保持）,D2-027,-0.0030764091169573626,-0.7844843248241274,-0.016908667360742896,-0.0030764091169573626,-0.04984740817237421,0.024484455687263623,0.000611566332845731
2,V01→V04,V01,V04,full_vs_freeuv_conserved,freeuv_conserved,FreeUV（已观测纹理保持）,D2-028,0.022628268202145863,5.770208391547195,0.018471189339955618,0.038742914994557676,0.04512267400821046,0.0028873946269353246,0.022628268202145863
2,V01→V04,V01,V04,full_vs_freeuv_conserved,freeuv_conserved,FreeUV（已观测纹理保持）,D2-029,-0.013274830278186545,-3.3850817209375688,0.0069681786532913015,-0.03437253636415716,-0.013274830278186545,0.0010523218154704916,-0.04475250887069976
2,V01→V04,V01,V04,full_vs_freeuv_conserved,freeuv_conserved,FreeUV（已观测纹理保持）,D2-030,-0.03842614890366304,-9.798667970434074,-0.03842614890366304,-0.050093451016099064,-0.0506874152505007,-0.03194642073062599,-0.022181913114147758
2,V01→V04,V01,V04,full_vs_freeuv_conserved,freeuv_conserved,FreeUV（已观测纹理保持）,D2-031,0.08289022110120367,21.137006380806937,0.08640593713657424,0.08289022110120367,0.1065570000192207,0.07810687476938422,0.06951225501005398
2,V01→V04,V01,V04,full_vs_freeuv_conserved,freeuv_conserved,FreeUV（已观测纹理保持）,D2-032,-0.1700765179344433,-43.36951207328305,-0.17865440821990305,-0.19763487565256496,-0.1700765179344433,-0.13636832967604892,-0.1301845922665317
2,V01→V04,V01,V04,full_vs_freeuv_conserved,freeuv_conserved,FreeUV（已观测纹理保持）,D2-033,0.067399716625611,17.186927739530805,0.08039638881261152,0.06953154318034652,0.067399716625611,0.012571508685747801,0.027995288682480662
2,V01→V04,V01,V04,full_vs_freeuv_conserved,freeuv_conserved,FreeUV（已观测纹理保持）,D2-034,0.062029836078484835,15.817608200013632,0.08028953831370281,0.051018794801661604,0.062029836078484835,0.03849845967157095,0.12299921969330405
2,V01→V04,V01,V04,full_vs_freeuv_conserved,freeuv_conserved,FreeUV（已观测纹理保持）,D2-035,0.08009786149601877,20.424954681484788,0.08009786149601877,0.0745851559403502,0.08852403836301814,0.08008209652738807,0.08950887399691121
2,V01→V04,V01,V04,full_vs_freeuv_conserved,freeuv_conserved,FreeUV（已观测纹理保持）,D2-036,0.1543327711331539,39.354856638954246,0.11430897831152653,0.15695927330316645,0.12319359087791204,0.1594329172602067,0.1543327711331539
2,V01→V04,V01,V04,full_vs_freeuv_conserved,freeuv_conserved,FreeUV（已观测纹理保持）,D2-037,0.0012287851600419897,0.31334021581070737,-0.004336374927134762,0.009488732474190825,0.0012287851600419897,0.010579233368237795,-0.012935660460165588
2,V01→V04,V01,V04,full_vs_freeuv_conserved,freeuv_conserved,FreeUV（已观测纹理保持）,D2-038,-0.008536319982147572,-2.1767615954476307,-0.008536319982147572,-0.011966627683829195,-0.02659922620902458,0.0057008436062570556,-0.007820423269136373
2,V01→V04,V01,V04,full_vs_freeuv_conserved,freeuv_conserved,FreeUV（已观测纹理保持）,D2-039,-0.025130620761662004,-6.4083082942238105,-0.025130620761662004,-0.05887604314509942,-0.05192115361653807,-0.017894905568932862,-0.01258533721978683
2,V01→V04,V01,V04,full_vs_freeuv_conserved,freeuv_conserved,FreeUV（已观测纹理保持）,D2-040,0.020100310888318762,5.125579276521284,0.024535746484690757,0.009126243580664883,0.020100310888318762,0.016676179849270223,0.03804215482201706
2,V01→V04,V01,V04,full_vs_freeuv_conserved,freeuv_conserved,FreeUV（已观测纹理保持）,D2-041,-0.03389246428296677,-8.642578392156526,-0.03822767851608139,-0.03389246428296677,-0.047071701465618065,0.004292286045494531,-0.01982616551575206
2,V01→V04,V01,V04,full_vs_freeuv_conserved,freeuv_conserved,FreeUV（已观测纹理保持）,D2-042,-0.052452793398379605,-13.375462316586798,-0.06955606639171127,-0.052452793398379605,-0.04300861603355613,-0.05794642132375091,-0.03295759196211209
2,V01→V04,V01,V04,full_vs_freeuv_conserved,freeuv_conserved,FreeUV（已观测纹理保持）,D2-043,0.006039394793668024,1.540045672385346,0.006039394793668024,-0.038294099870769455,0.009150895943073029,0.0009470171798234839,0.009542763982524821
2,V01→V04,V01,V04,full_vs_freeuv_conserved,freeuv_conserved,FreeUV（已观测纹理保持）,D2-044,0.01522426230785176,3.882186888502199,0.010629558601440547,0.02588839647479549,0.014540490431663333,0.03060542964018309,0.01522426230785176
2,V01→V04,V01,V04,full_vs_freeuv_conserved,freeuv_conserved,FreeUV（已观测纹理保持）,D2-045,0.06306279900055084,16.081013745140464,0.08567933602228997,0.066774953688894,0.05008849584394032,0.06306279900055084,0.060772311474595775
2,V01→V04,V01,V04,full_vs_freeuv_conserved,freeuv_conserved,FreeUV（已观测纹理保持）,D2-046,0.03125716598559147,7.9705773263258255,0.029139106478938415,0.03125716598559147,0.05717370559375551,0.029932090900310016,0.08034814250199723
2,V01→V04,V01,V04,full_vs_freeuv_conserved,freeuv_conserved,FreeUV（已观测纹理保持）,D2-047,0.029073596899315962,7.41376720932557,0.030687174002765216,0.03263860029762075,0.02692463436321904,0.007260458614698956,0.029073596899315962
2,V01→V04,V01,V04,full_vs_freeuv_conserved,freeuv_conserved,FreeUV（已观测纹理保持）,D2-048,0.04867502029002124,12.412130173955417,0.06078632529048866,0.003257506022540213,0.04867502029002124,0.011592082640466572,0.06553187890030027
2,V01→V04,V01,V04,full_vs_freeuv_conserved,freeuv_conserved,FreeUV（已观测纹理保持）,D2-049,0.06783317849792614,17.297460516971164,0.03847311655379304,0.06783317849792614,0.06958801641759244,0.05982683531262656,0.07613958177542446
2,V01→V04,V01,V04,full_vs_freeuv_conserved,freeuv_conserved,FreeUV（已观测纹理保持）,D2-050,0.014919040574767117,3.804355346565615,0.017483361836137468,0.0384520109871338,0.014919040574767117,0.003512076519686602,-0.00983143105417833
2,V01→V04,V01,V04,full_vs_freeuv_conserved,freeuv_conserved,FreeUV（已观测纹理保持）,D2-051,0.02551874081559835,6.50727890797758,0.001766121658008768,0.02551874081559835,0.05780368970174876,0.02080946426749941,0.039219730688879906
2,V01→V04,V01,V04,full_vs_freeuv_conserved,freeuv_conserved,FreeUV（已观测纹理保持）,D2-052,0.06010998284557101,15.328045625620607,0.06010998284557101,0.0514839508740062,0.06316901408982548,0.03179214323278179,0.07708482778715817
2,V01→V04,V01,V04,full_vs_freeuv_conserved,freeuv_conserved,FreeUV（已观测纹理保持）,D2-053,0.029340166238046472,7.48174239070185,0.0309843489880203,0.025171919054882516,0.029340166238046472,0.004431139797933664,0.04125577668028495
2,V01→V04,V01,V04,full_vs_freeuv_conserved,freeuv_conserved,FreeUV（已观测纹理保持）,D2-054,0.01668577215501238,4.2548718995281565,0.014932273044472644,0.01602549055620789,0.020121021521469884,0.01668577215501238,0.030765108231987248
2,V01→V04,V01,V04,full_vs_freeuv_conserved,freeuv_conserved,FreeUV（已观测纹理保持）,D2-055,0.1070974470878189,27.30984900739382,0.10674485377967355,0.117694466233705,0.1070974470878189,0.1236685945116209,0.10249828891546434
2,V01→V04,V01,V04,full_vs_freeuv_conserved,freeuv_conserved,FreeUV（已观测纹理保持）,D2-056,0.10352403548375896,26.398629048358536,0.09447149946404404,0.10352403548375896,0.09360100222771528,0.11627077557627233,0.11117237411759875
2,V01→V04,V01,V04,full_vs_freeuv_conserved,freeuv_conserved,FreeUV（已观测纹理保持）,D2-057,0.05991921608057724,15.279400100547196,0.058775573732335634,0.09882075816008037,0.045677633557923675,0.06565264405918703,0.05991921608057724
2,V01→V04,V01,V04,full_vs_freeuv_conserved,freeuv_conserved,FreeUV（已观测纹理保持）,D2-058,-0.014862373510065197,-3.7899052450666253,-0.0006547276473914676,0.02017865403710553,-0.04006437984450412,-0.02056841457185027,-0.014862373510065197
2,V01→V04,V01,V04,full_vs_freeuv_conserved,freeuv_conserved,FreeUV（已观测纹理保持）,D2-059,-0.009595368057489395,-2.4468188546597958,-0.05835041584390582,-0.00046118591545205034,0.003561207629514479,-0.010703541169112374,-0.009595368057489395
2,V01→V04,V01,V04,full_vs_freeuv_conserved,freeuv_conserved,FreeUV（已观测纹理保持）,D2-060,0.08404937185151462,21.43258982213623,0.08404937185151462,0.09211664824835855,0.06948759147608186,0.08640647309802507,0.07397888838334785
2,V01→V04,V01,V04,full_vs_freeuv_conserved,freeuv_conserved,FreeUV（已观测纹理保持）,D2-061,-0.030235555150783522,-7.710066563449798,-0.0010457008565757653,-0.04898978603602039,-0.030235555150783522,0.0012753192134493663,-0.039255315602263974
2,V01→V04,V01,V04,full_vs_freeuv_conserved,freeuv_conserved,FreeUV（已观测纹理保持）,D2-062,0.03254142614096647,8.29806366594645,0.0360400260736545,0.03383791575405172,0.03254142614096647,0.021649953674494737,0.026873698003771845
2,V01→V04,V01,V04,full_vs_freeuv_conserved,freeuv_conserved,FreeUV（已观测纹理保持）,D2-063,-0.008357935505253905,-2.131273553839746,0.005276248249269672,-0.008357935505253905,-0.02813819189156805,-0.006016340284120458,-0.04168743994973953
2,V01→V04,V01,V04,full_vs_freeuv_conserved,freeuv_conserved,FreeUV（已观测纹理保持）,D2-064,0.02308331800451696,5.8862460911518255,0.012808194780936005,-0.0007544210984732902,0.02556368212923002,0.02308331800451696,0.029035677186778325
2,V01→V04,V01,V04,full_vs_freeuv_conserved,freeuv_conserved,FreeUV（已观测纹理保持）,D2-065,-0.037608216004446166,-9.590095081133772,-0.037608216004446166,-0.050195668106122554,-0.020071225310675816,-0.03595900870471572,-0.05595949924318119
2,V01→V04,V01,V04,full_vs_freeuv_conserved,freeuv_conserved,FreeUV（已观测纹理保持）,D2-066,0.02570508072286648,6.554795584330952,0.02570508072286648,0.018557577996569513,-0.03982750644140384,0.03433943134458625,0.07410423836238633
2,V01→V04,V01,V04,full_vs_freeuv_conserved,freeuv_conserved,FreeUV（已观测纹理保持）,D2-067,0.04384152141828382,11.179587961662374,0.06372722179170637,-0.016764530350291573,0.09195413428639607,0.0320029473967022,0.04384152141828382
2,V01→V04,V01,V04,full_vs_freeuv_conserved,freeuv_conserved,FreeUV（已观测纹理保持）,D2-068,-0.13102686924761847,-33.41185165814271,-0.05773984879386007,-0.1311861702747512,-0.13102686924761847,-0.08731126945400447,-0.1362440723991185
2,V01→V04,V01,V04,full_vs_freeuv_conserved,freeuv_conserved,FreeUV（已观测纹理保持）,D2-069,-0.060402757422605036,-15.402703142764285,-0.05864097305656599,-0.10473567513233059,-0.060402757422605036,-0.0730887648470245,-0.031224580551606956
2,V01→V04,V01,V04,full_vs_freeuv_conserved,freeuv_conserved,FreeUV（已观测纹理保持）,D2-070,-0.029866890934033274,-7.616057188178485,-0.026244841611538172,-0.03141808982651967,-0.02577422100764054,-0.029866890934033274,-0.04913574781937474
2,V01→V04,V01,V04,full_vs_freeuv_conserved,freeuv_conserved,FreeUV（已观测纹理保持）,D2-071,0.045409846855770986,11.579510948221602,0.07132802797215326,0.045409846855770986,0.02719081064597484,0.014670452972253167,0.11948416183392208
2,V01→V04,V01,V04,full_vs_freeuv_conserved,freeuv_conserved,FreeUV（已观测纹理保持）,D2-072,0.004651939462836818,1.1862445630233887,0.044999818661594165,-0.03008184399086611,0.000828218335906683,0.010636817647127428,0.004651939462836818
2,V01→V04,V01,V04,full_vs_freeuv_conserved,freeuv_conserved,FreeUV（已观测纹理保持）,D2-073,0.04932956232309896,12.579038392390235,0.0467669244338241,0.04932956232309896,0.03467627136312701,0.055051348361842056,0.06136003501230369
2,V01→V04,V01,V04,full_vs_freeuv_conserved,freeuv_conserved,FreeUV（已观测纹理保持）,D2-074,0.029639479668381152,7.558067315437194,0.035594233132612285,0.029639479668381152,0.0054869465291118025,0.045564394050206125,0.02707176296135938
2,V01→V04,V01,V04,full_vs_freeuv_conserved,freeuv_conserved,FreeUV（已观测纹理保持）,D2-075,0.009542447763184692,2.4333241796120966,0.009542447763184692,0.0028391820068160434,0.023102018764863397,0.022820136882364728,-0.006456105473140905
2,V01→V04,V01,V04,full_vs_freeuv_conserved,freeuv_conserved,FreeUV（已观测纹理保持）,D2-076,-0.12716243089418167,-32.426419878016326,-0.1534140280999795,-0.15956444275668924,-0.0898864517505798,-0.12716243089418167,-0.08616467845729653
2,V01→V04,V01,V04,full_vs_freeuv_conserved,freeuv_conserved,FreeUV（已观测纹理保持）,D2-077,0.02278364084306217,5.809828414980853,0.04171145597384089,0.0163115540785449,-0.003721651612293153,0.03283966329126131,0.02278364084306217
2,V01→V04,V01,V04,full_vs_freeuv_conserved,freeuv_conserved,FreeUV（已观测纹理保持）,D2-078,-0.009317405059510953,-2.375938290175293,-0.010168265009708438,-0.009317405059510953,-0.004720138200948437,-0.0181533906555979,0.014909223977027208
2,V01→V04,V01,V04,full_vs_freeuv_conserved,freeuv_conserved,FreeUV（已观测纹理保持）,D2-079,-0.0710711916360785,-18.123153867200017,-0.06863400679739082,-0.0710711916360785,-0.08267132956169398,-0.0989181310595835,-0.04277808989818188
2,V01→V04,V01,V04,full_vs_freeuv_conserved,freeuv_conserved,FreeUV（已观测纹理保持）,D2-080,0.03912676316662811,9.977324607490168,0.04409999326242145,0.013343197529885331,0.028234340287559695,0.04019572782279249,0.03912676316662811
2,V01→V04,V01,V04,full_vs_freeuv_conserved,freeuv_conserved,FreeUV（已观测纹理保持）,D2-081,-0.08820252649245722,-22.491644255576592,-0.11447215376682177,-0.0515998182918436,-0.06103148071035261,-0.14182980558885042,-0.08820252649245722
2,V01→V04,V01,V04,full_vs_freeuv_conserved,freeuv_conserved,FreeUV（已观测纹理保持）,D2-082,0.030399177575836295,7.751790281838256,0.020549218312979817,0.016208313808247832,0.046181308340516175,0.030399177575836295,0.04060412740318087
2,V01→V04,V01,V04,full_vs_freeuv_conserved,freeuv_conserved,FreeUV（已观测纹理保持）,D2-083,-0.014407703111357723,-3.673964293396219,-0.014467648739087666,-0.014407703111357723,-0.00838958691303611,0.002264892061551421,-0.033488593097274186
2,V01→V04,V01,V04,full_vs_freeuv_conserved,freeuv_conserved,FreeUV（已观测纹理保持）,D2-084,-0.006601491257890876,-1.6833802707621734,-0.006601491257890876,-0.019908887965754518,-0.014377240626805121,0.022131659368845244,0.0038718240571090634
2,V01→V04,V01,V04,full_vs_freeuv_conserved,freeuv_conserved,FreeUV（已观测纹理保持）,D2-085,0.04497286943563572,11.468081706087109,0.058838094864040624,0.042292004730552446,0.06940522765119872,0.04497286943563572,0.03878887165337802
2,V01→V04,V01,V04,full_vs_freeuv_conserved,freeuv_conserved,FreeUV（已观测纹理保持）,D2-086,-0.008243577022637644,-2.1021121407725993,-0.020934598609095523,0.0032198730235298567,0.004829979634710713,-0.008243577022637644,-0.022627210510628576
2,V01→V04,V01,V04,full_vs_freeuv_conserved,freeuv_conserved,FreeUV（已观测纹理保持）,D2-087,-0.05230662519008747,-13.338189423472304,-0.03992685297917989,-0.05230662519008747,-0.07441912596631381,-0.06013837433420122,-0.022171113174408674
2,V01→V04,V01,V04,full_vs_freeuv_conserved,freeuv_conserved,FreeUV（已观测纹理保持）,D2-088,0.007428353631191625,1.8942301759538644,0.01809788988479838,0.008405379210175451,0.007428353631191625,0.005254097586271905,-0.008599996912490693
2,V01→V04,V01,V04,full_vs_freeuv_conserved,freeuv_conserved,FreeUV（已观测纹理保持）,D2-089,-0.026497741828539534,-6.756924166277581,0.029195536925856552,-0.03309341890382625,-0.007222331350757977,-0.026497741828539534,-0.028222506178454287
2,V01→V04,V01,V04,full_vs_freeuv_conserved,freeuv_conserved,FreeUV（已观测纹理保持）,D2-090,-0.0058324549697403305,-1.4872760172837842,-0.0058324549697403305,-0.03607375595049983,-0.046885044465207665,-0.003961398178695619,0.008600773528600336
2,V01→V04,V01,V04,full_vs_freeuv_conserved,freeuv_conserved,FreeUV（已观测纹理保持）,D2-091,-0.02687791989035443,-6.853869572040379,-0.010226155608248577,-0.02687791989035443,-0.08894008130157066,-0.04546886214549528,-0.021431852143579788
2,V01→V04,V01,V04,full_vs_freeuv_conserved,freeuv_conserved,FreeUV（已观测纹理保持）,D2-092,0.05846508137053913,14.908595749487478,0.035810815377367855,0.06810250612937546,0.0585152767598629,0.023096813266378607,0.05846508137053913
2,V01→V04,V01,V04,full_vs_freeuv_conserved,freeuv_conserved,FreeUV（已观测纹理保持）,D2-093,0.04828271855535746,12.312093231616151,0.04828271855535746,0.07429982524997783,0.03629932102729688,0.03835279227427715,0.056826705359063034
2,V01→V04,V01,V04,full_vs_freeuv_conserved,freeuv_conserved,FreeUV（已观测纹理保持）,D2-094,0.04350600108780239,11.09403027738961,0.04350600108780239,0.055926688084447784,0.051729245525267364,0.015105545175848167,0.01795328277404662
2,V01→V04,V01,V04,full_vs_freeuv_conserved,freeuv_conserved,FreeUV（已观测纹理保持）,D2-095,0.004120903164148371,1.0508303068578346,-0.003082568297783528,0.0029610395431518555,0.015775596797466318,0.004120903164148371,0.01754446680347127
2,V01→V04,V01,V04,full_vs_freeuv_conserved,freeuv_conserved,FreeUV（已观测纹理保持）,D2-096,0.08745521192128458,22.30107903992757,0.09318962783242266,0.07769203574086228,0.08745521192128458,0.0923066463631888,0.08577405403678615
2,V01→V04,V01,V04,full_vs_freeuv_conserved,freeuv_conserved,FreeUV（已观测纹理保持）,D2-097,-0.019268440258135816,-4.913452265824633,-0.02003667540038409,-0.04390334304206181,-0.016862234438135115,-0.019268440258135816,-0.01403709934295519
2,V01→V04,V01,V04,full_vs_freeuv_conserved,freeuv_conserved,FreeUV（已观测纹理保持）,D2-098,-0.07284450600089878,-18.57534903022919,-0.052472902077114636,-0.10197173946585172,-0.09787207102936477,-0.07284450600089878,-0.04981756844326082
2,V01→V04,V01,V04,full_vs_freeuv_conserved,freeuv_conserved,FreeUV（已观测纹理保持）,D2-099,-0.05667990326690367,-14.453375333060436,0.0020246636281665564,-0.062448520332765906,-0.08058895805898383,-0.05667990326690367,-0.02277952520192686
2,V01→V04,V01,V04,full_vs_freeuv_conserved,freeuv_conserved,FreeUV（已观测纹理保持）,D2-100,0.08543466788373497,21.785840310352416,0.09197999698420367,0.08232316540782914,0.08543466788373497,0.08373080497901692,0.09050556975498535
3,V02→V01,V02,V01,full_vs_condition0,condition0,NoCond,D2-001,-0.005194295718464775,-1.3245454082085177,-0.009764963580716046,-0.014161588523977559,0.012040850055474117,-0.004508521447899538,-0.005194295718464775
3,V02→V01,V02,V01,full_vs_condition0,condition0,NoCond,D2-002,0.0015982197752843486,0.4075460426975089,-0.007476200504849373,0.0016998231876641512,0.0015982197752843486,0.01763484968493384,-0.0004268277746935778
3,V02→V01,V02,V01,full_vs_condition0,condition0,NoCond,D2-003,0.045261712072210136,11.541736578413584,0.045261712072210136,0.05659658058236042,0.019442644177211643,-0.026938161036620556,0.06548342615779906
3,V02→V01,V02,V01,full_vs_condition0,condition0,NoCond,D2-004,0.00264240375964353,0.6738129587091002,-0.045905927856657536,-0.022740076329057113,0.021193212386986904,0.029977071343372852,0.00264240375964353
3,V02→V01,V02,V01,full_vs_condition0,condition0,NoCond,D2-005,0.04452516578273957,11.353917274598592,-0.026932520128480353,0.07375516582569575,0.029769432224911657,0.04452516578273957,0.06277911284232521
3,V02→V01,V02,V01,full_vs_condition0,condition0,NoCond,D2-006,0.017909614642461102,4.566951733827581,-0.023937986791133903,0.023644676208496085,0.05048506369193395,0.017909614642461102,-0.025073411365350073
3,V02→V01,V02,V01,full_vs_condition0,condition0,NoCond,D2-007,0.011332046696405362,2.8896719075833674,0.0033445296974121685,0.019354464737737748,0.030640383938696808,0.011332046696405362,-0.002458271896663089
3,V02→V01,V02,V01,full_vs_condition0,condition0,NoCond,D2-008,0.012211904393302109,3.1140356202920376,0.012211904393302109,-0.007609803130229298,0.032161623206403506,-0.0011425662371847278,0.01295804560184477
3,V02→V01,V02,V01,full_vs_condition0,condition0,NoCond,D2-009,-0.007862734416174466,-2.004997276124489,0.00048238866859007246,-0.043063559938990914,0.039573372474738466,-0.036362556474549446,-0.007862734416174466
3,V02→V01,V02,V01,full_vs_condition0,condition0,NoCond,D2-010,-0.009703134194137625,-2.4742992195050943,-0.009703134194137625,0.00029300934657819355,0.0038351646768368386,-0.03871423169607072,-0.01071317100185687
3,V02→V01,V02,V01,full_vs_condition0,condition0,NoCond,D2-011,-0.007436904311180131,-1.8964105993509335,-0.022492273940759533,-0.022841542754687527,0.03372551052301537,0.02255675219291567,-0.007436904311180131
3,V02→V01,V02,V01,full_vs_condition0,condition0,NoCond,D2-012,-0.0036712478555686046,-0.9361682031699942,-0.003310630718866975,-0.00740853279617662,-0.00982017582612682,-0.0036712478555686046,0.03076750135168116
3,V02→V01,V02,V01,full_vs_condition0,condition0,NoCond,D2-013,0.00681841456227833,1.7386957133809742,0.018473789261447077,0.022592390576998383,-0.03822250730461543,0.0022504826386769428,0.00681841456227833
3,V02→V01,V02,V01,full_vs_condition0,condition0,NoCond,D2-014,-0.003855329271548441,-0.9831089642448525,-0.030766224234156286,-0.003855329271548441,0.006820728015052818,-0.0027645652899976614,-0.014010071632314908
3,V02→V01,V02,V01,full_vs_condition0,condition0,NoCond,D2-015,-0.02060552729027612,-5.254409459020411,-0.02060552729027612,-0.027900158081735904,-0.025520481311139598,-0.001586316064709714,-0.01943094382683433
3,V02→V01,V02,V01,full_vs_condition0,condition0,NoCond,D2-016,0.0012021375360846687,0.3065450717015905,-0.013171827304176986,0.0012021375360846687,0.0022070207891778937,-0.018155745081862212,0.0026775544004825347
3,V02→V01,V02,V01,full_vs_condition0,condition0,NoCond,D2-017,0.014064696530501075,3.586497615277774,0.015342562364207335,-0.01193580955680873,0.015877998967965434,0.014064696530501075,0.002247658359507715
3,V02→V01,V02,V01,full_vs_condition0,condition0,NoCond,D2-018,0.00701843031815122,1.789699731128561,0.01746076664754323,0.00701843031815122,-0.021075383112544116,0.006127370219855072,0.02468280575814702
3,V02→V01,V02,V01,full_vs_condition0,condition0,NoCond,D2-019,0.016253545809359782,4.144654181386745,0.02884273862554912,0.016253545809359782,-0.005750659250077755,-0.019255967367263066,0.039417872116679215
3,V02→V01,V02,V01,full_vs_condition0,condition0,NoCond,D2-020,-0.031847698520868994,-8.121163122821594,-0.031847698520868994,0.0056891352869570255,-0.04792346482475596,0.009284431611498167,-0.05901411864906553
3,V02→V01,V02,V01,full_vs_condition0,condition0,NoCond,D2-021,0.04509666591054862,11.499649807189897,-0.038632734285460546,0.04509666591054862,0.006916337956984819,0.04953941450350813,0.07147835608985692
3,V02→V01,V02,V01,full_vs_condition0,condition0,NoCond,D2-022,0.0013872869086987705,0.35375816171818647,0.0013872869086987705,0.010296696334174182,-0.016254528634475934,0.008200366840218049,-0.016358071926868334
3,V02→V01,V02,V01,full_vs_condition0,condition0,NoCond,D2-023,0.0058634167537093135,1.495171272195875,-0.025485811072091274,0.02492954749614,0.0058634167537093135,-0.015029360478123019,0.012196351711948716
3,V02→V01,V02,V01,full_vs_condition0,condition0,NoCond,D2-024,-0.0071096212345327925,-1.8129534148058621,-0.0294699008750208,-0.0071096212345327925,0.00522779643872362,0.047741147442220966,-0.010718374286836141
3,V02→V01,V02,V01,full_vs_condition0,condition0,NoCond,D2-025,-0.016461964566909265,-4.197800964561862,0.009918709642332602,-0.018150514278987145,0.027518056963213633,-0.016461964566909265,-0.02844954198643343
3,V02→V01,V02,V01,full_vs_condition0,condition0,NoCond,D2-026,-0.028458859061911007,-7.257009060787307,0.04462058112646142,-0.056527390366508834,-0.04177438035341244,-0.014446673693046697,-0.028458859061911007
3,V02→V01,V02,V01,full_vs_condition0,condition0,NoCond,D2-027,0.027776327043298688,7.0829633960411655,0.027776327043298688,-0.0019315600631728824,0.029202618917065964,0.02411066974321055,0.028094115504433248
3,V02→V01,V02,V01,full_vs_condition0,condition0,NoCond,D2-028,0.002070459634220867,0.527967206726321,-0.005604657218403475,-0.06025903266466531,0.024410600929210574,0.021152986291175097,0.002070459634220867
3,V02→V01,V02,V01,full_vs_condition0,condition0,NoCond,D2-029,-0.003589993354471993,-0.9154483053903583,-0.0064763096776211115,0.01349864148025244,-0.009173740146669954,0.024699945588531724,-0.003589993354471993
3,V02→V01,V02,V01,full_vs_condition0,condition0,NoCond,D2-030,0.005897970911529327,1.5039825824399782,0.00018154866993425056,0.03311649587833221,0.005897970911529327,0.04637247628221913,-0.04612458557304411
3,V02→V01,V02,V01,full_vs_condition0,condition0,NoCond,D2-031,-0.001547496737195897,-0.39461166798495373,-0.023508984858217896,-0.03918562351893157,0.003925012615628748,0.000971097518236208,-0.001547496737195897
3,V02→V01,V02,V01,full_vs_condition0,condition0,NoCond,D2-032,-0.03343954535022295,-8.527084064306852,-0.05136110852498793,-0.03343954535022295,0.007745149950523167,-0.006735751247507027,-0.047290162051801615
3,V02→V01,V02,V01,full_vs_condition0,condition0,NoCond,D2-033,-0.011386280997267267,-2.9035016543031533,0.021386279744186498,-0.011386280997267267,-0.036111258473325886,-0.02429668966067744,0.005417500791544655
3,V02→V01,V02,V01,full_vs_condition0,condition0,NoCond,D2-034,-0.00785868789236513,-2.003965412553108,0.012369588542825133,0.013162620150699078,-0.00785868789236513,-0.01764631278526324,-0.043955260469840884
3,V02→V01,V02,V01,full_vs_condition0,condition0,NoCond,D2-035,-0.03680520566801232,-9.385327445343142,-0.01401047739717698,-0.04019069423278174,-0.003913735970854759,-0.03680520566801232,-0.08808432525349041
3,V02→V01,V02,V01,full_vs_condition0,condition0,NoCond,D2-036,-0.025206785733726894,-6.427730362100358,-0.025206785733726894,-0.010708772925415416,-0.028215848549146827,-0.014054395714680645,-0.02581032105919087
3,V02→V01,V02,V01,full_vs_condition0,condition0,NoCond,D2-037,-0.0004939978873288176,-0.12596946126884848,-0.004328643020104467,-0.0004939978873288176,-3.099762662139849e-05,0.005605095790492176,-0.015628459821972585
3,V02→V01,V02,V01,full_vs_condition0,condition0,NoCond,D2-038,0.0023456234484910965,0.5981339793652296,-0.011647223523168881,0.0023456234484910965,-0.010804220469612047,0.10791553111013139,0.016289009402195576
3,V02→V01,V02,V01,full_vs_condition0,condition0,NoCond,D2-039,-0.009119344564775617,-2.3254328640177824,-0.014245365918786446,-0.004898123788060982,-0.009119344564775617,-0.014618596993386745,0.02616842770604072
3,V02→V01,V02,V01,full_vs_condition0,condition0,NoCond,D2-040,-0.006548399174654884,-1.6698417895369955,-0.028620124139167646,0.015304384960068584,-0.006548399174654884,-0.031823523342609406,-0.0030599923597441347
3,V02→V01,V02,V01,full_vs_condition0,condition0,NoCond,D2-041,0.0159066665607194,4.056199972983447,-0.03660685214627951,-0.019422685106595367,0.0159066665607194,0.018512367270886898,0.03831586603903106
3,V02→V01,V02,V01,full_vs_condition0,condition0,NoCond,D2-042,-0.007911386000331727,-2.0174034300845904,0.005624958637244104,-0.028248133400256698,0.03186845150856216,-0.01456980487888622,-0.007911386000331727
3,V02→V01,V02,V01,full_vs_condition0,condition0,NoCond,D2-043,-0.0040788018372822366,-1.0400944685069704,-0.009642572961298779,-0.01643906927940597,0.017406607817215147,0.015420854072943024,-0.0040788018372822366
3,V02→V01,V02,V01,full_vs_condition0,condition0,NoCond,D2-044,0.007656457901432878,1.952396764865384,0.007656457901432878,-0.034613300924715804,0.03334884977211122,0.022675175975630263,0.00322380715954132
3,V02→V01,V02,V01,full_vs_condition0,condition0,NoCond,D2-045,0.017868533998338265,4.556476169576258,0.017868533998338265,0.03155370178370698,-0.02654057831253881,0.028118260935241057,-0.08094833808299765
3,V02→V01,V02,V01,full_vs_condition0,condition0,NoCond,D2-046,0.013239246387130171,3.3760078287181936,0.013239246387130171,0.009891808319550305,0.015052315707390101,0.020758114970074237,-0.01535141811921048
3,V02→V01,V02,V01,full_vs_condition0,condition0,NoCond,D2-047,-0.01416252664469106,-3.61144429439622,-0.01932210444162291,-0.01416252664469106,0.0009305077802502781,0.01736601283115269,-0.03332445519327215
3,V02→V01,V02,V01,full_vs_condition0,condition0,NoCond,D2-048,-0.004697436687804868,-1.1978463553902414,-0.004697436687804868,-0.012628679895131611,-0.004269741980706232,0.011490774314619034,-0.018177642365970165
3,V02→V01,V02,V01,full_vs_condition0,condition0,NoCond,D2-049,-0.002778039775728214,-0.7084001428106945,-0.003824723384729223,-0.002778039775728214,0.0008414599105594778,0.03921663627876498,-0.036050066897055005
3,V02→V01,V02,V01,full_vs_condition0,condition0,NoCond,D2-050,0.022320091885824983,5.691623430885371,0.01607532660166422,0.04126653012509149,0.02325248381122952,0.022320091885824983,-0.005322631765156988
3,V02→V01,V02,V01,full_vs_condition0,condition0,NoCond,D2-051,0.02962651421542223,7.554761124932668,-0.002326958996933026,0.02962651421542223,0.037702423309917854,-0.0030927177581746568,0.051041576558839785
3,V02→V01,V02,V01,full_vs_condition0,condition0,NoCond,D2-052,0.007349940890699236,1.8742349271283052,0.02326241349456487,-0.026210214482781324,0.007349940890699236,0.05188659622253461,-0.031087693907780378
3,V02→V01,V02,V01,full_vs_condition0,condition0,NoCond,D2-053,-0.032742232472325355,-8.349269280442966,-0.024344488279893994,-0.03409420233219862,-0.032742232472325355,-0.030884382599550814,-0.05715037509799001
3,V02→V01,V02,V01,full_vs_condition0,condition0,NoCond,D2-054,-0.01886179270567717,-4.809757139947679,0.011395546462800749,-0.01886179270567717,-0.03158425622516209,0.029775713218582966,-0.02693204134702684
3,V02→V01,V02,V01,full_vs_condition0,condition0,NoCond,D2-055,0.001658307115236901,0.4228683143854098,-0.022425470153490723,0.040960903167724605,0.001658307115236901,0.04778807123502099,-0.02121280113856
3,V02→V01,V02,V01,full_vs_condition0,condition0,NoCond,D2-056,-0.023826196124511118,-6.075680011750335,0.027658613066055937,-0.06543228008030427,-0.02870157505163834,-0.023826196124511118,0.0022007229383147753
3,V02→V01,V02,V01,full_vs_condition0,condition0,NoCond,D2-057,0.016193329085591013,4.129298916825708,0.02133278801012292,-0.02462370804062597,0.016193329085591013,0.01808409632316657,0.005812384818912164
3,V02→V01,V02,V01,full_vs_condition0,condition0,NoCond,D2-058,0.01705583067731331,4.349236822714894,0.0032426322258971574,-0.0005326069131567635,0.01705583067731331,0.024961074823467266,0.05425857973113585
3,V02→V01,V02,V01,full_vs_condition0,condition0,NoCond,D2-059,-0.021855593935863393,-5.573176453645165,-0.035255965214591845,-0.0006392345772133212,-0.021855593935863393,-0.01904524231816196,-0.022023898389962354
3,V02→V01,V02,V01,full_vs_condition0,condition0,NoCond,D2-060,0.031410014043088824,8.00955358098765,0.015515643594369188,-0.0008541260097847669,0.049214726222343144,0.031410014043088824,0.060021470153266615
3,V02→V01,V02,V01,full_vs_condition0,condition0,NoCond,D2-061,0.0013596103459164732,0.3467006382087007,0.022226981710696564,0.001070123597763567,0.00025415382739427117,0.021020728500856872,0.0013596103459164732
3,V02→V01,V02,V01,full_vs_condition0,condition0,NoCond,D2-062,0.020055126129753076,5.114057163087034,0.020055126129753076,-0.027128614395580897,0.03182945986174873,0.02538233991298411,-0.004257136997249389
3,V02→V01,V02,V01,full_vs_condition0,condition0,NoCond,D2-063,-0.01240724499026935,-3.1638474725186843,0.025033184885978665,-0.07229454725598677,0.014372356713582335,-0.05265230593773035,-0.01240724499026935
3,V02→V01,V02,V01,full_vs_condition0,condition0,NoCond,D2-064,0.02803593796063092,7.149164179960884,-0.01977399892471976,0.03330347482480256,0.02803593796063092,0.07624653760903805,0.002624680014217562
3,V02→V01,V02,V01,full_vs_condition0,condition0,NoCond,D2-065,0.0080368488804618,2.049396464517759,-0.019343485175377095,0.03906689224699836,0.01826876416728271,0.0080368488804618,-0.03523189941448951
3,V02→V01,V02,V01,full_vs_condition0,condition0,NoCond,D2-066,-0.018933978345659047,-4.828164478143057,-0.03567114046641759,-0.0001631129986394697,-0.018933978345659047,0.03732788476048324,-0.024126907899266192
3,V02→V01,V02,V01,full_vs_condition0,condition0,NoCond,D2-067,-0.04282628225557733,-10.92070197517222,-0.04901219368206733,-0.04199286110021849,0.03286494546090113,-0.04282628225557733,-0.0761560414437995
3,V02→V01,V02,V01,full_vs_condition0,condition0,NoCond,D2-068,-0.011233855191557118,-2.8646330738470653,-0.02607123512275966,-0.011233855191557118,-0.01098963988771856,-0.014802272253430615,0.029347014893355283
3,V02→V01,V02,V01,full_vs_condition0,condition0,NoCond,D2-069,0.006029775422630862,1.5375927327708698,0.00782922570678321,0.0043713948266072555,0.006029775422630862,0.010499531459627731,0.004258878754846984
3,V02→V01,V02,V01,full_vs_condition0,condition0,NoCond,D2-070,-0.028920009543624114,-7.374602433624149,-0.02480719210226323,-0.021465316666329448,-0.028920009543624114,-0.07459989573633624,-0.09469654334842653
3,V02→V01,V02,V01,full_vs_condition0,condition0,NoCond,D2-071,-0.008832633590851069,-2.252321565667023,-0.008832633590851069,-0.015913133676617564,0.001511852567394556,0.06324381999766981,-0.010533389229422985
3,V02→V01,V02,V01,full_vs_condition0,condition0,NoCond,D2-072,-0.007789021250845379,-1.9862004189655718,0.0012255444608885446,-0.020171710300719597,-0.007789021250845379,0.0010737544674983002,-0.02286845051694192
3,V02→V01,V02,V01,full_vs_condition0,condition0,NoCond,D2-073,-0.01838589120994913,-4.688402258537028,-0.010123643911246094,-0.01838589120994913,-0.006087942218238662,-0.019237336109984987,-0.09813236648386175
3,V02→V01,V02,V01,full_vs_condition0,condition0,NoCond,D2-074,0.0059898561093865155,1.5274133078935614,-0.006653017599165922,0.027994518478711428,0.004567290436688465,0.0059898561093865155,0.008027044162759955
3,V02→V01,V02,V01,full_vs_condition0,condition0,NoCond,D2-075,-0.013119269003216028,-3.3454135958200872,-0.04434534741772547,0.00029544939852169105,0.007977914606404096,-0.013119269003216028,-0.02732451674011019
3,V02→V01,V02,V01,full_vs_condition0,condition0,NoCond,D2-076,0.011967692084801515,3.0517614816243865,-0.008304116817621082,0.0430890426803858,0.03527353593172172,0.0011740621847984023,0.011967692084801515
3,V02→V01,V02,V01,full_vs_condition0,condition0,NoCond,D2-077,-0.03536325516973354,-9.017630068282054,-0.03536325516973354,-0.04894218495649885,-0.013068974335757322,-0.014661142848027775,-0.07874879584640496
3,V02→V01,V02,V01,full_vs_condition0,condition0,NoCond,D2-078,-0.00703870155143016,-1.7948688956146908,-0.011293177951522404,-0.00703870155143016,0.008494863314836287,-0.01177842217977304,0.003968623128126958
3,V02→V01,V02,V01,full_vs_condition0,condition0,NoCond,D2-079,-0.02593394889244957,-6.613156967574641,-0.03907124461635711,-0.04009745944113957,-0.02593394889244957,-0.012718856216423075,-0.00866825630267462
3,V02→V01,V02,V01,full_vs_condition0,condition0,NoCond,D2-080,-0.012277308683674604,-3.130713714337024,-0.012277308683674604,-0.026595368310137923,0.008149256879413452,-0.025803889475158742,0.016015939783674105
3,V02→V01,V02,V01,full_vs_condition0,condition0,NoCond,D2-081,-0.0013904458978492018,-0.35456370395154646,-0.04549693666462204,-0.0013904458978492018,0.03272231563161579,0.017232643313005447,-0.051711559184213995
3,V02→V01,V02,V01,full_vs_condition0,condition0,NoCond,D2-082,-0.03815967007330409,-9.730715868692544,-0.04141357178623614,-0.07475392852683327,-0.03815967007330409,-0.016530048983121215,-0.017866953536196856
3,V02→V01,V02,V01,full_vs_condition0,condition0,NoCond,D2-083,-0.009425797905677394,-2.4035784659477355,-0.009425797905677394,-0.004415866847221658,0.029529890666405365,-0.027558742377620474,-0.028072741551276967
3,V02→V01,V02,V01,full_vs_condition0,condition0,NoCond,D2-084,-0.0036108789708071687,-0.920774137555828,-0.0002335783669618896,-0.009386546349501201,0.016979233869086452,-0.0036108789708071687,-0.011424565218328464
3,V02→V01,V02,V01,full_vs_condition0,condition0,NoCond,D2-085,-0.0016462114950021034,-0.41978393122553637,-0.0016462114950021034,0.0006489600241184057,-0.06581315035621324,0.000167353376746171,-0.002965670029322298
3,V02→V01,V02,V01,full_vs_condition0,condition0,NoCond,D2-086,0.002896269507430216,0.7385487243947051,0.009831760927206945,0.016443145440684426,-0.00010937224659655909,0.002896269507430216,-0.005528228343636907
3,V02→V01,V02,V01,full_vs_condition0,condition0,NoCond,D2-087,0.014559097490028344,3.712569859957228,0.010449104076414778,0.021684165129013222,0.014559097490028344,0.002317631780578394,0.020841373555492954
3,V02→V01,V02,V01,full_vs_condition0,condition0,NoCond,D2-088,0.009263949061947302,2.362307010796562,0.015495618227226976,-0.006524891903003066,0.052778703321156833,-0.014648001833722502,0.009263949061947302
3,V02→V01,V02,V01,full_vs_condition0,condition0,NoCond,D2-089,0.005107841729742935,1.3024996410844483,-0.025742491320619038,0.012142693284172668,0.005107841729742935,0.021288386633935952,0.0032070803004990434
3,V02→V01,V02,V01,full_vs_condition0,condition0,NoCond,D2-090,-0.002346463823392042,-0.5983482749649707,-0.0673071799546848,0.014710947112352768,0.029607646144282684,-0.029112695819801748,-0.002346463823392042
3,V02→V01,V02,V01,full_vs_condition0,condition0,NoCond,D2-091,-0.004332571308694633,-1.1048056837171314,0.013441780070756026,-0.004332571308694633,-0.008067145761029404,-0.015528751646771144,0.04390668255441327
3,V02→V01,V02,V01,full_vs_condition0,condition0,NoCond,D2-092,0.005265615505072541,1.3427319537934979,0.005265615505072541,0.029007763363594202,-0.00632606605573216,0.009111970085506294,-0.013164606753938907
3,V02→V01,V02,V01,full_vs_condition0,condition0,NoCond,D2-093,-0.009733599110472002,-2.4820677731703604,-0.03926700629569868,-0.005813431891578236,-0.009733599110472002,0.005187532838640957,-0.015246415683240783
3,V02→V01,V02,V01,full_vs_condition0,condition0,NoCond,D2-094,-0.008101035482608376,-2.065764048065136,-0.035064279268949505,0.07208837998601109,-0.007060791724003257,-0.008101035482608376,-0.049474661931013464
3,V02→V01,V02,V01,full_vs_condition0,condition0,NoCond,D2-095,-0.005254455956450688,-1.3398862688949253,0.00664145129117355,-0.005254455956450688,0.039332469391543945,-0.07663323442664066,-0.055831272525396936
3,V02→V01,V02,V01,full_vs_condition0,condition0,NoCond,D2-096,0.010456723584370192,2.666464514014399,0.000861064248690091,0.0066348691329811416,0.010546381444190511,0.025558386957555107,0.010456723584370192
3,V02→V01,V02,V01,full_vs_condition0,condition0,NoCond,D2-097,-0.0024244808922699868,-0.6182426275288466,-0.012547786932825405,-0.0024244808922699868,0.015417339819702294,0.016724787448924736,-0.04115716543028264
3,V02→V01,V02,V01,full_vs_condition0,condition0,NoCond,D2-098,-0.011786255397294707,-3.00549512631015,0.007892304345181123,0.0019854775123428897,-0.01605098969057986,-0.012205215922573162,-0.011786255397294707
3,V02→V01,V02,V01,full_vs_condition0,condition0,NoCond,D2-099,-0.00753643274307253,-1.9217903494834951,-0.008430713017781588,-0.00753643274307253,0.0003527055184046335,-0.0070239105820655845,-0.010959235529104855
3,V02→V01,V02,V01,full_vs_condition0,condition0,NoCond,D2-100,-0.012346571627882552,-3.1483757651100506,-0.03869597952252901,-0.06767917765316622,0.011089412915502084,-0.012346571627882552,0.015756068635561504
3,V02→V01,V02,V01,full_vs_b_lite_ft,b_lite_ft,B-lite 同任务微调,D2-001,0.008117109416953983,2.0698629013232654,-0.026770736861933958,0.011174169519255234,0.018809720793718926,0.007842645730062187,0.008117109416953983
3,V02→V01,V02,V01,full_vs_b_lite_ft,b_lite_ft,B-lite 同任务微调,D2-002,0.04708926659077406,12.007762980647385,0.03874411612438658,0.05361927805157998,0.04708926659077406,0.06114084320142865,0.04478537570685148
3,V02→V01,V02,V01,full_vs_b_lite_ft,b_lite_ft,B-lite 同任务微调,D2-003,-0.008219284108943403,-2.0959174477805678,0.02783450173834956,0.022396583730975778,-0.03402673453092575,-0.05451361229643226,-0.008219284108943403
3,V02→V01,V02,V01,full_vs_b_lite_ft,b_lite_ft,B-lite 同任务微调,D2-004,0.005606730673330007,1.4297163216991517,-0.03860759577905459,0.005606730673330007,0.04470820439622758,-0.0036449762893484006,0.042392682019911754
3,V02→V01,V02,V01,full_vs_b_lite_ft,b_lite_ft,B-lite 同任务微调,D2-005,0.01779910394726278,4.538771506552009,0.0021829194129874274,0.01779910394726278,0.023063177931798656,-0.017314431602007713,0.03068484018926751
3,V02→V01,V02,V01,full_vs_b_lite_ft,b_lite_ft,B-lite 同任务微调,D2-006,-0.036437332530816435,-9.291519795358191,-0.10095458606878915,-0.016062021056811038,-0.036437332530816435,0.0016015295187631895,-0.05732886701822282
3,V02→V01,V02,V01,full_vs_b_lite_ft,b_lite_ft,B-lite 同任务微调,D2-007,-0.032458140086461224,-8.276825722047612,-0.03618228081849556,-0.032458140086461224,-0.02236098007059298,-0.023601336538288664,-0.054314813093294056
3,V02→V01,V02,V01,full_vs_b_lite_ft,b_lite_ft,B-lite 同任务微调,D2-008,-0.014302084214157518,-3.647031474610167,-0.014302084214157518,-0.02838666998677783,0.016675742897722473,-0.010000030265914062,-0.019529913316170405
3,V02→V01,V02,V01,full_vs_b_lite_ft,b_lite_ft,B-lite 同任务微调,D2-009,-0.10523956079804703,-26.83608800350199,-0.16222498435822746,-0.11022023052450208,-0.07256059183014768,-0.10523956079804703,-0.09267682523008375
3,V02→V01,V02,V01,full_vs_b_lite_ft,b_lite_ft,B-lite 同任务微调,D2-010,0.06383058404534811,16.276798931563768,0.06383058404534811,0.09490075780124196,0.10671366835997356,0.06101099256335235,0.06263200884185188
3,V02→V01,V02,V01,full_vs_b_lite_ft,b_lite_ft,B-lite 同任务微调,D2-011,0.0062295166812106895,1.5885267537087258,-0.025135531422554258,-0.007860564571969653,0.012563770322823048,0.0062295166812106895,0.009204093688258919
3,V02→V01,V02,V01,full_vs_b_lite_ft,b_lite_ft,B-lite 同任务微调,D2-012,0.025166536212390206,6.417466734159502,0.02387142619976762,0.005412933040172485,0.0317732665344333,0.025166536212390206,0.0736741322680568
3,V02→V01,V02,V01,full_vs_b_lite_ft,b_lite_ft,B-lite 同任务微调,D2-013,0.1493050676253107,38.07279224445423,0.1493050676253107,0.13058397935496438,0.16662821769714356,0.1710053904189004,0.14106286333666906
3,V02→V01,V02,V01,full_vs_b_lite_ft,b_lite_ft,B-lite 同任务微调,D2-014,-0.015525095164775848,-3.9588992670178413,-0.06485514831347544,-0.006355082972453574,-0.0018103430912794205,-0.015525095164775848,-0.02379286277001022
3,V02→V01,V02,V01,full_vs_b_lite_ft,b_lite_ft,B-lite 同任务微调,D2-015,-0.0017446750686282153,-0.44489214250019493,-0.01864526598226457,-0.0014936638729912965,-0.0017446750686282153,0.019763892534233274,-0.03930194448857077
3,V02→V01,V02,V01,full_vs_b_lite_ft,b_lite_ft,B-lite 同任务微调,D2-016,0.07820779260105659,19.94298711326943,0.08988764428714704,0.07820779260105659,0.05427954638273352,0.03837328038126647,0.09543039227396044
3,V02→V01,V02,V01,full_vs_b_lite_ft,b_lite_ft,B-lite 同任务微调,D2-017,0.01945986530847016,4.96226565365989,0.01945986530847016,0.00710073909825748,0.028559171209732725,0.015525319659047687,0.032551630222135114
3,V02→V01,V02,V01,full_vs_b_lite_ft,b_lite_ft,B-lite 同任务微调,D2-018,-0.023523793121178943,-5.99856724590063,0.029541333906707323,-0.023523793121178943,-0.03162569080789884,-0.03221412343638283,0.017802355793260394
3,V02→V01,V02,V01,full_vs_b_lite_ft,b_lite_ft,B-lite 同任务微调,D2-019,0.01991235379661832,5.077650218137672,0.008325624749774024,0.01991235379661832,0.014126063812346684,0.021599802091008147,0.04051577434653328
3,V02→V01,V02,V01,full_vs_b_lite_ft,b_lite_ft,B-lite 同任务微调,D2-020,-0.0008051923165718899,-0.20532404072583194,-0.003934810931483901,0.030888551628837968,0.019790415217479096,-0.0008051923165718899,-0.00911530538772548
3,V02→V01,V02,V01,full_vs_b_lite_ft,b_lite_ft,B-lite 同任务微调,D2-021,0.010669578280713854,2.7207424615820326,0.010669578280713854,-0.015834910588132023,0.0614261292748981,-0.01920252338879641,0.03866727083093591
3,V02→V01,V02,V01,full_vs_b_lite_ft,b_lite_ft,B-lite 同任务微调,D2-022,-0.034287647451415215,-8.743350100110879,-0.061543929938114056,-0.030885262967962207,-0.03146344603914203,-0.034287647451415215,-0.04398339309475641
3,V02→V01,V02,V01,full_vs_b_lite_ft,b_lite_ft,B-lite 同任务微调,D2-023,0.0036685446277260753,0.9354788800701492,-0.026785734978814937,0.018291218299418696,0.0036685446277260753,0.0014368874331315284,0.008857637209196884
3,V02→V01,V02,V01,full_vs_b_lite_ft,b_lite_ft,B-lite 同任务微调,D2-024,0.05175421157546636,13.197323951743922,0.002472751473976409,0.05175421157546636,0.03107468282940698,0.060177446295649306,0.08344498802881459
3,V02→V01,V02,V01,full_vs_b_lite_ft,b_lite_ft,B-lite 同任务微调,D2-025,-0.023176540643792237,-5.9100178641670205,-0.03905211582742815,-0.025703238888611257,-0.008406725318277658,0.01820952612999363,-0.023176540643792237
3,V02→V01,V02,V01,full_vs_b_lite_ft,b_lite_ft,B-lite 同任务微调,D2-026,-0.02396771631070546,-6.111767659229892,-0.02396771631070546,-0.007644604625446444,-0.05084875971078873,0.006359210725696313,-0.031494791929920524
3,V02→V01,V02,V01,full_vs_b_lite_ft,b_lite_ft,B-lite 同任务微调,D2-027,0.0343255295994736,8.753010047865768,0.023158602830436498,0.02722305703967337,0.03904338080495123,0.034338466113521954,0.0343255295994736
3,V02→V01,V02,V01,full_vs_b_lite_ft,b_lite_ft,B-lite 同任务微调,D2-028,0.013351729265802248,3.4046909627795734,0.013351729265802248,-0.03631430200766772,0.01893973893796405,-0.0397236006295619,0.03794429812114686
3,V02→V01,V02,V01,full_vs_b_lite_ft,b_lite_ft,B-lite 同任务微调,D2-029,-0.002494694747077586,-0.6361471605047844,-0.02333159032482772,0.012476491126811748,-0.002494694747077586,0.014150487364463088,-0.005852726973452668
3,V02→V01,V02,V01,full_vs_b_lite_ft,b_lite_ft,B-lite 同任务微调,D2-030,0.03527423869818447,8.99493086803704,-0.018830582033842802,0.03548342379637892,0.03527423869818447,0.00413042543352482,0.039626633784630216
3,V02→V01,V02,V01,full_vs_b_lite_ft,b_lite_ft,B-lite 同任务微调,D2-031,0.005868952544644868,1.4965828988844412,0.0012060088845781969,-0.01593984044037569,0.04479610147193458,0.005868952544644868,0.03265674196374724
3,V02→V01,V02,V01,full_vs_b_lite_ft,b_lite_ft,B-lite 同任务微调,D2-032,-0.05790651042414251,-14.766160158156339,-0.05790651042414251,-0.0745254011645829,-0.03685405568382834,-0.03820535359577944,-0.10340992293957263
3,V02→V01,V02,V01,full_vs_b_lite_ft,b_lite_ft,B-lite 同任务微调,D2-033,-0.02247723923673861,-5.731696005368346,-0.05451797361521027,-0.011884375966550953,-0.028245731009335473,-0.02247723923673861,0.0034863070156503917
3,V02→V01,V02,V01,full_vs_b_lite_ft,b_lite_ft,B-lite 同任务微调,D2-034,-0.03329169267836288,-8.489381632982534,-0.017835446967719465,-0.018175527477302597,-0.03329169267836288,-0.041610401314802675,-0.05056705636282763
3,V02→V01,V02,V01,full_vs_b_lite_ft,b_lite_ft,B-lite 同任务微调,D2-035,-0.035042371157379404,-8.935804645131748,-0.03848321721076023,-0.017355592980507817,0.00297886629899341,-0.035042371157379404,-0.0684850989944405
3,V02→V01,V02,V01,full_vs_b_lite_ft,b_lite_ft,B-lite 同任务微调,D2-036,-0.006439963393289616,-1.642190665288852,-0.006793807119582662,-0.006439963393289616,-0.0025670351460576057,-0.0032141414010012914,-0.02864813900580912
3,V02→V01,V02,V01,full_vs_b_lite_ft,b_lite_ft,B-lite 同任务微调,D2-037,0.06704505439157837,17.096488869852486,0.05838382613879664,0.06704505439157837,0.07386086328231073,0.0746893629845646,0.05074542932626272
3,V02→V01,V02,V01,full_vs_b_lite_ft,b_lite_ft,B-lite 同任务微调,D2-038,0.045692086332675186,11.651482014832172,0.045692086332675186,0.019108872522007325,0.050205304033376974,0.08852372194329897,0.030309793962673692
3,V02→V01,V02,V01,full_vs_b_lite_ft,b_lite_ft,B-lite 同任务微调,D2-039,-0.022205575507272188,-5.6624217543544075,-0.02353821894912808,-0.022205575507272188,-0.019504572023396144,-0.03887019858316139,0.01896096617673282
3,V02→V01,V02,V01,full_vs_b_lite_ft,b_lite_ft,B-lite 同任务微调,D2-040,-0.13389303976738892,-34.14272514068418,-0.18555757044642057,-0.11813336390036128,-0.11608845381825056,-0.15434034361883447,-0.13389303976738892
3,V02→V01,V02,V01,full_vs_b_lite_ft,b_lite_ft,B-lite 同任务微调,D2-041,-0.06920483873950109,-17.647233878572777,-0.10196388732745418,-0.056349098889364124,-0.051697289985087186,-0.09088062308728695,-0.06920483873950109
3,V02→V01,V02,V01,full_vs_b_lite_ft,b_lite_ft,B-lite 同任务微调,D2-042,0.03133189950227944,7.989634373081256,0.025262088018799173,0.03133189950227944,0.03400528954527632,0.08954482244590098,0.02708212933359072
3,V02→V01,V02,V01,full_vs_b_lite_ft,b_lite_ft,B-lite 同任务微调,D2-043,0.01696620841162752,4.326383144965018,0.0022946127267726713,0.014261709773037812,0.036106313717173766,0.05466867528152633,0.01696620841162752
3,V02→V01,V02,V01,full_vs_b_lite_ft,b_lite_ft,B-lite 同任务微调,D2-044,0.050061214607262955,12.765609724852053,0.0429970690899569,0.050061214607262955,0.08075138589070327,0.057668217741276895,0.04021270324786505
3,V02→V01,V02,V01,full_vs_b_lite_ft,b_lite_ft,B-lite 同任务微调,D2-045,-0.04472773607357655,-11.40557269876202,-0.04472773607357655,-0.008490250464163573,-0.0695224835786944,-0.07230205906956805,-0.03591470753932313
3,V02→V01,V02,V01,full_vs_b_lite_ft,b_lite_ft,B-lite 同任务微调,D2-046,-0.0038163528706018635,-0.9731699820034752,-0.01641685802202958,-0.009249758070860148,0.005162571676266492,-0.0038163528706018635,-0.0034323879159413873
3,V02→V01,V02,V01,full_vs_b_lite_ft,b_lite_ft,B-lite 同任务微调,D2-047,0.031206277142645733,7.957600671374662,0.0036025278157356955,0.03278788348490541,0.0328119048434827,0.031206277142645733,-0.015521165011732868
3,V02→V01,V02,V01,full_vs_b_lite_ft,b_lite_ft,B-lite 同任务微调,D2-048,0.009304842495985621,2.3727348364763334,-0.02205854328086146,0.009304842495985621,0.019292074239860152,0.017179399897149727,-9.550124743562538e-05
3,V02→V01,V02,V01,full_vs_b_lite_ft,b_lite_ft,B-lite 同任务微调,D2-049,-0.009934389706307306,-2.5332693751083633,0.011341052508451105,-0.009937452258375612,0.0035585220751723767,-0.009934389706307306,-0.01370963163492156
3,V02→V01,V02,V01,full_vs_b_lite_ft,b_lite_ft,B-lite 同任务微调,D2-050,0.012441292777657514,3.172529658302666,0.009075825313727026,0.017796571142971507,0.0021008515295883323,0.012441292777657514,0.017299960087984817
3,V02→V01,V02,V01,full_vs_b_lite_ft,b_lite_ft,B-lite 同任务微调,D2-051,0.012742093422234424,3.249233822669778,0.012742093422234424,0.007869684005861244,0.01911055263510697,-0.004388301880598744,0.04675541912852704
3,V02→V01,V02,V01,full_vs_b_lite_ft,b_lite_ft,B-lite 同任务微调,D2-052,-0.0022894390571264744,-0.583806959567251,-0.010061983318056578,-0.023303717156343273,-0.0022894390571264744,0.01307249242830788,0.012088603868988579
3,V02→V01,V02,V01,full_vs_b_lite_ft,b_lite_ft,B-lite 同任务微调,D2-053,-0.0014688806970500345,-0.3745645777477588,-0.019271025848057538,-0.0014688806970500345,0.02735502466869852,0.03525115502998233,-0.012175157355765465
3,V02→V01,V02,V01,full_vs_b_lite_ft,b_lite_ft,B-lite 同任务微调,D2-054,0.021234304485497624,5.414747643801894,0.05168823412171117,0.010941623703197179,0.010784004849416245,0.021234304485497624,0.04321008666797921
3,V02→V01,V02,V01,full_vs_b_lite_ft,b_lite_ft,B-lite 同任务微调,D2-055,-0.06025742252667743,-15.365642744302745,-0.10481690426667534,-0.0519588700930278,-0.06025742252667743,-0.03231408596038815,-0.0762129944562912
3,V02→V01,V02,V01,full_vs_b_lite_ft,b_lite_ft,B-lite 同任务微调,D2-056,-0.03285279408806849,-8.377462492457465,-0.029440007582750338,-0.09178114313233113,-0.0687253980764321,-0.0077704977565666855,-0.03285279408806849
3,V02→V01,V02,V01,full_vs_b_lite_ft,b_lite_ft,B-lite 同任务微调,D2-057,-0.021673541387947165,-5.5267530539265275,-0.003260403989799432,-0.02619741332751735,-0.00513468442297485,-0.022869601648635968,-0.021673541387947165
3,V02→V01,V02,V01,full_vs_b_lite_ft,b_lite_ft,B-lite 同任务微调,D2-058,0.050405904562652704,12.85350566347644,0.003112413415416515,0.0641469155155604,0.050405904562652704,0.03509036162451129,0.0994268114961202
3,V02→V01,V02,V01,full_vs_b_lite_ft,b_lite_ft,B-lite 同任务微调,D2-059,0.004404037116884113,1.1230294648054489,-0.0412886196428591,0.012070738785975671,0.004404037116884113,0.014685317068486609,0.002593586036750861
3,V02→V01,V02,V01,full_vs_b_lite_ft,b_lite_ft,B-lite 同任务微调,D2-060,-0.004564893579548174,-1.1640478627847843,-0.004564893579548174,-0.0645484229743155,0.006018805658556739,-0.0066098421812057495,0.02071524110159588
3,V02→V01,V02,V01,full_vs_b_lite_ft,b_lite_ft,B-lite 同任务微调,D2-061,-0.007728795210520417,-1.9708427786827063,-0.007728795210520417,-0.0287101990070896,-0.006243615154770843,-0.00866261880466905,0.04112733781769656
3,V02→V01,V02,V01,full_vs_b_lite_ft,b_lite_ft,B-lite 同任务微调,D2-062,-0.05882829484978208,-15.00121518669443,-0.05882829484978208,-0.07928854030453497,-0.0641286383210509,-0.03623582197836153,-0.04657140401778398
3,V02→V01,V02,V01,full_vs_b_lite_ft,b_lite_ft,B-lite 同任务微调,D2-063,-0.022001160394686914,-5.610295900645163,-0.06831858253631837,-0.012213980693083548,-0.03656981820479416,-0.009415811319381795,-0.022001160394686914
3,V02→V01,V02,V01,full_vs_b_lite_ft,b_lite_ft,B-lite 同任务微调,D2-064,-0.029546909716004655,-7.534461977581187,-0.05228247279240417,-0.026983831004769143,-0.029546909716004655,-0.0608991036082015,0.009713124191644107
3,V02→V01,V02,V01,full_vs_b_lite_ft,b_lite_ft,B-lite 同任务微调,D2-065,0.021567747145149835,5.499775522013208,-0.03159036324243639,0.030151908633424263,0.028587145925457774,0.021567747145149835,0.005581713286205325
3,V02→V01,V02,V01,full_vs_b_lite_ft,b_lite_ft,B-lite 同任务微调,D2-066,0.027225775614617365,6.942572781727428,-0.0223555214032925,0.027225775614617365,0.03197360913904887,0.06696307860196582,-0.0021889866502196598
3,V02→V01,V02,V01,full_vs_b_lite_ft,b_lite_ft,B-lite 同任务微调,D2-067,0.004560618576678388,1.1629577370529889,-0.027805997453855757,0.03281101883586607,0.06904717805710703,0.004560618576678388,-0.019589582966132613
3,V02→V01,V02,V01,full_vs_b_lite_ft,b_lite_ft,B-lite 同任务微调,D2-068,-0.039530872998382593,-10.080372614587562,-0.04661977445309767,-0.04269570429539665,-0.034659279815730526,-0.039530872998382593,0.006204045174103945
3,V02→V01,V02,V01,full_vs_b_lite_ft,b_lite_ft,B-lite 同任务微调,D2-069,0.02589562072446852,6.603383284739473,0.02589562072446852,0.025007515468380676,0.015941528321215592,0.04453981814510896,0.027088658263285964
3,V02→V01,V02,V01,full_vs_b_lite_ft,b_lite_ft,B-lite 同任务微调,D2-070,0.014052099787987715,3.5832854459368675,-0.028846494381940813,0.047416664597102864,0.014052099787987715,0.027558522071013447,-0.04066411289484689
3,V02→V01,V02,V01,full_vs_b_lite_ft,b_lite_ft,B-lite 同任务微调,D2-071,0.013911033717867671,3.547313598056256,-0.03584250299116737,0.014742001867256105,0.013911033717867671,0.009847079570858952,0.04220781324861139
3,V02→V01,V02,V01,full_vs_b_lite_ft,b_lite_ft,B-lite 同任务微调,D2-072,0.0012665879109809985,0.32297991730015463,-0.022757088315897983,0.0012665879109809985,0.017968600680088154,0.016603032234071335,-0.028469979249197863
3,V02→V01,V02,V01,full_vs_b_lite_ft,b_lite_ft,B-lite 同任务微调,D2-073,0.03839062910639879,9.789610422131691,-0.0031972324306314692,0.03839062910639879,0.05326266462604201,0.09794926282131314,-0.01929060256842413
3,V02→V01,V02,V01,full_vs_b_lite_ft,b_lite_ft,B-lite 同任务微调,D2-074,-0.05558185046160127,-14.173371867708324,-0.06550960488072255,-0.05054247303585696,-0.05558185046160127,-0.12280587673308405,-0.04224310315600255
3,V02→V01,V02,V01,full_vs_b_lite_ft,b_lite_ft,B-lite 同任务微调,D2-075,0.053607329662539005,13.669869063947447,0.015321888602696926,0.05685207718967375,0.10227972122593826,0.053607329662539005,0.01865642670637524
3,V02→V01,V02,V01,full_vs_b_lite_ft,b_lite_ft,B-lite 同任务微调,D2-076,0.011144487598003489,2.8418443374908895,-0.009097624130738086,0.019624929397534102,0.011144487598003489,0.006337040280684436,0.031021488477022227
3,V02→V01,V02,V01,full_vs_b_lite_ft,b_lite_ft,B-lite 同任务微调,D2-077,0.02548120488492095,6.497707245654842,-0.006105131650155832,0.0344902588877567,0.05997464976222941,0.02548120488492095,-0.01911622248301212
3,V02→V01,V02,V01,full_vs_b_lite_ft,b_lite_ft,B-lite 同任务微调,D2-078,-0.0030992554613586965,-0.7903101426464676,-0.0036692651285027966,-0.0030992554613586965,0.0035645053863073706,-0.024784958554488257,0.0006583619749906955
3,V02→V01,V02,V01,full_vs_b_lite_ft,b_lite_ft,B-lite 同任务微调,D2-079,0.032964832223360496,8.406032216956927,0.032964832223360496,0.05504330889218384,0.02820098811080532,0.08863895324369273,0.03247121937336428
3,V02→V01,V02,V01,full_vs_b_lite_ft,b_lite_ft,B-lite 同任务微调,D2-080,-0.027395646968806114,-6.985889977045559,-0.0492524630683768,-0.003114062000636575,-0.027395646968806114,-0.02742661967000984,-0.024051658037278018
3,V02→V01,V02,V01,full_vs_b_lite_ft,b_lite_ft,B-lite 同任务微调,D2-081,-0.07224757168601212,-18.42313077993309,-0.09150839374106154,-0.07224757168601212,-0.06638755512415856,-0.07281206045140567,-0.041796593520885855
3,V02→V01,V02,V01,full_vs_b_lite_ft,b_lite_ft,B-lite 同任务微调,D2-082,0.015951290894467562,4.067579178089228,0.005484490227457617,0.015951290894467562,0.015260176817039117,0.016910366210583117,0.05026188727703179
3,V02→V01,V02,V01,full_vs_b_lite_ft,b_lite_ft,B-lite 同任务微调,D2-083,0.004303791106511384,1.097466732160403,-0.021686740792714626,0.004303791106511384,0.008666174342999086,-0.008533380925655365,0.008653555065393448
3,V02→V01,V02,V01,full_vs_b_lite_ft,b_lite_ft,B-lite 同任务微调,D2-084,0.009562847545234177,2.438526124034715,0.009562847545234177,-0.007190910917593191,0.017500905668347833,0.023023962565675016,0.000801478989604032
3,V02→V01,V02,V01,full_vs_b_lite_ft,b_lite_ft,B-lite 同任务微调,D2-085,-0.11004126844306786,-28.060523452982302,-0.11667038813233374,-0.07792993764082592,-0.11985075866182643,-0.11004126844306786,-0.07537350455919903
3,V02→V01,V02,V01,full_vs_b_lite_ft,b_lite_ft,B-lite 同任务微调,D2-086,-0.018070259752372905,-4.6079162368550906,-0.018070259752372905,-0.022962135918162485,-0.008949086235629192,-0.014250386423534822,-0.03215347669190831
3,V02→V01,V02,V01,full_vs_b_lite_ft,b_lite_ft,B-lite 同任务微调,D2-087,0.05275593670248463,13.452763859133581,0.036477974142160335,0.0767634798723616,0.04156942603488764,0.07127400683729274,0.05275593670248463
3,V02→V01,V02,V01,full_vs_b_lite_ft,b_lite_ft,B-lite 同任务微调,D2-088,-0.046165013493135065,-11.772078440749441,-0.049091945734174774,-0.046165013493135065,-0.0030694369269513577,-0.04863924271930223,-0.03345985732030596
3,V02→V01,V02,V01,full_vs_b_lite_ft,b_lite_ft,B-lite 同任务微调,D2-089,-0.007159104746467665,-1.8255717103492546,-0.0027653628831389443,0.011653416139899564,-0.02034590257413732,-0.007159104746467665,-0.013734022776285826
3,V02→V01,V02,V01,full_vs_b_lite_ft,b_lite_ft,B-lite 同任务微调,D2-090,-0.02995440148874931,-7.6383723796310745,-0.03956428304728535,-0.01408834996874686,-0.0015935326041078834,-0.04973423766133225,-0.02995440148874931
3,V02→V01,V02,V01,full_vs_b_lite_ft,b_lite_ft,B-lite 同任务微调,D2-091,-0.029808704029111288,-7.601219527423378,-0.021015940635812025,-0.029808704029111288,-0.0317713404622148,-0.08596355088201224,-0.02400896643452785
3,V02→V01,V02,V01,full_vs_b_lite_ft,b_lite_ft,B-lite 同任务微调,D2-092,-0.04524868983746502,-11.538415908553581,-0.048286750941544526,0.010703452999970692,-0.037851488203272304,-0.061796100102653795,-0.04524868983746502
3,V02→V01,V02,V01,full_vs_b_lite_ft,b_lite_ft,B-lite 同任务微调,D2-093,0.0016112893612848511,0.41087878712763704,-0.06315872590574956,0.00862664874229166,0.009712881305151494,0.0016112893612848511,-0.00931801819415004
3,V02→V01,V02,V01,full_vs_b_lite_ft,b_lite_ft,B-lite 同任务微调,D2-094,-0.02641311278327918,-6.735343759736191,-0.07219221462041908,-0.02641311278327918,0.027390047048146904,0.0010972007727011457,-0.03195057599208295
3,V02→V01,V02,V01,full_vs_b_lite_ft,b_lite_ft,B-lite 同任务微调,D2-095,-0.034824383014823934,-8.880217668780103,-0.034824383014823934,-0.03285146095076502,-0.011815142910382936,-0.06345354055452068,-0.042600502134763685
3,V02→V01,V02,V01,full_vs_b_lite_ft,b_lite_ft,B-lite 同任务微调,D2-096,0.06567194185812367,16.746345173821535,0.06567194185812367,0.03739415210756386,0.012885019465377845,0.0932887758438786,0.07422237549767352
3,V02→V01,V02,V01,full_vs_b_lite_ft,b_lite_ft,B-lite 同任务微调,D2-097,-0.003632177176371293,-0.9262051799746797,-0.03488513542329029,-0.003632177176371293,0.0017288571091297472,0.010456623641845297,-0.03434864741042665
3,V02→V01,V02,V01,full_vs_b_lite_ft,b_lite_ft,B-lite 同任务微调,D2-098,-0.00527862864628173,-1.346050304801841,0.0035561168925804104,-0.04008141787428604,0.0028813219906990983,-0.00527862864628173,-0.02454933550274163
3,V02→V01,V02,V01,full_vs_b_lite_ft,b_lite_ft,B-lite 同任务微调,D2-099,0.02573584119478861,6.562639504671096,-0.028963986237843853,0.007321931123733527,0.034661542375882454,0.03344037443399428,0.02573584119478861
3,V02→V01,V02,V01,full_vs_b_lite_ft,b_lite_ft,B-lite 同任务微调,D2-100,-0.0031832793508382307,-0.8117362344637489,-0.0031832793508382307,-0.04315078859917476,0.032337806418878956,-0.028900663131007975,0.018538067659083113
3,V02→V01,V02,V01,full_vs_freeuv_conserved,freeuv_conserved,FreeUV（已观测纹理保持）,D2-001,0.028104547331089608,7.16665956942785,0.018172437585489698,0.03573096371305884,0.05466354930753348,0.01961082540532591,0.028104547331089608
3,V02→V01,V02,V01,full_vs_freeuv_conserved,freeuv_conserved,FreeUV（已观测纹理保持）,D2-002,0.15670814543652037,39.960577086312696,0.14665802125819025,0.16067840252071616,0.15670814543652037,0.16496406022148827,0.15506581364509958
3,V02→V01,V02,V01,full_vs_freeuv_conserved,freeuv_conserved,FreeUV（已观测纹理保持）,D2-003,0.12689822963956326,32.35904855808863,0.12689822963956326,0.1455813893634412,0.11467665278663236,0.09286645960269702,0.13796977046877146
3,V02→V01,V02,V01,full_vs_freeuv_conserved,freeuv_conserved,FreeUV（已观测纹理保持）,D2-004,0.06577406675680308,16.772387022984788,0.006416694928251254,0.06577406675680308,0.08193047423946098,0.040814035935393456,0.07912100965143942
3,V02→V01,V02,V01,full_vs_freeuv_conserved,freeuv_conserved,FreeUV（已观测纹理保持）,D2-005,0.1601961384693237,40.850015309677545,0.1525774404542631,0.1824391544137371,0.1601961384693237,0.15515297409742387,0.19626790247687464
3,V02→V01,V02,V01,full_vs_freeuv_conserved,freeuv_conserved,FreeUV（已观测纹理保持）,D2-006,-0.06621578867236777,-16.885026111453783,-0.1163501030703386,-0.06051141326626147,-0.06302499795953437,-0.06621578867236777,-0.08975224549571675
3,V02→V01,V02,V01,full_vs_freeuv_conserved,freeuv_conserved,FreeUV（已观测纹理保持）,D2-007,0.053992441002641056,13.768072455673469,0.04935552599497989,0.053992441002641056,0.06926732051347378,0.05790848596186576,0.039163868418474246
3,V02→V01,V02,V01,full_vs_freeuv_conserved,freeuv_conserved,FreeUV（已观测纹理保持）,D2-008,-0.01621152198976944,-4.133938107391207,-0.011781448192066613,-0.022752413319216847,0.017868690556950034,-0.027263783696624966,-0.01621152198976944
3,V02→V01,V02,V01,full_vs_freeuv_conserved,freeuv_conserved,FreeUV（已观测纹理保持）,D2-009,-0.18424291707693585,-46.98194385461864,-0.18424291707693585,-0.19148893500604325,-0.14934487226936555,-0.1978529568702455,-0.17565769583932933
3,V02→V01,V02,V01,full_vs_freeuv_conserved,freeuv_conserved,FreeUV（已观测纹理保持）,D2-010,0.15123951356343138,38.566075958675,0.15123951356343138,0.16533311565474768,0.17463747157556256,0.12289497837787722,0.13937246799468997
3,V02→V01,V02,V01,full_vs_freeuv_conserved,freeuv_conserved,FreeUV（已观测纹理保持）,D2-011,0.04764149795268097,12.148581977933647,0.028059319114568188,0.04017708089713956,0.06466249808961269,0.04764149795268097,0.05415546550762418
3,V02→V01,V02,V01,full_vs_freeuv_conserved,freeuv_conserved,FreeUV（已观测纹理保持）,D2-012,-0.05190774137880785,-13.236474051596003,-0.045173064455495654,-0.05190774137880785,-0.05249621254121159,-0.05482724847945761,0.0031625438772194814
3,V02→V01,V02,V01,full_vs_freeuv_conserved,freeuv_conserved,FreeUV（已观测纹理保持）,D2-013,0.13755993942419686,35.0777845531702,0.14906307210524877,0.1420924875471327,0.11105340851677789,0.12888091173436905,0.13755993942419686
3,V02→V01,V02,V01,full_vs_freeuv_conserved,freeuv_conserved,FreeUV（已观测纹理保持）,D2-014,0.11653385584145945,29.71613323957216,0.08170576275534966,0.1256153886028326,0.141578666010841,0.11653385584145945,0.11294660037332543
3,V02→V01,V02,V01,full_vs_freeuv_conserved,freeuv_conserved,FreeUV（已观测纹理保持）,D2-015,-0.02689953875683604,-6.85938238299319,-0.012735260136070709,-0.02689953875683604,-0.02711816334298678,-0.014368125760839096,-0.052262976801111555
3,V02→V01,V02,V01,full_vs_freeuv_conserved,freeuv_conserved,FreeUV（已观测纹理保持）,D2-016,0.032098094880994826,8.18501419465368,0.039369407135786294,0.051727807100784645,0.01659492632218948,0.0033819301493673015,0.032098094880994826
3,V02→V01,V02,V01,full_vs_freeuv_conserved,freeuv_conserved,FreeUV（已观测纹理保持）,D2-017,0.06463551104068754,16.482055315375323,0.06545597636037398,0.049923814982175796,0.05935913145542143,0.06463551104068754,0.0729690223601129
3,V02→V01,V02,V01,full_vs_freeuv_conserved,freeuv_conserved,FreeUV（已观测纹理保持）,D2-018,-0.0029329575598239788,-0.7479041777551145,0.014363444206260512,-0.005456113637912818,-0.016576249649127323,-0.0029329575598239788,0.016183461177916775
3,V02→V01,V02,V01,full_vs_freeuv_conserved,freeuv_conserved,FreeUV（已观测纹理保持）,D2-019,0.053967753478458946,13.761777137007032,0.04269518752892812,0.056428633488359914,0.053967753478458946,0.039954792885553286,0.08074310890265873
3,V02→V01,V02,V01,full_vs_freeuv_conserved,freeuv_conserved,FreeUV（已观测纹理保持）,D2-020,-0.08188148749371371,-20.879779310896996,-0.10484112640842796,-0.02952034532402953,-0.07843135117242733,-0.08188148749371371,-0.10321196438744668
3,V02→V01,V02,V01,full_vs_freeuv_conserved,freeuv_conserved,FreeUV（已观测纹理保持）,D2-021,0.16417047172370886,41.86347028954576,0.1452769900982579,0.16417047172370886,0.20110793467611077,0.16033434100035165,0.21902738819933604
3,V02→V01,V02,V01,full_vs_freeuv_conserved,freeuv_conserved,FreeUV（已观测纹理保持）,D2-022,0.04273377042828186,10.897111459211875,0.02773934684016488,0.04373171148878155,0.04273377042828186,0.043261749455423076,0.032842839486671216
3,V02→V01,V02,V01,full_vs_freeuv_conserved,freeuv_conserved,FreeUV（已观测纹理保持）,D2-023,0.03593288653840622,9.162886067293586,0.01440824673821528,0.04601925993338228,0.03593288653840622,0.018063393731911986,0.04362434651702643
3,V02→V01,V02,V01,full_vs_freeuv_conserved,freeuv_conserved,FreeUV（已观测纹理保持）,D2-024,0.007872166522478657,2.0074024632320575,-0.04790389455728608,0.02748227468823311,-0.010407676236272534,0.007872166522478657,0.01517168426160087
3,V02→V01,V02,V01,full_vs_freeuv_conserved,freeuv_conserved,FreeUV（已观测纹理保持）,D2-025,0.06622016150041007,16.886141182604568,0.06622016150041007,0.04927162131044402,0.08974706715167458,0.10195511827866235,0.0540254191305507
3,V02→V01,V02,V01,full_vs_freeuv_conserved,freeuv_conserved,FreeUV（已观测纹理保持）,D2-026,0.0013123123152624927,0.3346396403919356,0.023896486853205,0.0013123123152624927,-0.003695035397651647,0.02656930720522288,-0.002574212095212386
3,V02→V01,V02,V01,full_vs_freeuv_conserved,freeuv_conserved,FreeUV（已观测纹理保持）,D2-027,0.07595236232829472,19.367852393715154,0.07595236232829472,0.07904026816998211,0.0722376797052603,0.082298060199098,0.06944922819024041
3,V02→V01,V02,V01,full_vs_freeuv_conserved,freeuv_conserved,FreeUV（已观测纹理保持）,D2-028,0.04514808379462923,11.512761367630453,0.04514808379462923,0.04093517013825479,0.07532268114543211,0.04082101406917599,0.0966611084295437
3,V02→V01,V02,V01,full_vs_freeuv_conserved,freeuv_conserved,FreeUV（已观测纹理保持）,D2-029,0.06542068862783834,16.682275600098777,0.05983858916369625,0.07182263679005817,0.06091855278929825,0.07643368931592637,0.06542068862783834
3,V02→V01,V02,V01,full_vs_freeuv_conserved,freeuv_conserved,FreeUV（已观测纹理保持）,D2-030,0.039514641349928215,10.076233544231695,-0.027589191630896626,0.07313791090208621,0.05128610410417117,0.02767814748610059,0.039514641349928215
3,V02→V01,V02,V01,full_vs_freeuv_conserved,freeuv_conserved,FreeUV（已观测纹理保持）,D2-031,0.03372926921703115,8.600963650342942,0.030401862150010422,0.01182759297677341,0.05528857873227355,0.03372926921703115,0.06039074846567255
3,V02→V01,V02,V01,full_vs_freeuv_conserved,freeuv_conserved,FreeUV（已观测纹理保持）,D2-032,-0.0028180118418682787,-0.7185930196764111,-0.0028180118418682787,-0.036020474918818074,0.0030201069042507522,0.005234951479623551,-0.04453473714953762
3,V02→V01,V02,V01,full_vs_freeuv_conserved,freeuv_conserved,FreeUV（已观测纹理保持）,D2-033,-0.03387563868979865,-8.638287865898656,-0.07159240063641392,-0.01572522137486987,-0.03387563868979865,-0.04604987494396007,-0.003575561764622537
3,V02→V01,V02,V01,full_vs_freeuv_conserved,freeuv_conserved,FreeUV（已观测纹理保持）,D2-034,0.03013285290067777,7.683877489672831,0.050723979727197915,0.05820160397352317,0.03013285290067777,0.024894315009124757,0.014329827927912653
3,V02→V01,V02,V01,full_vs_freeuv_conserved,freeuv_conserved,FreeUV（已观测纹理保持）,D2-035,-0.01716705769418725,-4.377599712017749,-0.027789364199316713,0.015649139762870856,-0.0014468568953729943,-0.01716705769418725,-0.044090185373548474
3,V02→V01,V02,V01,full_vs_freeuv_conserved,freeuv_conserved,FreeUV（已观测纹理保持）,D2-036,0.03917336345396255,9.989207680760451,0.03917336345396255,0.035904158113731266,0.04387888459093642,0.04180176206158867,0.02260467760039095
3,V02→V01,V02,V01,full_vs_freeuv_conserved,freeuv_conserved,FreeUV（已观测纹理保持）,D2-037,0.09402228796647658,23.975683431451525,0.0953593757003546,0.0873035331429155,0.11090080070619784,0.09402228796647658,0.09004756506808378
3,V02→V01,V02,V01,full_vs_freeuv_conserved,freeuv_conserved,FreeUV（已观测纹理保持）,D2-038,0.011884677816521028,3.030592843212862,0.011884677816521028,0.018908813369996613,-0.013076038918260369,0.07352825869439225,0.009394695361455263
3,V02→V01,V02,V01,full_vs_freeuv_conserved,freeuv_conserved,FreeUV（已观测纹理保持）,D2-039,0.039197851593295724,9.99545215629041,0.039197851593295724,0.04912420351886085,0.03596220803619535,0.028936601209419738,0.06935890025838656
3,V02→V01,V02,V01,full_vs_freeuv_conserved,freeuv_conserved,FreeUV（已观测纹理保持）,D2-040,-0.039534616249578935,-10.081327143642628,-0.07633054642765608,0.0009839515443201274,-0.01435492518875331,-0.05640230521007822,-0.039534616249578935
3,V02→V01,V02,V01,full_vs_freeuv_conserved,freeuv_conserved,FreeUV（已观测纹理保持）,D2-041,0.10120682097557518,25.80773934877167,0.05147360469628537,0.10286054998222324,0.12117435151918066,0.07403180655092001,0.10120682097557518
3,V02→V01,V02,V01,full_vs_freeuv_conserved,freeuv_conserved,FreeUV（已观测纹理保持）,D2-042,0.013729032685922599,3.5009033349102627,0.0025479967907532097,-0.002583130688448121,0.018903101727212823,0.023074771728865878,0.013729032685922599
3,V02→V01,V02,V01,full_vs_freeuv_conserved,freeuv_conserved,FreeUV（已观测纹理保持）,D2-043,0.02687787358839827,6.8538577650415595,0.01400691176573915,0.019157877124576672,0.02687787358839827,0.0469123738140885,0.030569008585200258
3,V02→V01,V02,V01,full_vs_freeuv_conserved,freeuv_conserved,FreeUV（已观测纹理保持）,D2-044,0.15946250581654947,40.662938983220116,0.15946250581654947,0.14704031254286348,0.1674868002048005,0.16090176786309565,0.15919498688932776
3,V02→V01,V02,V01,full_vs_freeuv_conserved,freeuv_conserved,FreeUV（已观测纹理保持）,D2-045,-0.017184654944667588,-4.382087010890235,-0.017184654944667588,0.04883340587900359,-0.04463049457743273,-0.03401315587213616,-0.009550888334808771
3,V02→V01,V02,V01,full_vs_freeuv_conserved,freeuv_conserved,FreeUV（已观测纹理保持）,D2-046,0.08248982521203849,21.034905429069813,0.074926383411273,0.08141942436878499,0.09004541113972664,0.09149907925763193,0.08248982521203849
3,V02→V01,V02,V01,full_vs_freeuv_conserved,freeuv_conserved,FreeUV（已观测纹理保持）,D2-047,0.046986806469809544,11.981635649801435,0.03576674099748184,0.05069563105100336,0.046986806469809544,0.05896573930489599,0.012416961753383443
3,V02→V01,V02,V01,full_vs_freeuv_conserved,freeuv_conserved,FreeUV（已观测纹理保持）,D2-048,0.0074858029430869,1.9088797504871595,-0.021974892160818382,0.0074858029430869,0.007753448929153611,0.00869872210557851,-0.0015505903353125183
3,V02→V01,V02,V01,full_vs_freeuv_conserved,freeuv_conserved,FreeUV（已观测纹理保持）,D2-049,0.0858227879232992,21.884810920441296,0.09121872530114361,0.0858227879232992,0.08355237903997181,0.08846333983346699,0.07663358096790507
3,V02→V01,V02,V01,full_vs_freeuv_conserved,freeuv_conserved,FreeUV（已观测纹理保持）,D2-050,0.11440354982391002,29.172905205097056,0.10007846761494876,0.126299735630552,0.08627940459176903,0.1161641897633672,0.11440354982391002
3,V02→V01,V02,V01,full_vs_freeuv_conserved,freeuv_conserved,FreeUV（已观测纹理保持）,D2-051,0.1216394585678301,31.018061934796673,0.12267691943541925,0.0970762453520786,0.1216394585678301,0.09558089562076127,0.1407481168296798
3,V02→V01,V02,V01,full_vs_freeuv_conserved,freeuv_conserved,FreeUV（已观测纹理保持）,D2-052,-0.018542401285635057,-4.72831232783694,-0.03294300522517274,-0.05207306220207686,-0.01779864951508281,-0.007792353273633812,-0.018542401285635057
3,V02→V01,V02,V01,full_vs_freeuv_conserved,freeuv_conserved,FreeUV（已观测纹理保持）,D2-053,-0.017904331674799323,-4.565604577073827,-0.017904331674799323,-0.038366681327008545,0.006707117892801762,-0.0013016060563839082,-0.041703919026379765
3,V02→V01,V02,V01,full_vs_freeuv_conserved,freeuv_conserved,FreeUV（已观测纹理保持）,D2-054,-0.05990114303098784,-15.2747914729019,-0.05990114303098784,-0.05142021093655516,-0.06304176011019283,-0.06208299301840642,-0.04564110898861179
3,V02→V01,V02,V01,full_vs_freeuv_conserved,freeuv_conserved,FreeUV（已观测纹理保持）,D2-055,-0.16548567761977517,-42.19884779304267,-0.16548567761977517,-0.17869220087925597,-0.15302787174781163,-0.14472440928220748,-0.17827921301126481
3,V02→V01,V02,V01,full_vs_freeuv_conserved,freeuv_conserved,FreeUV（已观测纹理保持）,D2-056,-0.017768104405452817,-4.530866623390469,0.010814933527615811,-0.06455470614933542,-0.03445675306110865,0.020219448532554363,-0.017768104405452817
3,V02→V01,V02,V01,full_vs_freeuv_conserved,freeuv_conserved,FreeUV（已观测纹理保持）,D2-057,0.10818128913601552,27.586228729683956,0.11990939908557466,0.10189565377576007,0.11535868038812641,0.10818128913601552,0.09352061907371512
3,V02→V01,V02,V01,full_vs_freeuv_conserved,freeuv_conserved,FreeUV（已观测纹理保持）,D2-058,0.0016795629542784574,0.42828855334100663,-0.04959613680654201,0.008758931212238419,0.0016795629542784574,-0.023872528067646337,0.03384371979430839
3,V02→V01,V02,V01,full_vs_freeuv_conserved,freeuv_conserved,FreeUV（已观测纹理保持）,D2-059,0.025673564288530265,6.546758893575218,-0.0009715708123670952,0.0353549485942265,0.02279424284761017,0.03062240799536578,0.025673564288530265
3,V02→V01,V02,V01,full_vs_freeuv_conserved,freeuv_conserved,FreeUV（已观测纹理保持）,D2-060,0.007521433745577039,1.9179656051221448,0.0035288175517092513,-0.01984945489246337,0.024868847161042887,0.007521433745577039,0.047015863119578755
3,V02→V01,V02,V01,full_vs_freeuv_conserved,freeuv_conserved,FreeUV（已观测纹理保持）,D2-061,0.054673139835991286,13.941650658177778,0.054673139835991286,0.044764029503246566,0.044578142052489333,0.06684355828506142,0.07778274291532411
3,V02→V01,V02,V01,full_vs_freeuv_conserved,freeuv_conserved,FreeUV（已观测纹理保持）,D2-062,0.029686529699850944,7.570065073461991,0.02790281146902729,-0.0011515235114428757,0.029686529699850944,0.03180727209481926,0.040650636895939146
3,V02→V01,V02,V01,full_vs_freeuv_conserved,freeuv_conserved,FreeUV（已观测纹理保持）,D2-063,-0.046658072735254574,-11.897808547489916,-0.022254662196605657,-0.06193231835197183,-0.046658072735254574,-0.024692418655523907,-0.04848185353554213
3,V02→V01,V02,V01,full_vs_freeuv_conserved,freeuv_conserved,FreeUV（已观测纹理保持）,D2-064,0.05311495844834768,13.54431440432866,0.004902535696434784,0.07454747214815977,0.05311495844834768,0.0520825869117687,0.11592716582460338
3,V02→V01,V02,V01,full_vs_freeuv_conserved,freeuv_conserved,FreeUV（已观测纹理保持）,D2-065,0.005358507421182768,1.3664193924016057,-0.0166291043310616,0.023379804779641078,0.01372002984457349,0.005358507421182768,-0.0021000628670056476
3,V02→V01,V02,V01,full_vs_freeuv_conserved,freeuv_conserved,FreeUV（已观测纹理保持）,D2-066,0.04107150790237246,10.473234515104977,0.022701315542377504,0.04562987158538173,0.04107150790237246,0.07113903382467845,0.03890764520124154
3,V02→V01,V02,V01,full_vs_freeuv_conserved,freeuv_conserved,FreeUV（已观测纹理保持）,D2-067,-0.12617715487651754,-32.175174493511975,-0.12617715487651754,-0.09812501806652907,-0.07551563548093493,-0.1453309743806268,-0.14392661907230364
3,V02→V01,V02,V01,full_vs_freeuv_conserved,freeuv_conserved,FreeUV（已观测纹理保持）,D2-068,-0.04790359623526613,-12.215417039992865,-0.06960090473701391,-0.04513850225939775,-0.04790359623526613,-0.05903044918073658,-0.00919821078741484
3,V02→V01,V02,V01,full_vs_freeuv_conserved,freeuv_conserved,FreeUV（已观测纹理保持）,D2-069,0.06952055899257009,17.727742543105375,0.07805762750407061,0.06952055899257009,0.06130188934956535,0.08020947901814274,0.06382097964259711
3,V02→V01,V02,V01,full_vs_freeuv_conserved,freeuv_conserved,FreeUV（已观测纹理保持）,D2-070,0.018939861799845692,4.829664758960652,-0.004723187803216122,0.04150429760982216,0.026442188628112206,0.018939861799845692,-0.04183732715085586
3,V02→V01,V02,V01,full_vs_freeuv_conserved,freeuv_conserved,FreeUV（已观测纹理保持）,D2-071,0.05131037191798293,13.084144839085647,-0.0016194112980976727,0.055244361026546895,0.04454301479153144,0.05131037191798293,0.06937235961548793
3,V02→V01,V02,V01,full_vs_freeuv_conserved,freeuv_conserved,FreeUV（已观测纹理保持）,D2-072,0.015029621278417504,3.8325534259964638,0.009134044335491337,0.015029621278417504,0.01615252876761314,0.04197929893759475,-0.0065720392198398425
3,V02→V01,V02,V01,full_vs_freeuv_conserved,freeuv_conserved,FreeUV（已观测纹理保持）,D2-073,-0.01685053534862216,-4.2968865138986505,-0.052155305335128826,-0.01685053534862216,-0.011542498797291162,0.006940295905665028,-0.0758139805614271
3,V02→V01,V02,V01,full_vs_freeuv_conserved,freeuv_conserved,FreeUV（已观测纹理保持）,D2-074,0.033311623777073585,8.494464063153764,0.018344754126013774,0.06169330098522385,0.044452049867893584,-0.012301630666100904,0.033311623777073585
3,V02→V01,V02,V01,full_vs_freeuv_conserved,freeuv_conserved,FreeUV（已观测纹理保持）,D2-075,0.07500906008431033,19.127310321499134,0.06454169202564106,0.09271633790598974,0.11771394528894341,0.07500906008431033,0.0666335000314264
3,V02→V01,V02,V01,full_vs_freeuv_conserved,freeuv_conserved,FreeUV（已观测纹理保持）,D2-076,0.028433824196839957,7.250625170194189,0.024032884759780715,0.02742093449983843,0.042107388606438284,0.028433824196839957,0.054388842445153476
3,V02→V01,V02,V01,full_vs_freeuv_conserved,freeuv_conserved,FreeUV（已观测纹理保持）,D2-077,-0.013281963173617684,-3.386900609272509,-0.01149184671194517,-0.017252571866378297,0.025811168502352044,-0.013281963173617684,-0.04061463303401952
3,V02→V01,V02,V01,full_vs_freeuv_conserved,freeuv_conserved,FreeUV（已观测纹理保持）,D2-078,0.03200966187498783,8.162463778121896,0.02501565541818057,0.034254273032825966,0.03249608519289526,0.0002094007689844024,0.03200966187498783
3,V02→V01,V02,V01,full_vs_freeuv_conserved,freeuv_conserved,FreeUV（已观测纹理保持）,D2-079,0.08389019856732044,21.39200063466671,0.08389019856732044,0.09410352599881,0.08124783655835524,0.11517924031922744,0.0837722308046761
3,V02→V01,V02,V01,full_vs_freeuv_conserved,freeuv_conserved,FreeUV（已观测纹理保持）,D2-080,-0.05317801738845873,-13.560394434056976,-0.0651634025244831,-0.04374372417124006,-0.042304537200310216,-0.06492893574004238,-0.05317801738845873
3,V02→V01,V02,V01,full_vs_freeuv_conserved,freeuv_conserved,FreeUV（已观测纹理保持）,D2-081,0.027277566651757956,6.955779496198279,-0.03061498695204401,0.017856385511083456,0.03632958058235988,0.027277566651757956,0.03372547629042566
3,V02→V01,V02,V01,full_vs_freeuv_conserved,freeuv_conserved,FreeUV（已观测纹理保持）,D2-082,-0.045176895570244874,-11.520108370412443,-0.04291570931673053,-0.04636378913513714,-0.049150991362628654,-0.045176895570244874,-0.02057509266914012
3,V02→V01,V02,V01,full_vs_freeuv_conserved,freeuv_conserved,FreeUV（已观测纹理保持）,D2-083,0.0004884042801001076,0.12454309142552744,-0.017844731226945534,0.012952883274127275,0.0004884042801001076,-0.02159176738216327,0.004805285674639226
3,V02→V01,V02,V01,full_vs_freeuv_conserved,freeuv_conserved,FreeUV（已观测纹理保持）,D2-084,0.07728887135844403,19.70866219640323,0.08533719398565892,0.07127095940636424,0.07728887135844403,0.07946044529174884,0.06970959159780321
3,V02→V01,V02,V01,full_vs_freeuv_conserved,freeuv_conserved,FreeUV（已观测纹理保持）,D2-085,-0.012592088058590856,-3.2109824549406683,-0.017619997312625202,0.023481356799602504,-0.023881099174419995,-0.012592088058590856,0.02597889453172686
3,V02→V01,V02,V01,full_vs_freeuv_conserved,freeuv_conserved,FreeUV（已观测纹理保持）,D2-086,0.14803140984365232,37.74800951013134,0.15033321647594372,0.14803140984365232,0.14059694007866913,0.1548294814510478,0.12693464856732772
3,V02→V01,V02,V01,full_vs_freeuv_conserved,freeuv_conserved,FreeUV（已观测纹理保持）,D2-087,0.0601145787197247,15.329217573529798,0.0601145787197247,0.06567163726216868,0.055785255016464946,0.057022352817288624,0.06119027086778692
3,V02→V01,V02,V01,full_vs_freeuv_conserved,freeuv_conserved,FreeUV（已观测纹理保持）,D2-088,-0.028921298211675966,-7.374931043977371,-0.03653328801537384,-0.028921298211675966,0.01237323978680302,-0.04097602310879478,-0.016467388933417454
3,V02→V01,V02,V01,full_vs_freeuv_conserved,freeuv_conserved,FreeUV（已观测纹理保持）,D2-089,0.03051628612872187,7.781652962824077,0.028356802304210893,0.048515671922725684,0.03505611377504636,0.03051628612872187,0.026025583815274728
3,V02→V01,V02,V01,full_vs_freeuv_conserved,freeuv_conserved,FreeUV（已观测纹理保持）,D2-090,0.048481770239218513,12.36285141100072,0.048481770239218513,0.05910202564188727,0.07374337666242578,0.03628960440372242,0.03857230324942021
3,V02→V01,V02,V01,full_vs_freeuv_conserved,freeuv_conserved,FreeUV（已观测纹理保持）,D2-091,0.07630850195738614,19.458667999133468,0.053184380572216194,0.09093341560048215,0.07630850195738614,0.036373736300304826,0.08798421740385831
3,V02→V01,V02,V01,full_vs_freeuv_conserved,freeuv_conserved,FreeUV（已观测纹理保持）,D2-092,-0.06488725724954941,-16.5462505986351,-0.06972681739649106,-0.028972113952618256,-0.0645089448364668,-0.07664858053127926,-0.06488725724954941
3,V02→V01,V02,V01,full_vs_freeuv_conserved,freeuv_conserved,FreeUV（已观测纹理保持）,D2-093,-0.005221032869519193,-1.3313633817273942,-0.03939005745040186,-0.005221032869519193,0.007033241166802179,0.00315188297018823,-0.006374947058416347
3,V02→V01,V02,V01,full_vs_freeuv_conserved,freeuv_conserved,FreeUV（已观测纹理保持）,D2-094,-0.12990844994783401,-33.126654736697674,-0.17900060938718992,-0.12847686797762525,-0.12578060640356475,-0.12990844994783401,-0.181791664316104
3,V02→V01,V02,V01,full_vs_freeuv_conserved,freeuv_conserved,FreeUV（已观测纹理保持）,D2-095,-0.028824556640714205,-7.350261943382122,-0.028824556640714205,-0.02480707099737478,-0.02182892609757986,-0.07359132205533703,-0.05945117518915766
3,V02→V01,V02,V01,full_vs_freeuv_conserved,freeuv_conserved,FreeUV（已观测纹理保持）,D2-096,0.1018297660136313,25.966590333475985,0.12082698317526866,0.1011463143778118,0.08081322036344896,0.11755219909052053,0.1018297660136313
3,V02→V01,V02,V01,full_vs_freeuv_conserved,freeuv_conserved,FreeUV（已观测纹理保持）,D2-097,0.030703256120447248,7.829330310714048,0.02101235873386506,0.030703256120447248,0.049672199321574836,0.04199365302513204,0.009847918494802987
3,V02→V01,V02,V01,full_vs_freeuv_conserved,freeuv_conserved,FreeUV（已观测纹理保持）,D2-098,0.057298313238118834,14.611069875720302,0.07115618427071656,0.03287578086581147,0.057298313238118834,0.05917141612684518,0.049272825712697546
3,V02→V01,V02,V01,full_vs_freeuv_conserved,freeuv_conserved,FreeUV（已观测纹理保持）,D2-099,0.0724143907427788,18.465669639408596,0.05220713675022126,0.0546985423564911,0.07624614655971529,0.0743101927638054,0.0724143907427788
3,V02→V01,V02,V01,full_vs_freeuv_conserved,freeuv_conserved,FreeUV（已观测纹理保持）,D2-100,0.0088937848051584,2.267915125315392,0.0088937848051584,-0.016580750496169305,0.03709284515040956,-0.019199415286576815,0.028643976903088342
4,V02→V03,V02,V03,full_vs_condition0,condition0,NoCond,D2-001,-0.0006825626672556095,-0.17405348015018043,-0.011908033086607844,-0.015255390045543521,0.007367917336523533,0.0004637996510913067,-0.0006825626672556095
4,V02→V03,V02,V03,full_vs_condition0,condition0,NoCond,D2-002,0.007842467962831695,1.9998293305220822,0.007842467962831695,-0.004004360811002,0.012135711323091936,0.021089946446211455,-0.0011899017229460296
4,V02→V03,V02,V03,full_vs_condition0,condition0,NoCond,D2-003,-0.029829226123789937,-7.606452661566434,-0.0432680973576175,-0.04057777165952654,-0.0018483472781048726,0.021469343194944993,-0.029829226123789937
4,V02→V03,V02,V03,full_vs_condition0,condition0,NoCond,D2-004,0.006831914211312962,1.7421381238848053,-0.07093789899100855,0.006831914211312962,0.010679548929134974,0.03535203136503695,-0.003170757914582878
4,V02→V03,V02,V03,full_vs_condition0,condition0,NoCond,D2-005,0.03389850193289695,8.644117992888722,-0.010590789460197647,0.044185000954678755,0.03372084690878788,0.03389850193289695,0.035862218278149754
4,V02→V03,V02,V03,full_vs_condition0,condition0,NoCond,D2-006,0.012499825270087611,3.187455443872341,-0.019056297783498405,0.013626194662517965,0.026356561757900104,0.012499825270087611,-0.012598084851547509
4,V02→V03,V02,V03,full_vs_condition0,condition0,NoCond,D2-007,0.01475107139330123,3.7615232052918133,-0.005707517234836451,0.01475107139330123,0.022033778926994235,0.01905234667319286,-0.00650099641348742
4,V02→V03,V02,V03,full_vs_condition0,condition0,NoCond,D2-008,0.01079975254005855,2.75393689771493,0.01079975254005855,-0.009440727283557215,0.03279282788435617,0.002936439977751837,0.01444112062454228
4,V02→V03,V02,V03,full_vs_condition0,condition0,NoCond,D2-009,-0.015254393219947815,-3.889870271086693,-0.041534498954812676,-0.01872000708762142,-0.006816321363051742,-0.015254393219947815,0.031989749314056515
4,V02→V03,V02,V03,full_vs_condition0,condition0,NoCond,D2-010,-0.019718918252766615,-5.028324154455487,-0.019718918252766615,-0.0014885034624154136,0.010638491409580897,-0.06092152211481966,-0.07338541097999585
4,V02→V03,V02,V03,full_vs_condition0,condition0,NoCond,D2-011,0.013264585447646832,3.382469289149942,0.015273255961281929,0.013264585447646832,0.02990771731708472,-0.0076183786623792715,-0.003502464607293476
4,V02→V03,V02,V03,full_vs_condition0,condition0,NoCond,D2-012,-0.008240802302246997,-2.101404587072984,-0.014320975866447483,-0.008240802302246997,0.05188226882292302,0.028628596339096035,-0.047266686550613946
4,V02→V03,V02,V03,full_vs_condition0,condition0,NoCond,D2-013,-0.004542192992042116,-1.1582592129707394,-0.009146952307691775,0.015330060147771635,0.003182433691679254,-0.004542192992042116,-0.021481242103903897
4,V02→V03,V02,V03,full_vs_condition0,condition0,NoCond,D2-014,0.014221165995091045,3.6263973287482165,0.015339433894929116,0.03329764468514401,0.0010366041015311689,0.014221165995091045,0.009461687202902802
4,V02→V03,V02,V03,full_vs_condition0,condition0,NoCond,D2-015,-0.00925965258130082,-2.3612114082317093,-0.021810084077957537,-0.013615555322922024,0.0023752544243056395,0.03827303221768086,-0.00925965258130082
4,V02→V03,V02,V03,full_vs_condition0,condition0,NoCond,D2-016,-0.0033589341951998086,-0.8565282197759512,-0.0033589341951998086,-0.008722824785966865,-0.005308883981990198,0.028288095978519695,0.006577413740136873
4,V02→V03,V02,V03,full_vs_condition0,condition0,NoCond,D2-017,0.009055989389681107,2.309277294368682,0.009055989389681107,-0.01713738101239823,0.016870516261973945,0.015289200100466166,0.0032942506606505884
4,V02→V03,V02,V03,full_vs_condition0,condition0,NoCond,D2-018,0.0015741571621165351,0.4014100763397165,-0.039801163832998004,0.009163493341435514,0.0015741571621165351,0.03519255407358127,-0.0012476286682926302
4,V02→V03,V02,V03,full_vs_condition0,condition0,NoCond,D2-019,0.013212993074723373,3.36931323405446,0.013212993074723373,0.00888440782219413,-0.03156625291680901,0.018656966647481538,0.02887099835930801
4,V02→V03,V02,V03,full_vs_condition0,condition0,NoCond,D2-020,-0.024278086890292372,-6.190912157024555,-0.024278086890292372,0.016993254029411597,-0.045766958133961144,0.006484434008598328,-0.05083483851295173
4,V02→V03,V02,V03,full_vs_condition0,condition0,NoCond,D2-021,0.039033913574157586,9.953647961410184,-0.021344643372755767,0.06257121184697523,0.006471883180813931,0.039033913574157586,0.08249238351216687
4,V02→V03,V02,V03,full_vs_condition0,condition0,NoCond,D2-022,-0.008826360775110065,-2.2507219976530664,-0.008826360775110065,0.0014917091108285485,-0.03969624953774306,0.024169397946351617,-0.015565656603146821
4,V02→V03,V02,V03,full_vs_condition0,condition0,NoCond,D2-023,0.009464326613354224,2.413403286405327,0.009464326613354224,0.02150101584833375,0.023600516547946815,-0.006091808091919393,-0.06334556475187997
4,V02→V03,V02,V03,full_vs_condition0,condition0,NoCond,D2-024,-0.0017906828451226264,-0.45662412550626974,-0.001974967695031943,-0.0025394975006231835,0.006268338327519385,0.04010604785984023,-0.0017906828451226264
4,V02→V03,V02,V03,full_vs_condition0,condition0,NoCond,D2-025,0.006513449206063782,1.6609295475462642,-0.0356468388632144,0.006513449206063782,-0.03441783369063789,0.02125067634669614,0.019485881560605434
4,V02→V03,V02,V03,full_vs_condition0,condition0,NoCond,D2-026,0.001953590619193618,0.4981656078943726,0.03339590298506501,-0.02037572717599276,0.001953590619193618,0.010215838287173012,-0.0004435262437594012
4,V02→V03,V02,V03,full_vs_condition0,condition0,NoCond,D2-027,-0.008115493506193117,-2.0694508440792445,-0.008115493506193117,0.010448060929775238,0.005841755960136669,-0.015125577741613022,-0.013663354981690634
4,V02→V03,V02,V03,full_vs_condition0,condition0,NoCond,D2-028,-0.016283175990204596,-4.152209877502172,-0.016283175990204596,0.05758184408221173,-0.02160464289287728,-0.018803106292205718,0.015848999496038074
4,V02→V03,V02,V03,full_vs_condition0,condition0,NoCond,D2-029,-0.007877108330527932,-2.008662624284623,-0.023199297560171944,0.02318702470511197,-0.007877108330527932,0.012306033902698077,-0.025090954763193923
4,V02→V03,V02,V03,full_vs_condition0,condition0,NoCond,D2-030,0.006538218654253913,1.6672457568347478,0.0005262918112909354,0.035218192355743805,0.006538218654253913,0.05828393314618102,-0.03948985575241781
4,V02→V03,V02,V03,full_vs_condition0,condition0,NoCond,D2-031,-3.60030808473355e-05,-0.009180785616070553,-0.03406881910140652,-0.045144330021249124,-3.60030808473355e-05,0.005270820889264727,0.021009394847979312
4,V02→V03,V02,V03,full_vs_condition0,condition0,NoCond,D2-032,0.00840544031333118,2.143387279899451,-0.012799237870563918,-0.019896531887983848,0.02073562945012991,0.04546190110051024,0.00840544031333118
4,V02→V03,V02,V03,full_vs_condition0,condition0,NoCond,D2-033,-0.008659275262757699,-2.208115192003213,0.028291854979188152,-0.012176809451458132,-0.012829423712735821,-0.002745754812194995,-0.008659275262757699
4,V02→V03,V02,V03,full_vs_condition0,condition0,NoCond,D2-034,0.001989472994191499,0.5073156135188323,0.001989472994191499,0.0027579389259976828,0.019352052171351553,-0.014535009503196167,-0.02467200887194798
4,V02→V03,V02,V03,full_vs_condition0,condition0,NoCond,D2-035,0.040299199018923065,10.276295749825382,-0.008820501348328985,0.04876971614384462,0.028460020908997186,0.040299199018923065,0.0819469719593014
4,V02→V03,V02,V03,full_vs_condition0,condition0,NoCond,D2-036,-0.028902992850444342,-7.370263176863308,-0.034164630874095714,-0.003572104040716506,-0.028902992850444342,-0.011988168551785028,-0.034117861523654286
4,V02→V03,V02,V03,full_vs_condition0,condition0,NoCond,D2-037,0.002307919326467789,0.5885194282492862,0.030540859326720238,0.002307919326467789,-0.0030448025639128184,0.004460457064535295,-0.0042775371381877925
4,V02→V03,V02,V03,full_vs_condition0,condition0,NoCond,D2-038,0.00994850975190495,2.5368699867357623,0.0011250633508601005,0.00994850975190495,-0.013731762978202056,0.09999549795761178,0.029828863046693438
4,V02→V03,V02,V03,full_vs_condition0,condition0,NoCond,D2-039,-0.019175405575804494,-4.889728421830146,-0.04084490981276176,-0.007324298018734188,-0.01582894256534098,-0.019175405575804494,-0.019809736202568762
4,V02→V03,V02,V03,full_vs_condition0,condition0,NoCond,D2-040,-0.01677527278661728,-4.277694560587406,-0.024127551871869324,-0.016134713672929346,-0.01677527278661728,-0.03362028900947833,0.02214460799263579
4,V02→V03,V02,V03,full_vs_condition0,condition0,NoCond,D2-041,0.021361615876724693,5.447212048564797,-0.037383860345056,-0.021910586566836726,0.021361615876724693,0.022734435160218947,0.0322855121375602
4,V02→V03,V02,V03,full_vs_condition0,condition0,NoCond,D2-042,-0.004156294061825688,-1.0598549857655506,-0.005425656781828964,0.006377850989660899,-0.021638947415522775,0.009595484679771782,-0.004156294061825688
4,V02→V03,V02,V03,full_vs_condition0,condition0,NoCond,D2-043,-0.005684544287976767,-1.4495587934340757,-0.025971984756844396,-0.032914311188967926,-0.005684544287976767,2.1616440443739116e-06,0.016974257438310547
4,V02→V03,V02,V03,full_vs_condition0,condition0,NoCond,D2-044,0.009328918572929196,2.378874236096945,0.004231099618805773,-0.04453476677752205,0.020890879258513434,0.014318983794914364,0.009328918572929196
4,V02→V03,V02,V03,full_vs_condition0,condition0,NoCond,D2-045,0.00017136042504189986,0.04369690838568446,0.011089141509911554,-0.017020966412511246,0.00017136042504189986,0.018842305847496382,-0.03080568985088067
4,V02→V03,V02,V03,full_vs_condition0,condition0,NoCond,D2-046,0.02810620841307515,7.167083145334163,-0.020936597950565516,0.027444131003740546,0.02810620841307515,0.0347794639901855,0.05035320898661244
4,V02→V03,V02,V03,full_vs_condition0,condition0,NoCond,D2-047,0.004015483732881228,1.0239483518847132,0.007067663702128954,0.004015483732881228,-0.0005540697482125517,0.015988045623633027,-0.03142168123981562
4,V02→V03,V02,V03,full_vs_condition0,condition0,NoCond,D2-048,-0.011187809897172801,-2.852891523779064,-0.011187809897172801,0.0018711625701851309,-0.012054401594731534,0.00410388360420863,-0.017565755587485105
4,V02→V03,V02,V03,full_vs_condition0,condition0,NoCond,D2-049,-0.02239092589823849,-5.709686104050815,-0.017503115982516804,-0.005702365242259644,-0.02239092589823849,-0.090234476146004,-0.07164781152362554
4,V02→V03,V02,V03,full_vs_condition0,condition0,NoCond,D2-050,0.008589375189241077,2.1902906732564746,0.014031430867351147,-0.004965327496145977,0.008589375189241077,0.03714336276652269,0.001166395854526825
4,V02→V03,V02,V03,full_vs_condition0,condition0,NoCond,D2-051,0.02393030548284264,6.102227898124873,-0.0017214664143084812,0.02393030548284264,0.02897207164148119,-0.0022612721199330443,0.04126838230194502
4,V02→V03,V02,V03,full_vs_condition0,condition0,NoCond,D2-052,0.015880783218326006,4.049599720673132,0.053579915546332346,-0.051739176295020395,0.015747289867563685,0.040670173925658054,0.015880783218326006
4,V02→V03,V02,V03,full_vs_condition0,condition0,NoCond,D2-053,0.008280325129076282,2.111482907914452,-0.005988370351217409,-0.0382961047468362,0.008280325129076282,0.01951314141904864,0.03271504888931909
4,V02→V03,V02,V03,full_vs_condition0,condition0,NoCond,D2-054,-0.0072306233147780286,-1.8438089452683972,-0.0072306233147780286,-0.025124612264335155,-0.00015483061886498173,0.017954034937752633,-0.03292422022463545
4,V02→V03,V02,V03,full_vs_condition0,condition0,NoCond,D2-055,0.010956218359114117,2.7938356815741,-0.03173151646537342,0.04158240145650405,0.010956218359114117,0.05133959308437916,-0.015995808716478016
4,V02→V03,V02,V03,full_vs_condition0,condition0,NoCond,D2-056,0.0011631833073103282,0.29661174336413365,0.015024595407757357,-0.0743948850523001,-0.04308346328589149,0.006983631952378722,0.0011631833073103282
4,V02→V03,V02,V03,full_vs_condition0,condition0,NoCond,D2-057,-0.03504556252543506,-8.93661844398594,-0.03827034293984374,-0.03504556252543506,0.012607288760288327,-0.061553391909304395,-0.013142686647673457
4,V02→V03,V02,V03,full_vs_condition0,condition0,NoCond,D2-058,0.005281605451363747,1.3468093900977554,0.0011417186089279219,-0.005725451886202382,0.005281605451363747,0.02246890581531441,0.05499962591505675
4,V02→V03,V02,V03,full_vs_condition0,condition0,NoCond,D2-059,-0.031051040657104956,-7.918015367561764,-0.03715155618165128,0.002746548703921714,0.002449479635043772,-0.031051040657104956,-0.11402877396152866
4,V02→V03,V02,V03,full_vs_condition0,condition0,NoCond,D2-060,0.04137848985325443,10.55151491257988,-0.0013187510963997562,0.00628755685410215,0.04137848985325443,0.052479876073006054,0.05966051647571918
4,V02→V03,V02,V03,full_vs_condition0,condition0,NoCond,D2-061,0.0021352704082216734,0.5444939540965267,0.008712837738650198,-0.0003403749257799016,0.0021352704082216734,0.01671142639621853,-0.01788843582783428
4,V02→V03,V02,V03,full_vs_condition0,condition0,NoCond,D2-062,-0.010988902219611685,-2.8021700660009796,-0.016139954922423844,-0.0485025768208763,0.003038705225386046,0.04979573056587708,-0.010988902219611685
4,V02→V03,V02,V03,full_vs_condition0,condition0,NoCond,D2-063,8.023534384038467e-05,0.02046001267929809,8.023534384038467e-05,0.025907799435986423,-0.011592986807227118,0.043330824416544705,-0.032793700736429954
4,V02→V03,V02,V03,full_vs_condition0,condition0,NoCond,D2-064,-0.015528515143238969,-3.959771361525937,-0.015926051938879304,-0.015528515143238969,0.040415461404600006,-0.01126318306162738,-0.0190876564685849
4,V02→V03,V02,V03,full_vs_condition0,condition0,NoCond,D2-065,-0.0007418355111170616,-0.1891680553348507,0.009678365628200541,-0.0007418355111170616,0.00961746620359244,-0.002879648331414769,-0.005849560101826981
4,V02→V03,V02,V03,full_vs_condition0,condition0,NoCond,D2-066,0.011057683214163172,2.819709219611609,-0.020636122960310727,0.011057683214163172,-0.010042893122404029,0.03585874484135554,0.019229869200633132
4,V02→V03,V02,V03,full_vs_condition0,condition0,NoCond,D2-067,-0.03609942142610195,-9.205352463655998,-0.0384403379978957,-0.03609942142610195,0.02274600361232404,-0.009370785510098484,-0.053394314536341914
4,V02→V03,V02,V03,full_vs_condition0,condition0,NoCond,D2-068,-0.017983556371073295,-4.585806874623691,-0.02511824030505372,-0.010674984842451718,-0.018384007290441373,-0.017983556371073295,0.032098122692683306
4,V02→V03,V02,V03,full_vs_condition0,condition0,NoCond,D2-069,-0.007339415987106884,-1.8715510767122554,-0.006730976937846689,-0.005606594072146837,-0.014342635644204682,-0.01749907490430455,-0.007339415987106884
4,V02→V03,V02,V03,full_vs_condition0,condition0,NoCond,D2-070,0.015958589718987545,4.069440378341824,0.015958589718987545,-0.007487394257138152,0.021660893472532444,0.04732962964723508,0.014320504913727453
4,V02→V03,V02,V03,full_vs_condition0,condition0,NoCond,D2-071,-0.00219063162803651,-0.5586110651493101,-0.00219063162803651,-0.023772968997557986,0.008070749292771018,0.05651750427981217,-0.012577095379432024
4,V02→V03,V02,V03,full_vs_condition0,condition0,NoCond,D2-072,0.022285052031899455,5.682688268134361,0.0011860375137378587,0.0066265588005383624,0.0333564861988028,0.05914292554371059,0.022285052031899455
4,V02→V03,V02,V03,full_vs_condition0,condition0,NoCond,D2-073,-0.019186399341408755,-4.892531832059232,-0.019186399341408755,-0.03846893961133524,0.010525173611111105,-0.013178771227792957,-0.0705294622704874
4,V02→V03,V02,V03,full_vs_condition0,condition0,NoCond,D2-074,-0.002445043154336801,-0.6234860043558843,-0.007010772465555759,0.020693015500351186,0.007832752306152269,-0.00947933660613165,-0.002445043154336801
4,V02→V03,V02,V03,full_vs_condition0,condition0,NoCond,D2-075,-0.01706830169854126,-4.352416933128022,-0.05274702463208175,-0.009072162392662786,-0.03297380351923346,-0.007508207627428237,-0.01706830169854126
4,V02→V03,V02,V03,full_vs_condition0,condition0,NoCond,D2-076,0.010744791454489089,2.739921820894718,0.010744791454489089,0.03345640284835166,0.03368976655996067,-0.006871337504506858,-0.07555009293481238
4,V02→V03,V02,V03,full_vs_condition0,condition0,NoCond,D2-077,-0.04404910219212377,-11.23252105899156,-0.04404910219212377,-0.0529778587975,-0.024788173536459623,-0.0006236632011438759,-0.08328879212862567
4,V02→V03,V02,V03,full_vs_condition0,condition0,NoCond,D2-078,-0.010233528816547127,-2.6095498482195176,-0.050251238716718466,-0.00535882079703176,-0.029348949113717465,-0.002393069589494645,-0.010233528816547127
4,V02→V03,V02,V03,full_vs_condition0,condition0,NoCond,D2-079,-0.021321157830348908,-5.436895246738971,-0.021321157830348908,-0.030350392279417632,-0.03207919584668201,0.015170964425888611,0.008249370408230927
4,V02→V03,V02,V03,full_vs_condition0,condition0,NoCond,D2-080,-0.004086995426388018,-1.0421838337289446,-0.004086995426388018,-0.026713006358061536,0.005139413405032378,-0.02899479589291984,0.031010053200381194
4,V02→V03,V02,V03,full_vs_condition0,condition0,NoCond,D2-081,-0.0032474308412660524,-0.8280948645228434,-0.05150772275886051,-0.0032474308412660524,0.015297552449973606,0.023087363207229872,-0.051852849346620045
4,V02→V03,V02,V03,full_vs_condition0,condition0,NoCond,D2-082,-0.03665768121880991,-9.347708710796528,-0.036989035487577704,-0.060545052611478856,-0.03665768121880991,-0.00654909824365163,-0.026416653045662875
4,V02→V03,V02,V03,full_vs_condition0,condition0,NoCond,D2-083,-0.02138903599518996,-5.454204178773439,-0.015696806288682502,-0.02138903599518996,0.026117925689770644,-0.02417474530446223,-0.05897734337128124
4,V02→V03,V02,V03,full_vs_condition0,condition0,NoCond,D2-084,-0.016447319238035524,-4.194066405699059,-0.016447319238035524,-0.03737211477447738,-0.029545485755210515,0.05450433110063141,0.015962556944237094
4,V02→V03,V02,V03,full_vs_condition0,condition0,NoCond,D2-085,-0.009398192763328539,-2.3965391546487775,0.00015732958912850759,-0.005025532593329746,-0.06035854525864123,-0.02208306339879834,-0.009398192763328539
4,V02→V03,V02,V03,full_vs_condition0,condition0,NoCond,D2-086,0.018134059559931803,4.62418518778261,-0.021479954558384196,0.027498342704189827,0.018134059559931803,0.03596029135034137,0.001201657969774561
4,V02→V03,V02,V03,full_vs_condition0,condition0,NoCond,D2-087,0.020192967568125053,5.149206729871889,-0.005361904913470855,0.020192967568125053,0.037090327590703964,0.03142289583172117,0.004296528867312854
4,V02→V03,V02,V03,full_vs_condition0,condition0,NoCond,D2-088,0.010027584930260985,2.557034157216551,0.014481246335939946,0.008997900603395503,0.07690678042444316,-0.024179878085851675,0.010027584930260985
4,V02→V03,V02,V03,full_vs_condition0,condition0,NoCond,D2-089,-0.0016353666782379234,-0.41701850295067044,-0.019616668739102103,0.013826063094717081,-0.0016353666782379234,0.015254160671523131,-0.004453754650823982
4,V02→V03,V02,V03,full_vs_condition0,condition0,NoCond,D2-090,-0.002724713224562858,-0.6948018722635287,-0.04566726824712186,-0.002724713224562858,0.021513950545340776,0.0014992180679525569,-0.005407214918661696
4,V02→V03,V02,V03,full_vs_condition0,condition0,NoCond,D2-091,-0.0010155292848746111,-0.25895996764302587,0.027503167962034558,-0.035422666991750396,-0.04916778691112994,-0.0010155292848746111,0.01506936624646188
4,V02→V03,V02,V03,full_vs_condition0,condition0,NoCond,D2-092,0.005131026818638751,1.3084118387528814,-0.048251183289620636,0.005131026818638751,0.02420513296411153,0.027716381504895193,-0.008314439612958135
4,V02→V03,V02,V03,full_vs_condition0,condition0,NoCond,D2-093,-0.023618182428834733,-6.022636519352857,-0.036498735283027606,-0.023618182428834733,-0.011659732496921427,-0.02225731840161116,-0.02562597965854302
4,V02→V03,V02,V03,full_vs_condition0,condition0,NoCond,D2-094,-0.003695294821775108,-0.9423001795526526,0.006056306503152337,0.018301505435218107,-0.02526751312837805,-0.003695294821775108,-0.0125431320680085
4,V02→V03,V02,V03,full_vs_condition0,condition0,NoCond,D2-095,-0.003929014184645224,-1.001898617084532,-0.003929014184645224,0.0025109518762855276,0.043318684257212164,-0.060538514384201575,-0.05424173114200431
4,V02→V03,V02,V03,full_vs_condition0,condition0,NoCond,D2-096,0.0025837684981525055,0.658860967028889,0.0025837684981525055,0.00033998812238378306,0.025082981089750933,0.009109645135079836,0.0016073351105054257
4,V02→V03,V02,V03,full_vs_condition0,condition0,NoCond,D2-097,0.02242309481498614,5.7178891778214656,0.003356926921588274,0.02242309481498614,0.02988227516116196,0.023350115068516322,-0.01657211439526496
4,V02→V03,V02,V03,full_vs_condition0,condition0,NoCond,D2-098,-0.0014792457222938538,-0.3772076591849327,-0.0015348626507653146,0.021758141616980226,0.003515113559034125,-0.039993022603017306,-0.0014792457222938538
4,V02→V03,V02,V03,full_vs_condition0,condition0,NoCond,D2-099,-0.0026802802458405495,-0.6834714626893401,-0.022423380778895496,0.003848905778593481,0.00618164468970564,-0.0026802802458405495,-0.005452413629326552
4,V02→V03,V02,V03,full_vs_condition0,condition0,NoCond,D2-100,0.012053427867817157,3.073624106293375,0.02205138100367604,0.012053427867817157,0.02777406300107639,0.006145482724814716,-0.01490301166971525
4,V02→V03,V02,V03,full_vs_b_lite_ft,b_lite_ft,B-lite 同任务微调,D2-001,0.014948636215801031,3.811902235029263,-0.016236219361113996,0.014948636215801031,0.019522903099035233,0.021400950422200055,0.009970892569981515
4,V02→V03,V02,V03,full_vs_b_lite_ft,b_lite_ft,B-lite 同任务微调,D2-002,0.07945524507026738,20.261087492918183,0.09100553679509438,0.06604429021261743,0.07945524507026738,0.08420718094145044,0.05731697564107782
4,V02→V03,V02,V03,full_vs_b_lite_ft,b_lite_ft,B-lite 同任务微调,D2-003,0.09854201475779217,25.128213763237003,0.07563954032957554,0.06740837854643664,0.12558688844243684,0.1320037489446501,0.09854201475779217
4,V02→V03,V02,V03,full_vs_b_lite_ft,b_lite_ft,B-lite 同任务微调,D2-004,0.0356251249710719,9.084406867623334,-0.0637469862028956,0.0356251249710719,0.06673750837643938,0.007917442743976877,0.059685007457931816
4,V02→V03,V02,V03,full_vs_b_lite_ft,b_lite_ft,B-lite 同任务微调,D2-005,-0.007459395427118848,-1.9021458339153061,-0.007459395427118848,-0.02110812961365338,0.011051745947312425,-0.015131223946809769,0.006300046453597358
4,V02→V03,V02,V03,full_vs_b_lite_ft,b_lite_ft,B-lite 同任务微调,D2-006,-0.014023186983885577,-3.575912680890822,-0.04429717969011379,-0.007072289453612435,-0.014023186983885577,-0.003076202449975196,-0.01865068486443272
4,V02→V03,V02,V03,full_vs_b_lite_ft,b_lite_ft,B-lite 同任务微调,D2-007,0.021995867260649227,5.6089461514655525,-0.026265760812955563,0.03675070044266274,0.025405906675234124,0.021995867260649227,0.006558470836671604
4,V02→V03,V02,V03,full_vs_b_lite_ft,b_lite_ft,B-lite 同任务微调,D2-008,-0.012831067608462476,-3.2719222401579313,-0.012831067608462476,-0.03365313357777061,0.010300129618909637,-0.012594837016529525,-0.023777060988876553
4,V02→V03,V02,V03,full_vs_b_lite_ft,b_lite_ft,B-lite 同任务微调,D2-009,0.07800898297379416,19.89229065831751,0.04743470065295696,0.07531161275174883,0.08748427602565953,0.07800898297379416,0.08628836232754922
4,V02→V03,V02,V03,full_vs_b_lite_ft,b_lite_ft,B-lite 同任务微调,D2-010,0.12115206430113412,30.8937763967892,0.06706656842696956,0.14398654192928378,0.12846937993677654,0.12115206430113412,0.04906481159169501
4,V02→V03,V02,V03,full_vs_b_lite_ft,b_lite_ft,B-lite 同任务微调,D2-011,-0.030339458683158918,-7.736561964205524,-0.03427397996767774,-0.023256535476549364,-0.019403321096004345,-0.030339458683158918,-0.060342352788943746
4,V02→V03,V02,V03,full_vs_b_lite_ft,b_lite_ft,B-lite 同任务微调,D2-012,0.02181574514731255,5.5630150125646995,0.008248232102313013,0.026276343635150412,0.023914036702136654,0.02181574514731255,-0.04395069090687498
4,V02→V03,V02,V03,full_vs_b_lite_ft,b_lite_ft,B-lite 同任务微调,D2-013,0.09655448385313445,24.621393382549286,0.0804694915811221,0.09655448385313445,0.10571319273873872,0.10263105321164226,0.06133628183720158
4,V02→V03,V02,V03,full_vs_b_lite_ft,b_lite_ft,B-lite 同任务微调,D2-014,-0.0406969497025301,-10.377722174145175,-0.0015142333968249932,-0.0406969497025301,-0.07195487085747834,-0.0976415849538241,0.002298298917242869
4,V02→V03,V02,V03,full_vs_b_lite_ft,b_lite_ft,B-lite 同任务微调,D2-015,-0.010072648122503941,-2.568525271238505,-0.03985545750673827,-0.02622702012996414,0.015602652352672441,0.0034365327105865817,-0.010072648122503941
4,V02→V03,V02,V03,full_vs_b_lite_ft,b_lite_ft,B-lite 同任务微调,D2-016,-0.07427078399590206,-18.939049918955025,-0.07659612415798464,-0.07427078399590206,-0.03749878388681843,-0.003943038387013098,-0.09413762796296463
4,V02→V03,V02,V03,full_vs_b_lite_ft,b_lite_ft,B-lite 同任务微调,D2-017,0.03296947081569376,8.40721505800191,0.02377235941305944,0.015085743119319261,0.043244676892390255,0.03296947081569376,0.0401970105803717
4,V02→V03,V02,V03,full_vs_b_lite_ft,b_lite_ft,B-lite 同任务微调,D2-018,-0.013276603500374018,-3.3855338925953746,-0.05511536721974773,-0.013276603500374018,-0.026935642493552847,-0.012719982145913966,0.016627135294708398
4,V02→V03,V02,V03,full_vs_b_lite_ft,b_lite_ft,B-lite 同任务微调,D2-019,-0.0006323453735530005,-0.16124807025601512,-0.018463653883313752,-0.0006323453735530005,-0.01015180119169437,0.027295635846572186,0.022387552673254568
4,V02→V03,V02,V03,full_vs_b_lite_ft,b_lite_ft,B-lite 同任务微调,D2-020,0.009155985422250712,2.3347762826739316,0.009155985422250712,0.04191709864066867,0.030347346774930894,0.0049837307959068045,-7.949560517217513e-05
4,V02→V03,V02,V03,full_vs_b_lite_ft,b_lite_ft,B-lite 同任务微调,D2-021,0.024997428288826617,6.3743442136507875,0.024997428288826617,-0.012723999145703435,0.04843780436576939,-0.03128436219233732,0.04221172619324465
4,V02→V03,V02,V03,full_vs_b_lite_ft,b_lite_ft,B-lite 同任务微调,D2-022,-0.057402463582081675,-14.637628213430828,-0.08185168833304675,-0.057402463582081675,-0.061074530180448144,-0.05553467624271527,-0.0328051344706462
4,V02→V03,V02,V03,full_vs_b_lite_ft,b_lite_ft,B-lite 同任务微调,D2-023,0.03836232048910371,9.782391724721446,-0.01574104583863195,0.06698396614512558,0.03836232048910371,0.04780967378953721,0.0037125323272351185
4,V02→V03,V02,V03,full_vs_b_lite_ft,b_lite_ft,B-lite 同任务微调,D2-024,0.006894948734351758,1.7582119272596983,-0.0036819827748320877,0.006894948734351758,0.00477093292607203,0.03219174014197457,0.02287944780978543
4,V02→V03,V02,V03,full_vs_b_lite_ft,b_lite_ft,B-lite 同任务微调,D2-025,0.0185081351242245,4.719574456677248,0.0185081351242245,0.02094616609961475,0.015143807892385674,-0.0057471378634101344,0.037337973110003586
4,V02→V03,V02,V03,full_vs_b_lite_ft,b_lite_ft,B-lite 同任务微调,D2-026,-0.007773861962523165,-1.9823348004434072,-0.007773861962523165,-0.012197804568851056,-0.0020607459848210052,-0.0037834193494360457,-0.025262038418128657
4,V02→V03,V02,V03,full_vs_b_lite_ft,b_lite_ft,B-lite 同任务微调,D2-027,-0.025397952646017102,-6.476477924734361,-0.03632973631223041,-0.025397952646017102,-0.021235179031888624,-0.010380929522216337,-0.0500316005821029
4,V02→V03,V02,V03,full_vs_b_lite_ft,b_lite_ft,B-lite 同任务微调,D2-028,0.004530328563323194,1.1552337836474145,-0.017210701106152693,0.05112112872302532,0.004530328563323194,0.042750081686558694,-0.042076343195695476
4,V02→V03,V02,V03,full_vs_b_lite_ft,b_lite_ft,B-lite 同任务微调,D2-029,0.01242648207892974,3.168752930127084,-0.028192156967189574,0.022937581294940584,0.01242648207892974,0.030220260139968647,-0.01605309666030935
4,V02→V03,V02,V03,full_vs_b_lite_ft,b_lite_ft,B-lite 同任务微调,D2-030,0.04691746872941066,11.963954525999718,-0.00938225372274426,0.050740912748391154,0.04691746872941066,0.019648001406013083,0.059905307655058415
4,V02→V03,V02,V03,full_vs_b_lite_ft,b_lite_ft,B-lite 同任务微调,D2-031,-0.005229355333602581,-1.3334856100686583,-0.01733517120315875,-0.03942527103165511,0.025184286745545792,-0.005229355333602581,0.04324377226094678
4,V02→V03,V02,V03,full_vs_b_lite_ft,b_lite_ft,B-lite 同任务微调,D2-032,-0.01208100501595244,-3.080656279067872,-0.015432686581786759,0.03851538079943362,-0.01208100501595244,0.021834437246039784,-0.020026007740847784
4,V02→V03,V02,V03,full_vs_b_lite_ft,b_lite_ft,B-lite 同任务微调,D2-033,-0.002930860035121441,-0.7473693089559674,-0.027222127688935754,-0.0064552688801830516,-0.0010631978088481708,0.00016636633539968138,-0.002930860035121441
4,V02→V03,V02,V03,full_vs_b_lite_ft,b_lite_ft,B-lite 同任务微调,D2-034,-0.024067422111997486,-6.137192638559359,-0.03463249803010353,-0.01956529366010326,-0.022824125816929802,-0.024067422111997486,-0.05864964884384877
4,V02→V03,V02,V03,full_vs_b_lite_ft,b_lite_ft,B-lite 同任务微调,D2-035,0.11479768600492252,29.27340993125524,0.09888059906070196,0.12040847451204345,0.07630000145189347,0.11479768600492252,0.13822460632830386
4,V02→V03,V02,V03,full_vs_b_lite_ft,b_lite_ft,B-lite 同任务微调,D2-036,-0.01093590954735954,-2.7886569345766827,-0.013494344336576147,-0.002374860737981682,0.007424483706798074,-0.01093590954735954,-0.016579791048511122
4,V02→V03,V02,V03,full_vs_b_lite_ft,b_lite_ft,B-lite 同任务微调,D2-037,0.0032169545521500975,0.8203234107982749,0.005814070529911813,0.012276864624109818,0.0032169545521500975,-0.0047751006305865595,-0.016027068348088563
4,V02→V03,V02,V03,full_vs_b_lite_ft,b_lite_ft,B-lite 同任务微调,D2-038,0.046360785498264,11.82200030205732,0.0548686777234923,0.010920954934248689,0.046360785498264,0.07602896208458756,0.04044372382316183
4,V02→V03,V02,V03,full_vs_b_lite_ft,b_lite_ft,B-lite 同任务微调,D2-039,0.0006142846185322737,0.1566425777257298,-0.03363752126965891,0.010428062346700129,-0.009649433671883784,0.0006142846185322737,0.02029311762416744
4,V02→V03,V02,V03,full_vs_b_lite_ft,b_lite_ft,B-lite 同任务微调,D2-040,-0.1526178504443831,-38.91755186331769,-0.20871076753569973,-0.15755966305732727,-0.1413037756250964,-0.15195277105602953,-0.1526178504443831
4,V02→V03,V02,V03,full_vs_b_lite_ft,b_lite_ft,B-lite 同任务微调,D2-041,-0.05580138737036858,-14.229353779443986,-0.07585344272723168,-0.042271707528903135,-0.03372303341273908,-0.07244025097217088,-0.05580138737036858
4,V02→V03,V02,V03,full_vs_b_lite_ft,b_lite_ft,B-lite 同任务微调,D2-042,0.020516464146234648,5.231698357289835,0.020516464146234648,0.02775562417069216,-0.0033444946024259736,0.01396632722268501,0.031369899326140954
4,V02→V03,V02,V03,full_vs_b_lite_ft,b_lite_ft,B-lite 同任务微调,D2-043,0.01643900165245646,4.191945421376397,-0.013136034787055995,0.008564230985939503,0.01643900165245646,0.018348144884738654,0.0277951718529775
4,V02→V03,V02,V03,full_vs_b_lite_ft,b_lite_ft,B-lite 同任务微调,D2-044,0.05394116578002772,13.754997273907069,0.04639992101324927,0.03982081160777143,0.06902465238753291,0.0542771369839708,0.05394116578002772
4,V02→V03,V02,V03,full_vs_b_lite_ft,b_lite_ft,B-lite 同任务微调,D2-045,0.050774238722504306,12.947430874238599,0.06195814242738784,0.0537358046562042,0.02172515321077792,0.050774238722504306,0.04766402128826147
4,V02→V03,V02,V03,full_vs_b_lite_ft,b_lite_ft,B-lite 同任务微调,D2-046,0.03800385612516832,9.690983311917922,0.017182655154894533,0.02383155566759604,0.07286094845487517,0.03800385612516832,0.07667457866363037
4,V02→V03,V02,V03,full_vs_b_lite_ft,b_lite_ft,B-lite 同任务微调,D2-047,-0.0069932347356245345,-1.7832748575842563,-0.0069932347356245345,0.012336515660943653,0.0037778259051599733,-0.008853163050980065,-0.02371797862666092
4,V02→V03,V02,V03,full_vs_b_lite_ft,b_lite_ft,B-lite 同任务微调,D2-048,0.02305873338547018,5.879977013294896,0.010796526990209998,0.005539010340968764,0.04040328810612362,0.03867758595281179,0.02305873338547018
4,V02→V03,V02,V03,full_vs_b_lite_ft,b_lite_ft,B-lite 同任务微调,D2-049,-0.08290847737184709,-21.141661729821006,-0.09837294597301122,-0.020077628743760456,-0.08290847737184709,-0.051386012752570986,-0.10078609122636734
4,V02→V03,V02,V03,full_vs_b_lite_ft,b_lite_ft,B-lite 同任务微调,D2-050,0.0006875155700577784,0.1753164703647335,0.0006875155700577784,0.008320948867886147,-0.010545937390423116,0.028392690728292064,-0.00798891014476985
4,V02→V03,V02,V03,full_vs_b_lite_ft,b_lite_ft,B-lite 同任务微调,D2-051,0.001595001564257681,0.40672539888570863,-0.003298693054850088,0.0025888747926571254,0.001595001564257681,-0.01304590729651628,0.03213901346388426
4,V02→V03,V02,V03,full_vs_b_lite_ft,b_lite_ft,B-lite 同任务微调,D2-052,0.013412887670777057,3.4202863560481496,0.007050153234917117,-0.036327685427033574,0.013412887670777057,0.020918694731186738,0.03878705376251179
4,V02→V03,V02,V03,full_vs_b_lite_ft,b_lite_ft,B-lite 同任务微调,D2-053,-0.04481568927014315,-11.428000763886503,-0.04481568927014315,-0.05704190148799507,-0.032850583697910676,-0.04599671965395964,-0.033445141492066566
4,V02→V03,V02,V03,full_vs_b_lite_ft,b_lite_ft,B-lite 同任务微调,D2-054,0.020964705799188882,5.345999978793165,0.020964705799188882,0.005944159347563982,0.01511643211253813,0.02342751642896071,0.025524305800596864
4,V02→V03,V02,V03,full_vs_b_lite_ft,b_lite_ft,B-lite 同任务微调,D2-055,-0.058037433130987776,-14.799545448401883,-0.0911474327246348,-0.058037433130987776,-0.049466575185457884,-0.018448911864182044,-0.08018113450072278
4,V02→V03,V02,V03,full_vs_b_lite_ft,b_lite_ft,B-lite 同任务微调,D2-056,0.012663601235773592,3.229218315122266,0.013871451113490196,-0.033902693785867605,-0.028721755686795913,0.031345348283882773,0.012663601235773592
4,V02→V03,V02,V03,full_vs_b_lite_ft,b_lite_ft,B-lite 同任务微调,D2-057,0.020251054666005047,5.164018939831287,0.020251054666005047,0.02963942347560075,0.04548674678274742,0.008284090203233063,0.019524008569230034
4,V02→V03,V02,V03,full_vs_b_lite_ft,b_lite_ft,B-lite 同任务微调,D2-058,0.04325848465051613,11.030913585881612,0.000961210498046039,0.05453910433497777,0.04325848465051613,0.03306357062611226,0.09421545571901585
4,V02→V03,V02,V03,full_vs_b_lite_ft,b_lite_ft,B-lite 同任务微调,D2-059,0.06538822253545123,16.673996746540066,-0.020997647796907715,0.06538822253545123,0.07599807122061325,0.06924080159715429,-0.010676384613078127
4,V02→V03,V02,V03,full_vs_b_lite_ft,b_lite_ft,B-lite 同任务微调,D2-060,0.04648578667738398,11.853875602732916,0.032854930502795116,-0.03701647688619425,0.04648578667738398,0.05594019396383254,0.06766706065890568
4,V02→V03,V02,V03,full_vs_b_lite_ft,b_lite_ft,B-lite 同任务微调,D2-061,-0.024695531598159237,-6.297360557530605,-0.031030360195371837,-0.031086459755897522,-0.024695531598159237,-0.006306521831050765,0.0064302105752248595
4,V02→V03,V02,V03,full_vs_b_lite_ft,b_lite_ft,B-lite 同任务微调,D2-062,-0.03436318423221077,-8.762611979213746,-0.05316795279150424,-0.0734130915362334,-0.03436318423221077,-0.002572727443623357,-0.018861322515252715
4,V02→V03,V02,V03,full_vs_b_lite_ft,b_lite_ft,B-lite 同任务微调,D2-063,0.03431838020268416,8.75118695168446,0.045212665448586126,0.03730579358008171,0.03245576367610031,0.03431838020268416,0.010094212368130656
4,V02→V03,V02,V03,full_vs_b_lite_ft,b_lite_ft,B-lite 同任务微调,D2-064,-0.02855482549015162,-7.281480499988663,-0.04099242518777432,-0.028703511787065566,-0.00280550181649733,-0.02223675797922889,-0.02855482549015162
4,V02→V03,V02,V03,full_vs_b_lite_ft,b_lite_ft,B-lite 同任务微调,D2-065,-0.022898585156158155,-5.83913921482033,-0.03477711979023837,-0.0250103910005203,-0.004913695191067685,-0.022898585156158155,-0.011835603664318711
4,V02→V03,V02,V03,full_vs_b_lite_ft,b_lite_ft,B-lite 同任务微调,D2-066,0.016367301497703962,4.17366188191451,0.0083924665665015,0.009752702789428913,0.016367301497703962,0.04534552441193507,0.03303859455463212
4,V02→V03,V02,V03,full_vs_b_lite_ft,b_lite_ft,B-lite 同任务微调,D2-067,0.010265702671474891,2.6177541812260974,-0.03659223152531518,0.010265702671474891,0.04308389187962919,0.02133591208193039,-0.021176540630835072
4,V02→V03,V02,V03,full_vs_b_lite_ft,b_lite_ft,B-lite 同任务微调,D2-068,-0.026632413088360396,-6.791265337531901,-0.026632413088360396,-0.03400644003985481,-0.026406433139192442,-0.03318469493775167,0.02393161489666379
4,V02→V03,V02,V03,full_vs_b_lite_ft,b_lite_ft,B-lite 同任务微调,D2-069,-0.02442139624194664,-6.227456041696393,-0.0277014464478601,-0.01707172726817202,-0.021154223179275344,-0.05252300976126484,-0.02442139624194664
4,V02→V03,V02,V03,full_vs_b_lite_ft,b_lite_ft,B-lite 同任务微调,D2-070,0.005851263770212736,1.4920722614042476,0.010926667042076593,-0.0034286949473122663,0.010216121530781191,0.002334191712240391,0.005851263770212736
4,V02→V03,V02,V03,full_vs_b_lite_ft,b_lite_ft,B-lite 同任务微调,D2-071,0.02450695733229319,6.249274119734763,-0.012490581944584855,0.020271598175167993,0.02642400617400803,0.02450695733229319,0.053550839448968546
4,V02→V03,V02,V03,full_vs_b_lite_ft,b_lite_ft,B-lite 同任务微调,D2-072,-0.008618705983584135,-2.1977700258139543,0.02857037486198047,-0.024717052234336734,-0.005581206642091274,-0.06358557528195283,-0.008618705983584135
4,V02→V03,V02,V03,full_vs_b_lite_ft,b_lite_ft,B-lite 同任务微调,D2-073,0.017265113058433035,4.402603829900424,-0.012630940749754294,0.017265113058433035,0.057371092485446556,0.08604493211297431,-0.010635654228964675
4,V02→V03,V02,V03,full_vs_b_lite_ft,b_lite_ft,B-lite 同任务微调,D2-074,-0.05242837510175177,-13.369235650946703,-0.05242837510175177,-0.045543753466120496,-0.05461947457106023,-0.12176560359420599,-0.04914049978057547
4,V02→V03,V02,V03,full_vs_b_lite_ft,b_lite_ft,B-lite 同任务微调,D2-075,-0.04856342519444176,-12.38367342458265,-0.08860538051864965,-0.021558810540331097,-0.04629442029125322,-0.04856342519444176,-0.05036851188273933
4,V02→V03,V02,V03,full_vs_b_lite_ft,b_lite_ft,B-lite 同任务微调,D2-076,0.06002749418312647,15.30701101669725,0.004451139824195427,0.08570221553808488,0.08347080591714603,0.06002749418312647,0.022098234239614267
4,V02→V03,V02,V03,full_vs_b_lite_ft,b_lite_ft,B-lite 同任务微调,D2-077,0.04833096684071053,12.324396544381186,0.013312773092796937,0.04833096684071053,0.08431527096974223,0.065120857699137,0.013348192434039063
4,V02→V03,V02,V03,full_vs_b_lite_ft,b_lite_ft,B-lite 同任务微调,D2-078,-0.025227936064330964,-6.433123696404396,-0.060373713668340295,-0.016872186532132627,-0.025227936064330964,-0.04517181466023126,-0.019511526848515898
4,V02→V03,V02,V03,full_vs_b_lite_ft,b_lite_ft,B-lite 同任务微调,D2-079,0.04468678831514242,11.395131020361317,0.02453791876525982,0.03933996817879917,0.04468678831514242,0.07179134627939135,0.07053152647247349
4,V02→V03,V02,V03,full_vs_b_lite_ft,b_lite_ft,B-lite 同任务微调,D2-080,-0.01283749741102963,-3.273561839812556,-0.03664020583743141,0.0023214472546463916,-0.017134371541795257,-0.01149994189895337,-0.01283749741102963
4,V02→V03,V02,V03,full_vs_b_lite_ft,b_lite_ft,B-lite 同任务微调,D2-081,-0.07296826669739354,-18.60690800783535,-0.09911092839859154,-0.07664149546029947,-0.0723411387556957,-0.07296826669739354,-0.02633319967598824
4,V02→V03,V02,V03,full_vs_b_lite_ft,b_lite_ft,B-lite 同任务微调,D2-082,-0.019649602774832686,-5.010648707582335,-0.026990917553235794,0.0024412049332985797,-0.019649602774832686,-0.031144490146690684,0.027647507502823243
4,V02→V03,V02,V03,full_vs_b_lite_ft,b_lite_ft,B-lite 同任务微调,D2-083,0.008298681714595885,2.1161638372219507,-0.022040363496694804,0.015885824805650955,0.0171361273679978,0.008298681714595885,-0.001747151750784659
4,V02→V03,V02,V03,full_vs_b_lite_ft,b_lite_ft,B-lite 同任务微调,D2-084,0.005697415352941632,1.452840915000116,0.005697415352941632,-0.007865555097793686,-0.0036826125673345422,0.0482981104135245,0.008560366710429784
4,V02→V03,V02,V03,full_vs_b_lite_ft,b_lite_ft,B-lite 同任务微调,D2-085,-0.10838043488562107,-27.637010895833374,-0.11799842183788617,-0.07874276757240298,-0.12246748832364876,-0.10838043488562107,-0.08758480389912923
4,V02→V03,V02,V03,full_vs_b_lite_ft,b_lite_ft,B-lite 同任务微调,D2-086,0.03341121909519035,8.519860869273538,-0.023261872376652726,0.05066546344913647,0.03341121909519035,0.02331553862524635,0.05829938536212928
4,V02→V03,V02,V03,full_vs_b_lite_ft,b_lite_ft,B-lite 同任务微调,D2-087,0.09783475061967262,24.947861408016518,0.07918981317253337,0.10837066416584312,0.09783475061967262,0.12159202382678078,0.0908590845941078
4,V02→V03,V02,V03,full_vs_b_lite_ft,b_lite_ft,B-lite 同任务微调,D2-088,-0.01788012118953647,-4.5594309033317995,-0.04749738957845803,-0.01788012118953647,0.015193839596979536,-0.03411968950972413,0.0004821717287554761
4,V02→V03,V02,V03,full_vs_b_lite_ft,b_lite_ft,B-lite 同任务微调,D2-089,-0.005488181069041753,-1.3994861726056471,-0.005488181069041753,0.004588754655736868,-0.019330257628903252,-0.0021111078334577066,-0.019742190341154736
4,V02→V03,V02,V03,full_vs_b_lite_ft,b_lite_ft,B-lite 同任务微调,D2-090,-0.033333361060136846,-8.500007070334895,-0.050082083902366126,-0.025158028051789322,-0.02098632384357707,-0.033333361060136846,-0.035197693366734756
4,V02→V03,V02,V03,full_vs_b_lite_ft,b_lite_ft,B-lite 同任务微调,D2-091,-0.02885244919194116,-7.357374543944996,-0.021831134127245994,-0.02885244919194116,-0.039877171938618006,-0.030748150911596106,-0.009609587035245365
4,V02→V03,V02,V03,full_vs_b_lite_ft,b_lite_ft,B-lite 同任务微调,D2-092,-0.08302191009242382,-21.170587073568075,-0.08081434303451152,-0.08302191009242382,-0.06930590923579913,-0.10302225015466177,-0.12577027623497303
4,V02→V03,V02,V03,full_vs_b_lite_ft,b_lite_ft,B-lite 同任务微调,D2-093,-0.027822393531862055,-7.094710350624824,-0.1068283341694296,0.004740255933843196,0.013746602918233763,-0.03099308473368484,-0.027822393531862055
4,V02→V03,V02,V03,full_vs_b_lite_ft,b_lite_ft,B-lite 同任务微调,D2-094,-0.05116634739823238,-13.047418586549256,-0.07554323410475125,-0.05116634739823238,-0.05083360150456427,-0.06466290530978994,-0.0451689152627863
4,V02→V03,V02,V03,full_vs_b_lite_ft,b_lite_ft,B-lite 同任务微调,D2-095,-0.026128583853798265,-6.662788882718558,-0.02413264395935194,-0.026128583853798265,-0.004189640194887212,-0.056580947800761144,-0.042855417799381956
4,V02→V03,V02,V03,full_vs_b_lite_ft,b_lite_ft,B-lite 同任务微调,D2-096,-0.018193812916676183,-4.6394222937524265,-0.024115888766633953,-0.018193812916676183,-0.03750052551428476,-0.009028695508216805,-0.007191620146234812
4,V02→V03,V02,V03,full_vs_b_lite_ft,b_lite_ft,B-lite 同任务微调,D2-097,-0.014030047724792619,-3.577662169822118,0.002272510780623904,-0.01741494549744166,0.003403356604611704,-0.01549503537108056,-0.014030047724792619
4,V02→V03,V02,V03,full_vs_b_lite_ft,b_lite_ft,B-lite 同任务微调,D2-098,-0.015012289362925077,-3.8281337875458945,-0.012556900580724076,-0.04102925652707065,-0.015012289362925077,-0.014055249867615874,-0.015856587914405043
4,V02→V03,V02,V03,full_vs_b_lite_ft,b_lite_ft,B-lite 同任务微调,D2-099,0.05799591065280968,14.788957216466468,0.0020686706735028038,0.03431772068142891,0.09225484294195971,0.09002067842003372,0.05799591065280968
4,V02→V03,V02,V03,full_vs_b_lite_ft,b_lite_ft,B-lite 同任务微调,D2-100,-0.040548871491443025,-10.33996223031797,-0.009728187486303566,-0.05384790922204653,-0.03956889321632458,-0.040548871491443025,-0.05537060484515899
4,V02→V03,V02,V03,full_vs_freeuv_conserved,freeuv_conserved,FreeUV（已观测纹理保持）,D2-001,0.0592328057391569,15.10436546348501,0.04901268577668816,0.06895964068826288,0.07806715505042425,0.05503835156559944,0.0592328057391569
4,V02→V03,V02,V03,full_vs_freeuv_conserved,freeuv_conserved,FreeUV（已观测纹理保持）,D2-002,0.2552908355559128,65.09916306675777,0.26352995353332465,0.25178164589232294,0.2552908355559128,0.2619711906797644,0.24201271974522134
4,V02→V03,V02,V03,full_vs_freeuv_conserved,freeuv_conserved,FreeUV（已观测纹理保持）,D2-003,0.20103506174766356,51.26394074565421,0.1942826315967573,0.1984483420641886,0.21102227032598522,0.236766221260445,0.20103506174766356
4,V02→V03,V02,V03,full_vs_freeuv_conserved,freeuv_conserved,FreeUV（已观测纹理保持）,D2-004,0.030860524872938833,7.869433842599403,-0.06209081956495838,0.030860524872938833,0.04403534258405367,-0.0024096202105283737,0.04464391169448695
4,V02→V03,V02,V03,full_vs_freeuv_conserved,freeuv_conserved,FreeUV（已观测纹理保持）,D2-005,0.14246317244100348,36.32810897245589,0.12302503379544724,0.14246317244100348,0.1460990289709082,0.13344712514016363,0.15565612888032637
4,V02→V03,V02,V03,full_vs_freeuv_conserved,freeuv_conserved,FreeUV（已观测纹理保持）,D2-006,0.06192919827169843,15.7919455592831,0.033028187630353145,0.0658574128040561,0.06192919827169843,0.06688916445882231,0.053152370176933444
4,V02→V03,V02,V03,full_vs_freeuv_conserved,freeuv_conserved,FreeUV（已观测纹理保持）,D2-007,0.09017733016094576,22.99521919104117,0.07596579928124,0.09280081182120972,0.09594143666169813,0.09017733016094576,0.08382057486581398
4,V02→V03,V02,V03,full_vs_freeuv_conserved,freeuv_conserved,FreeUV（已观测纹理保持）,D2-008,-0.013908192084895243,-3.546588981648287,-0.007135306795438168,-0.021459545029534233,0.01627657400237187,-0.024025957567824274,-0.013908192084895243
4,V02→V03,V02,V03,full_vs_freeuv_conserved,freeuv_conserved,FreeUV（已观测纹理保持）,D2-009,0.13999814716064266,35.69952752596388,0.09875966442955864,0.1109292786568403,0.13999814716064266,0.14032943205287057,0.14837576469613445
4,V02→V03,V02,V03,full_vs_freeuv_conserved,freeuv_conserved,FreeUV（已观测纹理保持）,D2-010,0.11948891492878516,30.469673306840217,0.11598944106722264,0.14765178733240297,0.14554115851235583,0.11948891492878516,0.07808467133985303
4,V02→V03,V02,V03,full_vs_freeuv_conserved,freeuv_conserved,FreeUV（已观测纹理保持）,D2-011,0.008483586566788798,2.1633145745311433,0.01214243189403505,0.008483586566788798,-0.00977764668918793,0.012259221260810832,-0.02062490798565217
4,V02→V03,V02,V03,full_vs_freeuv_conserved,freeuv_conserved,FreeUV（已观测纹理保持）,D2-012,0.08417018736098092,21.463397777050133,0.08417018736098092,0.07750136861387569,0.09575008925329265,0.10948729124807177,0.025865608382792726
4,V02→V03,V02,V03,full_vs_freeuv_conserved,freeuv_conserved,FreeUV（已观测纹理保持）,D2-013,0.052205300506423497,13.312351629137991,0.04557438939809799,0.07751859344688117,0.06449183412626677,0.052205300506423497,0.04222039410880968
4,V02→V03,V02,V03,full_vs_freeuv_conserved,freeuv_conserved,FreeUV（已观测纹理保持）,D2-014,0.10532851578388813,26.858771524891473,0.12313264410420893,0.10532851578388813,0.06192733559775468,0.047536174276312765,0.13497108652971793
4,V02→V03,V02,V03,full_vs_freeuv_conserved,freeuv_conserved,FreeUV（已观测纹理保持）,D2-015,-0.007603692176105736,-1.9389415049069627,-0.03358268804915318,-0.02327703322107727,0.004933767691925828,-0.006055171626645178,-0.007603692176105736
4,V02→V03,V02,V03,full_vs_freeuv_conserved,freeuv_conserved,FreeUV（已观测纹理保持）,D2-016,0.013817290260085824,3.523409016321885,0.013817290260085824,-0.019369351014518976,0.02593937938170915,0.05626751273918695,0.0020425823731137216
4,V02→V03,V02,V03,full_vs_freeuv_conserved,freeuv_conserved,FreeUV（已观测纹理保持）,D2-017,0.06229496162526216,15.88521521444185,0.06229496162526216,0.04553929821662761,0.06080392408597318,0.06873976829057002,0.06903176990490925
4,V02→V03,V02,V03,full_vs_freeuv_conserved,freeuv_conserved,FreeUV（已观测纹理保持）,D2-018,-0.0074342004751246915,-1.8957211211567964,-0.04857644613811876,-0.0074342004751246915,-0.02380363402959426,0.000586026638257714,0.007845719003937948
4,V02→V03,V02,V03,full_vs_freeuv_conserved,freeuv_conserved,FreeUV（已观测纹理保持）,D2-019,-0.005774518580940663,-1.4725022381398691,-0.016098257366234686,-0.00690920875082171,-0.005774518580940663,0.0014020047052119844,0.033275029281290586
4,V02→V03,V02,V03,full_vs_freeuv_conserved,freeuv_conserved,FreeUV（已观测纹理保持）,D2-020,-0.06733436034462315,-17.1702618878789,-0.08290323896742446,-0.009226984700294039,-0.06020544087741431,-0.06733436034462315,-0.08224006914874399
4,V02→V03,V02,V03,full_vs_freeuv_conserved,freeuv_conserved,FreeUV（已观测纹理保持）,D2-021,0.177462816123779,45.25301811156365,0.16189006700729713,0.177462816123779,0.20189803215937735,0.15626396391636282,0.23285222710707248
4,V02→V03,V02,V03,full_vs_freeuv_conserved,freeuv_conserved,FreeUV（已观测纹理保持）,D2-022,0.022846737351173013,5.825918024549118,0.010012938903692425,0.02423091137256378,0.012377140613702625,0.022846737351173013,0.0452954841729922
4,V02→V03,V02,V03,full_vs_freeuv_conserved,freeuv_conserved,FreeUV（已观测纹理保持）,D2-023,-0.05992913991212845,-15.281930677592754,-0.07845775014574424,-0.027418362550765463,-0.026570254995388065,-0.05992913991212845,-0.07535029483853645
4,V02→V03,V02,V03,full_vs_freeuv_conserved,freeuv_conserved,FreeUV（已观测纹理保持）,D2-024,0.0668104494654993,17.03666461370232,0.04712175344775993,0.06642803344984502,0.0668104494654993,0.07553146884106754,0.0690196612904295
4,V02→V03,V02,V03,full_vs_freeuv_conserved,freeuv_conserved,FreeUV（已观测纹理保持）,D2-025,-0.06974820027204409,-17.785791069371243,-0.08098470659492768,-0.038180367808499815,-0.06974820027204409,-0.0873879654392532,-0.03295545715447429
4,V02→V03,V02,V03,full_vs_freeuv_conserved,freeuv_conserved,FreeUV（已观测纹理保持）,D2-026,0.03826435697449129,9.75741102849528,0.05704285444344506,0.03031172174013269,0.03826435697449129,0.04393642071613485,0.02945219624345588
4,V02→V03,V02,V03,full_vs_freeuv_conserved,freeuv_conserved,FreeUV（已观测纹理保持）,D2-027,-0.004187807316581416,-1.0678908657282609,-0.009481617746253779,-0.004187807316581416,0.015719805906216328,-0.002693868925174092,-0.017835626875360777
4,V02→V03,V02,V03,full_vs_freeuv_conserved,freeuv_conserved,FreeUV（已观测纹理保持）,D2-028,-0.0067126864074345816,-1.7117350338958184,-0.0067126864074345816,0.008405202232739495,-0.022411678643787625,-0.0033319842837312708,-0.05998947230332036
4,V02→V03,V02,V03,full_vs_freeuv_conserved,freeuv_conserved,FreeUV（已观测纹理保持）,D2-029,0.09462019478281339,24.128149669617414,0.08390127685334947,0.10139140004499089,0.09462019478281339,0.1119311375543475,0.08544553272012206
4,V02→V03,V02,V03,full_vs_freeuv_conserved,freeuv_conserved,FreeUV（已观测纹理保持）,D2-030,0.027160939422673502,6.926039552781743,-0.045965749816055945,0.0586249130303223,0.03483379284358201,0.013307370674595531,0.027160939422673502
4,V02→V03,V02,V03,full_vs_freeuv_conserved,freeuv_conserved,FreeUV（已观测纹理保持）,D2-031,-0.0443554231429209,-11.31063290144483,-0.051359440102220655,-0.06980321044314941,-0.020608265433443462,-0.0443554231429209,0.0057569305714407215
4,V02→V03,V02,V03,full_vs_freeuv_conserved,freeuv_conserved,FreeUV（已观测纹理保持）,D2-032,-0.026316140604726312,-6.7106158542052095,-0.0218388678790149,-0.026316140604726312,-0.03388886071615299,0.0015936324025614956,-0.06460006701323268
4,V02→V03,V02,V03,full_vs_freeuv_conserved,freeuv_conserved,FreeUV（已观测纹理保持）,D2-033,0.006095788907259703,1.5544261713512242,-0.0066833866717802,0.012951367450031365,0.006095788907259703,0.002375596463962487,0.011365380561487226
4,V02→V03,V02,V03,full_vs_freeuv_conserved,freeuv_conserved,FreeUV（已观测纹理保持）,D2-034,0.09401309220804333,23.973338513051047,0.09401309220804333,0.10503583494047661,0.09675385981882359,0.09328610974095636,0.07435392343181338
4,V02→V03,V02,V03,full_vs_freeuv_conserved,freeuv_conserved,FreeUV（已观测纹理保持）,D2-035,0.24959453340205878,63.64660601752499,0.24959453340205878,0.2444490577197737,0.21867333473785527,0.2583329158997725,0.278090251905341
4,V02→V03,V02,V03,full_vs_freeuv_conserved,freeuv_conserved,FreeUV（已观测纹理保持）,D2-036,0.030446178600436385,7.7637755431112785,0.014927618470185477,0.03634452606078056,0.03890000027222715,0.030446178600436385,0.011728284178210119
4,V02→V03,V02,V03,full_vs_freeuv_conserved,freeuv_conserved,FreeUV（已观测纹理保持）,D2-037,-0.026183754786093166,-6.676857470453758,-0.03606423952927193,-0.026183754786093166,-0.023652941828755575,-0.03421130294547134,-0.025226843307145697
4,V02→V03,V02,V03,full_vs_freeuv_conserved,freeuv_conserved,FreeUV（已观测纹理保持）,D2-038,0.01900719370402343,4.846834394525974,0.015328078299549436,0.01900719370402343,-0.010515032877736058,0.06034489023558637,0.021130865347300853
4,V02→V03,V02,V03,full_vs_freeuv_conserved,freeuv_conserved,FreeUV（已观测纹理保持）,D2-039,-0.043392276348860837,-11.065030468959513,-0.04873835764927406,-0.01736246825081028,-0.043392276348860837,-0.0479834351229341,-0.03126184414374775
4,V02→V03,V02,V03,full_vs_freeuv_conserved,freeuv_conserved,FreeUV（已观测纹理保持）,D2-040,-0.1577386829174227,-40.22336414394279,-0.17450038716197014,-0.14979659414125812,-0.1577386829174227,-0.15717883615030181,-0.1584328967663977
4,V02→V03,V02,V03,full_vs_freeuv_conserved,freeuv_conserved,FreeUV（已观测纹理保持）,D2-041,0.09634588318474496,24.568200212109964,0.06113907664922283,0.0973009372382988,0.12224432375328037,0.08308840294679004,0.09634588318474496
4,V02→V03,V02,V03,full_vs_freeuv_conserved,freeuv_conserved,FreeUV（已观测纹理保持）,D2-042,0.008859858884873367,2.259264015642709,0.010334340368120476,0.009308738867655458,0.008859858884873367,-0.0064664342904657,0.008169143981430482
4,V02→V03,V02,V03,full_vs_freeuv_conserved,freeuv_conserved,FreeUV（已观测纹理保持）,D2-043,-0.00495814876483075,-1.2643279350318413,-0.016117623282803445,-0.005091249247983348,-0.00495814876483075,0.0030482139231430005,0.01850003731392677
4,V02→V03,V02,V03,full_vs_freeuv_conserved,freeuv_conserved,FreeUV（已观测纹理保持）,D2-044,0.10860442732357317,27.69412896751116,0.1022190466730131,0.09544898308813571,0.11674840671734676,0.10860442732357317,0.11462232073148093
4,V02→V03,V02,V03,full_vs_freeuv_conserved,freeuv_conserved,FreeUV（已观测纹理保持）,D2-045,0.055963547748027365,14.270704675746979,0.07881381977115226,0.06840187580611723,0.027369881435385296,0.04673680588134432,0.055963547748027365
4,V02→V03,V02,V03,full_vs_freeuv_conserved,freeuv_conserved,FreeUV（已观测纹理保持）,D2-046,0.09679501322217482,24.68272837165458,0.0596725350389114,0.09679501322217482,0.11727748228571355,0.0952417166091693,0.12530287870993984
4,V02→V03,V02,V03,full_vs_freeuv_conserved,freeuv_conserved,FreeUV（已观测纹理保持）,D2-047,0.01599259920225575,4.078112796575216,0.020578248030238458,0.024984840036038014,0.015722147831372144,0.01599259920225575,0.0034884017110727306
4,V02→V03,V02,V03,full_vs_freeuv_conserved,freeuv_conserved,FreeUV（已观测纹理保持）,D2-048,0.04307848248216842,10.985013032952946,0.0325217312046637,0.03760596426824728,0.04805364877813392,0.05579845818380516,0.04307848248216842
4,V02→V03,V02,V03,full_vs_freeuv_conserved,freeuv_conserved,FreeUV（已观测纹理保持）,D2-049,-0.05161265568903911,-13.161227200704973,-0.0631341558701835,-0.03429778859439031,-0.05161265568903911,-0.036557330019737044,-0.07557546450568475
4,V02→V03,V02,V03,full_vs_freeuv_conserved,freeuv_conserved,FreeUV（已观测纹理保持）,D2-050,0.06064691043884299,15.464962161904962,0.06064691043884299,0.06695915787354295,0.046101419795534504,0.08496316093491552,0.050552426228000796
4,V02→V03,V02,V03,full_vs_freeuv_conserved,freeuv_conserved,FreeUV（已观测纹理保持）,D2-051,0.09702670536245461,24.741809867425925,0.10170347637347421,0.07758052886843131,0.09702670536245461,0.07461829022446903,0.11117052148889617
4,V02→V03,V02,V03,full_vs_freeuv_conserved,freeuv_conserved,FreeUV（已观测纹理保持）,D2-052,0.05853747017117161,14.927054893648762,0.05853747017117161,0.003466238533005539,0.04840413891907894,0.07032712323760443,0.07888395935297013
4,V02→V03,V02,V03,full_vs_freeuv_conserved,freeuv_conserved,FreeUV（已观测纹理保持）,D2-053,0.03678877775867778,9.381138328462834,0.026929348900362304,0.019055483738581347,0.040182833373546584,0.03678877775867778,0.05101957511570718
4,V02→V03,V02,V03,full_vs_freeuv_conserved,freeuv_conserved,FreeUV（已观测纹理保持）,D2-054,0.010123944401534052,2.5816058223911833,-0.0005590439929316626,0.010123944401534052,0.022806908081596078,0.00888805864896211,0.018497319297037185
4,V02→V03,V02,V03,full_vs_freeuv_conserved,freeuv_conserved,FreeUV（已观测纹理保持）,D2-055,0.028979159377772234,7.38968564133192,0.028979159377772234,0.017732735937354194,0.046069647303257855,0.06394789522064143,0.007954202763650609
4,V02→V03,V02,V03,full_vs_freeuv_conserved,freeuv_conserved,FreeUV（已观测纹理保持）,D2-056,0.06053730421377429,15.437012574512444,0.07311630316968984,0.012582957674309891,0.03409534404581449,0.08719369319249998,0.06053730421377429
4,V02→V03,V02,V03,full_vs_freeuv_conserved,freeuv_conserved,FreeUV（已观测纹理保持）,D2-057,0.06221070031945905,15.863728581462057,0.07585499792670211,0.06221070031945905,0.09930506959790367,0.04095575557827641,0.0525967052478033
4,V02→V03,V02,V03,full_vs_freeuv_conserved,freeuv_conserved,FreeUV（已观测纹理保持）,D2-058,-0.019892090330811518,-5.072483034356937,-0.06606200994576983,-0.013517697708624765,-0.019892090330811518,-0.03992322210657906,0.012292781618960025
4,V02→V03,V02,V03,full_vs_freeuv_conserved,freeuv_conserved,FreeUV（已观测纹理保持）,D2-059,-0.07246431890594701,-18.478401321016488,-0.1240130511302781,-0.06884505565688814,-0.06828608810501074,-0.07246431890594701,-0.15035175978736853
4,V02→V03,V02,V03,full_vs_freeuv_conserved,freeuv_conserved,FreeUV（已观测纹理保持）,D2-060,0.07017324905577904,17.894178509223657,0.043919080715687536,0.031868737740594844,0.07017324905577904,0.07549277705247284,0.1005535142017844
4,V02→V03,V02,V03,full_vs_freeuv_conserved,freeuv_conserved,FreeUV（已观测纹理保持）,D2-061,0.008767661860301396,2.235753774376856,0.005855965147179287,0.008767661860301396,0.00439650994089863,0.0309556835286674,0.019666210792603944
4,V02→V03,V02,V03,full_vs_freeuv_conserved,freeuv_conserved,FreeUV（已观测纹理保持）,D2-062,0.016215537661227603,4.134962103613039,0.0012861955640972311,-0.02081880758961907,0.016215537661227603,0.04104771131676607,0.0391119179194388
4,V02→V03,V02,V03,full_vs_freeuv_conserved,freeuv_conserved,FreeUV（已观测纹理保持）,D2-063,0.09179274150066905,23.407149082670607,0.08861280965308346,0.10467793287502394,0.09438726860615942,0.09179274150066905,0.08096173107624052
4,V02→V03,V02,V03,full_vs_freeuv_conserved,freeuv_conserved,FreeUV（已观测纹理保持）,D2-064,0.04968090700930444,12.668631287372634,0.04918775853255522,0.05220479226630667,0.08687338081822879,0.043305161638536316,0.04968090700930444
4,V02→V03,V02,V03,full_vs_freeuv_conserved,freeuv_conserved,FreeUV（已观测纹理保持）,D2-065,-0.0176706655571858,-4.506019717082379,-0.021144216362800866,-0.0176706655571858,-0.004418888646695346,-0.024003363973288616,-0.005118907498264741
4,V02→V03,V02,V03,full_vs_freeuv_conserved,freeuv_conserved,FreeUV（已观测纹理保持）,D2-066,0.049378341818467175,12.59147716370913,0.038215149136689996,0.049378341818467175,0.036397185310339336,0.05681876154282156,0.07004348547794881
4,V02→V03,V02,V03,full_vs_freeuv_conserved,freeuv_conserved,FreeUV（已观测纹理保持）,D2-067,-0.007327291093490729,-1.8684592288401358,-0.024039425066223863,-0.004586077122776588,0.014856505945876786,-0.007327291093490729,-0.03030246998424882
4,V02→V03,V02,V03,full_vs_freeuv_conserved,freeuv_conserved,FreeUV（已观测纹理保持）,D2-068,-0.08423999825503392,-21.48119955503365,-0.10369962392843257,-0.08039691355841899,-0.08423999825503392,-0.09637230971272576,-0.03852232560863966
4,V02→V03,V02,V03,full_vs_freeuv_conserved,freeuv_conserved,FreeUV（已观测纹理保持）,D2-069,0.02080685470366117,5.305747949433599,0.029657488124388648,0.019712928287459158,0.02080685470366117,0.01974929998995681,0.029187995319565146
4,V02→V03,V02,V03,full_vs_freeuv_conserved,freeuv_conserved,FreeUV（已观测纹理保持）,D2-070,0.11451843623071911,29.202201238833375,0.13326550467560688,0.09718348560854795,0.1033403852954507,0.11451843623071911,0.12054041409865023
4,V02→V03,V02,V03,full_vs_freeuv_conserved,freeuv_conserved,FreeUV（已观测纹理保持）,D2-071,0.09645318294564881,24.595561651140446,0.053647671242554984,0.09645318294564881,0.0944179716706276,0.10360846695800624,0.114757602562507
4,V02→V03,V02,V03,full_vs_freeuv_conserved,freeuv_conserved,FreeUV（已观测纹理保持）,D2-072,0.021301363206778945,5.431847617728631,0.029102401264632732,0.012298358837142587,0.03589959566791853,-0.02407142031006515,0.021301363206778945
4,V02→V03,V02,V03,full_vs_freeuv_conserved,freeuv_conserved,FreeUV（已观测纹理保持）,D2-073,0.02592400275170803,6.610620701685548,-0.007048517721248593,0.02592400275170803,0.05270243366705438,0.05909945571101183,-0.0066989808909448945
4,V02→V03,V02,V03,full_vs_freeuv_conserved,freeuv_conserved,FreeUV（已观测纹理保持）,D2-074,0.02919428994258244,7.4445439353585225,0.027941424399614334,0.05977993930379549,0.04728310524865437,-0.010715912972335428,0.02919428994258244
4,V02→V03,V02,V03,full_vs_freeuv_conserved,freeuv_conserved,FreeUV（已观测纹理保持）,D2-075,-0.04784408544864113,-12.200241789403488,-0.05745853392816172,-0.022086100910252676,-0.04784408544864113,-0.04937332293124702,-0.036402787013751714
4,V02→V03,V02,V03,full_vs_freeuv_conserved,freeuv_conserved,FreeUV（已观测纹理保持）,D2-076,-0.04718530290531664,-12.032252240855744,-0.0731710845007087,-0.03258444425070062,-0.0033347324567770953,-0.04718530290531664,-0.0714991087058805
4,V02→V03,V02,V03,full_vs_freeuv_conserved,freeuv_conserved,FreeUV（已观测纹理保持）,D2-077,0.008392424061240855,2.140068135616418,0.0032907502333584526,0.008392424061240855,0.05341965157800077,0.027903733072442982,-0.008347278934691005
4,V02→V03,V02,V03,full_vs_freeuv_conserved,freeuv_conserved,FreeUV（已观测纹理保持）,D2-078,-0.031431929709819645,-8.01514207600401,-0.041512493362538816,-0.004179131112292261,-0.031431929709819645,-0.04795539525584275,-0.011981969587823244
4,V02→V03,V02,V03,full_vs_freeuv_conserved,freeuv_conserved,FreeUV（已观测纹理保持）,D2-079,0.11597862048749477,29.574548224311165,0.09061420112308385,0.11307691801609338,0.11597862048749477,0.1324662464414386,0.14437235586777114
4,V02→V03,V02,V03,full_vs_freeuv_conserved,freeuv_conserved,FreeUV（已观测纹理保持）,D2-080,-0.05920517363008995,-15.097319275672938,-0.07054915247218949,-0.056770925560877455,-0.05354890394068898,-0.06727210073953585,-0.05920517363008995
4,V02→V03,V02,V03,full_vs_freeuv_conserved,freeuv_conserved,FreeUV（已观测纹理保持）,D2-081,0.014318232562530897,3.651149303445379,-0.05000454070115534,0.005726264220558885,0.017234467884042703,0.014318232562530897,0.03705386845050035
4,V02→V03,V02,V03,full_vs_freeuv_conserved,freeuv_conserved,FreeUV（已观测纹理保持）,D2-082,-0.03659686021641029,-9.332199355184624,-0.03659686021641029,-0.013234152248850828,-0.040652773619906324,-0.04249419934779136,0.0035247065059773597
4,V02→V03,V02,V03,full_vs_freeuv_conserved,freeuv_conserved,FreeUV（已观测纹理保持）,D2-083,-0.024989951841342145,-6.372437719542247,-0.030650642514228832,-0.013155955649339246,-0.022946356466183288,-0.024989951841342145,-0.031819107402593666
4,V02→V03,V02,V03,full_vs_freeuv_conserved,freeuv_conserved,FreeUV（已观测纹理保持）,D2-084,0.09450112790003554,24.097787614509063,0.10043276794389025,0.07883214625018137,0.07306269051188286,0.12530716902970732,0.09450112790003554
4,V02→V03,V02,V03,full_vs_freeuv_conserved,freeuv_conserved,FreeUV（已观测纹理保持）,D2-085,-0.032556960433721555,-8.302024910598996,-0.032556960433721555,-0.0033616338173548532,-0.03779107945660751,-0.04358691292504471,-0.01363498985767364
4,V02→V03,V02,V03,full_vs_freeuv_conserved,freeuv_conserved,FreeUV（已观测纹理保持）,D2-086,0.12545619900945737,31.99133074741163,0.0792490907445334,0.1353509840015592,0.12545619900945737,0.1248054472675574,0.1393285801202275
4,V02→V03,V02,V03,full_vs_freeuv_conserved,freeuv_conserved,FreeUV（已观测纹理保持）,D2-087,0.12055337244556064,30.741109973617963,0.11800718896445772,0.11680981240102223,0.12837537683191752,0.1257035895472481,0.12055337244556064
4,V02→V03,V02,V03,full_vs_freeuv_conserved,freeuv_conserved,FreeUV（已观测纹理保持）,D2-088,-0.0022197487227844648,-0.5660359243100386,-0.02232671628395716,-0.0022197487227844648,0.023204179288762977,-0.026981811180259246,0.004742246595295985
4,V02→V03,V02,V03,full_vs_freeuv_conserved,freeuv_conserved,FreeUV（已观测纹理保持）,D2-089,0.03894788031325194,9.931709479879245,0.03894788031325194,0.04727160731951395,0.03403017462202995,0.04007033448327671,0.02376095313917506
4,V02→V03,V02,V03,full_vs_freeuv_conserved,freeuv_conserved,FreeUV（已观测纹理保持）,D2-090,0.06208205305128581,15.83092352807788,0.04842662922151031,0.06208205305128581,0.07008235442585178,0.06808956353259937,0.05113543068901413
4,V02→V03,V02,V03,full_vs_freeuv_conserved,freeuv_conserved,FreeUV（已观测纹理保持）,D2-091,0.05144715574052597,13.119024713834122,0.06702191332976024,0.047344397919045544,0.04996128740410011,0.05144715574052597,0.07939704288211133
4,V02→V03,V02,V03,full_vs_freeuv_conserved,freeuv_conserved,FreeUV（已观测纹理保持）,D2-092,0.04865757018209449,12.407680396434095,0.04865757018209449,0.06623530849104836,0.056801932908239816,0.029043615987849603,-0.004768092392219425
4,V02→V03,V02,V03,full_vs_freeuv_conserved,freeuv_conserved,FreeUV（已观测纹理保持）,D2-093,-0.13391122117377163,-34.14736139931177,-0.17963348067643348,-0.13391122117377163,-0.10512167555198337,-0.14636292305301157,-0.1326949664702018
4,V02→V03,V02,V03,full_vs_freeuv_conserved,freeuv_conserved,FreeUV（已观测纹理保持）,D2-094,-0.008814432928639065,-2.2476803968029615,-0.008814432928639065,0.0036927772866141573,-0.013013099510503057,-0.010924737459869799,-0.0011487574346603913
4,V02→V03,V02,V03,full_vs_freeuv_conserved,freeuv_conserved,FreeUV（已观测纹理保持）,D2-095,0.029745651259353106,7.585141071135042,0.029745651259353106,0.03509712421579195,0.03752941348301689,-0.011436019952054177,-0.005700241657905281
4,V02→V03,V02,V03,full_vs_freeuv_conserved,freeuv_conserved,FreeUV（已观测纹理保持）,D2-096,0.013702182456230116,3.49405652633868,0.020911354951870936,0.015492999274283659,0.008098116548111045,0.013702182456230116,0.0049390760871271255
4,V02→V03,V02,V03,full_vs_freeuv_conserved,freeuv_conserved,FreeUV（已观测纹理保持）,D2-097,0.024002975418199943,6.1207587316409855,0.03361296475823246,0.022199813035590127,0.03942347588527262,0.017365546591246298,0.024002975418199943
4,V02→V03,V02,V03,full_vs_freeuv_conserved,freeuv_conserved,FreeUV（已观测纹理保持）,D2-098,0.015091177076101317,3.848250154405836,0.026641740015259513,-0.00920491913954416,0.016196557493121544,0.0007375244189191943,0.015091177076101317
4,V02→V03,V02,V03,full_vs_freeuv_conserved,freeuv_conserved,FreeUV（已观测纹理保持）,D2-099,0.08586291151328221,21.895042435886964,0.05409777019586828,0.06789697085817656,0.11466526591943371,0.10602942740337717,0.08586291151328221
4,V02→V03,V02,V03,full_vs_freeuv_conserved,freeuv_conserved,FreeUV（已观测纹理保持）,D2-100,0.2586198734740416,65.9480677358806,0.28962557367754704,0.2424387365579605,0.26380196012782325,0.2586198734740416,0.24646781174974006
5,V02→V04,V02,V04,full_vs_condition0,condition0,NoCond,D2-001,0.010411323441399473,2.6548874775568656,-0.00151623288790384,0.018223765161302335,0.01899396810266707,0.010411323441399473,-0.024227988223234798
5,V02→V04,V02,V04,full_vs_condition0,condition0,NoCond,D2-002,-0.0039054911205734094,-0.9959002357462194,0.0012132335400235894,-0.0071855784542318585,-0.009190488336742783,-0.0039054911205734094,9.851643572682256e-05
5,V02→V04,V02,V04,full_vs_condition0,condition0,NoCond,D2-003,4.4341882069892646e-05,0.011307179927822625,0.0029333174228668435,0.04673699339230855,-0.0013515392939249526,-0.027307418982187887,4.4341882069892646e-05
5,V02→V04,V02,V04,full_vs_condition0,condition0,NoCond,D2-004,-0.005444579503752989,-1.3883677734570121,-0.018689980899745773,-0.005444579503752989,0.011658199808814301,-0.02621939055847397,0.033331815266247955
5,V02→V04,V02,V04,full_vs_condition0,condition0,NoCond,D2-005,-0.033377080907424306,-8.511155631393198,-0.033377080907424306,-0.018933394302924456,-0.0035690491398175372,-0.062339645375808106,-0.03622638930877048
5,V02→V04,V02,V04,full_vs_condition0,condition0,NoCond,D2-006,-0.00016544546399796523,-0.04218859331948113,-0.05414464040881112,0.03445497155189513,0.02062392021928515,-0.02744111915429434,-0.00016544546399796523
5,V02→V04,V02,V04,full_vs_condition0,condition0,NoCond,D2-007,0.01216123705660857,3.1011154494351856,0.011852792457298006,0.012711194102410922,0.01216123705660857,0.05194714764753977,-0.0007784683947209825
5,V02→V04,V02,V04,full_vs_condition0,condition0,NoCond,D2-008,0.01589935620625814,4.054335832595825,0.026014408634768588,-0.007338718076546985,0.023030633396572534,0.01589935620625814,0.003920721345477635
5,V02→V04,V02,V04,full_vs_condition0,condition0,NoCond,D2-009,-0.027538967629273728,-7.022436745464801,-0.025821176668008164,-0.027538967629273728,-0.043844722211360945,0.00807134434580803,-0.030049799631039306
5,V02→V04,V02,V04,full_vs_condition0,condition0,NoCond,D2-010,-0.0004935291196618841,-0.12584992551378044,-0.0144221775588535,-0.0004935291196618841,0.011026023288390474,0.009382564397085263,-0.03381645404511974
5,V02→V04,V02,V04,full_vs_condition0,condition0,NoCond,D2-011,0.00479373405687511,1.222402184503153,0.036102024631367774,0.022422892119114607,0.00479373405687511,-0.0023906472035579995,-0.01699112164270547
5,V02→V04,V02,V04,full_vs_condition0,condition0,NoCond,D2-012,0.0015566418568293272,0.3969436734914784,-0.02071061034997304,0.013152207434177401,-0.076193671921889,0.00994019409020741,0.0015566418568293272
5,V02→V04,V02,V04,full_vs_condition0,condition0,NoCond,D2-013,0.0029037604729334476,0.7404589205980292,0.03129181663195291,-0.027141571044921875,-0.04162426392237348,0.0029037604729334476,0.016149468223253888
5,V02→V04,V02,V04,full_vs_condition0,condition0,NoCond,D2-014,0.0018292445885507713,0.4664573700804467,-0.012745414386715809,-0.025412270897313183,0.016507529898693696,0.014152722923379185,0.0018292445885507713
5,V02→V04,V02,V04,full_vs_condition0,condition0,NoCond,D2-015,-0.03147780259742458,-8.026839662343269,-0.03147780259742458,-0.027064317873879973,-0.041082029249153884,-0.001967212879190272,-0.036895991102153164
5,V02→V04,V02,V04,full_vs_condition0,condition0,NoCond,D2-016,-0.005548081935072946,-1.4147608934436011,-0.012839825968775476,-0.005548081935072946,0.0023446497403912803,-0.011837460400743571,0.01721053842662107
5,V02→V04,V02,V04,full_vs_condition0,condition0,NoCond,D2-017,0.017002444004728695,4.335623221205817,0.011749853069583593,0.00042436090076253263,0.033995143004826145,0.017002444004728695,0.022590873762965202
5,V02→V04,V02,V04,full_vs_condition0,condition0,NoCond,D2-018,0.007863971225002375,2.005312662375606,-0.04806748659987198,0.008302557886692513,0.0141733364577879,0.007863971225002375,-0.003283121345335982
5,V02→V04,V02,V04,full_vs_condition0,condition0,NoCond,D2-019,0.0024379167291853077,0.6216687659422535,-0.011951021187835281,0.031972699529594834,-0.04369474185837638,0.0024379167291853077,0.007666812009281598
5,V02→V04,V02,V04,full_vs_condition0,condition0,NoCond,D2-020,-0.006285983448227228,-1.6029257792979432,-0.026162011859317602,0.03670117259025574,-0.09057769800225893,-0.006285983448227228,0.03910799728085598
5,V02→V04,V02,V04,full_vs_condition0,condition0,NoCond,D2-021,0.032615431048201776,8.316934917291453,-0.028877558807531983,0.047044196194320015,0.013837672092697845,0.032615431048201776,0.055560076157703545
5,V02→V04,V02,V04,full_vs_condition0,condition0,NoCond,D2-022,-0.007998600658593757,-2.039643167941408,-0.004533864670630661,-0.029678863557902252,-0.03681759186314812,0.024844241751865892,-0.007998600658593757
5,V02→V04,V02,V04,full_vs_condition0,condition0,NoCond,D2-023,-0.0212400388426897,-5.416209904885873,-0.03874381104620492,-0.0013690039636642948,-0.02139998324275985,-0.0212400388426897,-0.0019986342971887033
5,V02→V04,V02,V04,full_vs_condition0,condition0,NoCond,D2-024,0.02275115748246509,5.801545158028598,0.06730692616353431,0.03582004985461634,0.015937183362742274,-0.011168747519453376,0.02275115748246509
5,V02→V04,V02,V04,full_vs_condition0,condition0,NoCond,D2-025,-0.007263984708558963,-1.8523161006825355,-0.056942302556264965,-0.007263984708558963,0.008614813288052886,0.001339432739076163,-0.035500954659212214
5,V02→V04,V02,V04,full_vs_condition0,condition0,NoCond,D2-026,-0.028175625076264504,-7.1847843944474485,0.057627519707620894,-0.02779113547301587,-0.06482584779093295,-0.03392409726425452,-0.028175625076264504
5,V02→V04,V02,V04,full_vs_condition0,condition0,NoCond,D2-027,0.013744300107161211,3.504796527326109,0.017675904432932515,-0.01946589714950986,0.010309758782386769,0.013744300107161211,0.06044720345073279
5,V02→V04,V02,V04,full_vs_condition0,condition0,NoCond,D2-028,-0.009075444905708219,-2.314238450955596,-0.009075444905708219,0.0021821081638336293,-0.012348590418696404,-0.007697564239303262,-0.02192970526715121
5,V02→V04,V02,V04,full_vs_condition0,condition0,NoCond,D2-029,0.005680613219738007,1.4485563710331917,0.008034598372048812,0.005680613219738007,-0.019869581196043234,0.0071510912643538704,0.002054680966668665
5,V02→V04,V02,V04,full_vs_condition0,condition0,NoCond,D2-030,0.00019306192795431887,0.04923079162835131,-0.00015188753604888916,0.015671752807166817,0.028305942606594803,0.00019306192795431887,-0.03131073692606551
5,V02→V04,V02,V04,full_vs_condition0,condition0,NoCond,D2-031,0.0066465195564050505,1.694862486883288,0.0066465195564050505,-0.0015536247796955616,0.04020147132022042,-0.016436440352764398,0.013789455805506029
5,V02→V04,V02,V04,full_vs_condition0,condition0,NoCond,D2-032,0.01739907373363772,4.436763802077619,-0.03156176561282742,-0.02012352691963315,0.01739907373363772,0.021370667834869683,0.036741516371775
5,V02→V04,V02,V04,full_vs_condition0,condition0,NoCond,D2-033,-0.005625629425048823,-1.4345355033874498,-0.010770025352636992,0.016260046760241176,0.001002173622449254,-0.008264895776907616,-0.005625629425048823
5,V02→V04,V02,V04,full_vs_condition0,condition0,NoCond,D2-034,0.025421383480230972,6.4824527874588975,0.0023187562823295815,0.047107217212518065,0.04518680498003959,-0.032554722328980754,0.025421383480230972
5,V02→V04,V02,V04,full_vs_condition0,condition0,NoCond,D2-035,-0.007543905741638629,-1.9236959641178504,-0.067561654580964,-0.007543905741638629,0.005770651830567242,-0.005483555297056825,-0.019435309701495707
5,V02→V04,V02,V04,full_vs_condition0,condition0,NoCond,D2-036,0.01091582570224997,2.7835355540737425,0.01091582570224997,0.035178388468921185,0.016091459927459528,-0.010095424888034665,-0.019275083020329487
5,V02→V04,V02,V04,full_vs_condition0,condition0,NoCond,D2-037,0.005121816168813145,1.306063123047352,-0.044147994186656145,0.006407551613508478,-0.014448284500223743,0.013276147491791665,0.005121816168813145
5,V02→V04,V02,V04,full_vs_condition0,condition0,NoCond,D2-038,-0.004402877319426762,-1.1227337164538245,-0.004402877319426762,-0.004418991151310142,0.013662446112859827,0.01935932891709463,-0.018149187877064626
5,V02→V04,V02,V04,full_vs_condition0,condition0,NoCond,D2-039,-0.001097721979022026,-0.27991910465061665,0.020251555368304253,-0.001097721979022026,-0.0742439286162456,0.01016316314538318,-0.03501439839601517
5,V02→V04,V02,V04,full_vs_condition0,condition0,NoCond,D2-040,-0.00675963656976819,-1.7237073252908885,0.01148559090991813,0.00798528858770925,-0.026384740447004645,-0.00675963656976819,-0.010450105803708226
5,V02→V04,V02,V04,full_vs_condition0,condition0,NoCond,D2-041,0.015104943797701859,3.851760668413974,-0.0013267312731061742,-0.015171519347599555,0.0417161543690969,0.015104943797701859,0.017339168796463633
5,V02→V04,V02,V04,full_vs_condition0,condition0,NoCond,D2-042,0.0029273077910929313,0.7464634867286974,0.013953227321045439,0.0029273077910929313,0.001239002077725898,0.006760246904664924,-0.004268147443470205
5,V02→V04,V02,V04,full_vs_condition0,condition0,NoCond,D2-043,-0.0013717462037069195,-0.34979528194526444,-0.0007194493373390287,-0.031090877251699567,0.017957695216561376,-0.0013717462037069195,-0.005872378960096597
5,V02→V04,V02,V04,full_vs_condition0,condition0,NoCond,D2-044,0.008145317435264587,2.07705594599247,0.037518986397319376,0.008145317435264587,-0.04917377564642163,0.018468037247657762,-0.0380391048060523
5,V02→V04,V02,V04,full_vs_condition0,condition0,NoCond,D2-045,0.010423678904771805,2.6580381207168102,-0.015263602137565613,-0.018824034680922835,0.03615096832315129,0.010423678904771805,0.011189527188738169
5,V02→V04,V02,V04,full_vs_condition0,condition0,NoCond,D2-046,0.015073211720356583,3.8436689886909288,-0.01068799598858905,0.021911798188319592,-0.005715744617657781,0.015073211720356583,0.06222374336077616
5,V02→V04,V02,V04,full_vs_condition0,condition0,NoCond,D2-047,0.026986036035749644,6.8814391891161595,0.01926728255218929,0.026986036035749644,-0.021269662512673287,0.029774381054772273,0.027902899516953364
5,V02→V04,V02,V04,full_vs_condition0,condition0,NoCond,D2-048,0.004383735524283505,1.1178525586922938,-0.007175568491220474,0.004383735524283505,-0.011955896019935602,0.051604599174526006,0.018325634217924547
5,V02→V04,V02,V04,full_vs_condition0,condition0,NoCond,D2-049,-0.01972496716512573,-5.029866627107061,-0.024392906576395035,0.04430169529385036,0.01862899752126801,-0.01972496716512573,-0.044423182391458066
5,V02→V04,V02,V04,full_vs_condition0,condition0,NoCond,D2-050,-0.009231374443819135,-2.354000483173879,0.017709138182302325,0.026657486489663526,-0.04465556796640156,-0.017764783930033445,-0.009231374443819135
5,V02→V04,V02,V04,full_vs_condition0,condition0,NoCond,D2-051,0.014209329106268417,3.6233789220984463,0.010959216615273826,0.016919917205259913,0.06846741340788348,0.014209329106268417,-0.03050087004279098
5,V02→V04,V02,V04,full_vs_condition0,condition0,NoCond,D2-052,0.006741234691192727,1.7190148462541452,0.006741234691192727,0.026200203318148846,0.0036950634171565577,-0.0446301613623897,0.033328688889741886
5,V02→V04,V02,V04,full_vs_condition0,condition0,NoCond,D2-053,-0.007449556913998762,-1.8996370130696842,-0.007449556913998762,-0.027040415384747954,0.019611781781858156,-0.020402911077211566,0.008672143961932208
5,V02→V04,V02,V04,full_vs_condition0,condition0,NoCond,D2-054,0.013895835335317436,3.543438010505946,-0.01010208537704066,0.027545176446437836,0.032225028726092536,-0.017469715653804313,0.013895835335317436
5,V02→V04,V02,V04,full_vs_condition0,condition0,NoCond,D2-055,0.017805656790733343,4.540442481637003,-0.019478492935498554,0.034520208338896435,0.017805656790733343,0.039069199065367405,-0.008399545649687451
5,V02→V04,V02,V04,full_vs_condition0,condition0,NoCond,D2-056,-0.010083696859724378,-2.5713426992297164,-0.01607279698638353,-0.010083696859724378,-0.05474705716558531,0.005552504284709103,0.0024899097488207123
5,V02→V04,V02,V04,full_vs_condition0,condition0,NoCond,D2-057,0.023679692988042483,6.038321711950833,-0.06190839768559844,0.04725628277217901,0.023679692988042483,-0.012097132357734228,0.046957058487115094
5,V02→V04,V02,V04,full_vs_condition0,condition0,NoCond,D2-058,-0.0022896229265592094,-0.5838538462725984,0.009046958807187214,-0.021455699816728235,0.005235371012718232,-0.0022896229265592094,-0.015164584494554073
5,V02→V04,V02,V04,full_vs_condition0,condition0,NoCond,D2-059,-0.04115412348792663,-10.494301489421291,-0.048399371760232124,0.06399957055137273,-0.003153021136919676,-0.05404261038416913,-0.04115412348792663
5,V02→V04,V02,V04,full_vs_condition0,condition0,NoCond,D2-060,0.017579941699902207,4.482885133475063,-0.015593391739659845,-0.011407149334748595,0.032040043837494314,0.017579941699902207,0.022551211218039185
5,V02→V04,V02,V04,full_vs_condition0,condition0,NoCond,D2-061,-0.000326164342738966,-0.08317190739843633,-0.000326164342738966,-0.02162655139410935,0.024943022264374615,0.0013473809317306462,-0.03582234239136728
5,V02→V04,V02,V04,full_vs_condition0,condition0,NoCond,D2-062,0.016664053241793916,4.249333576657449,-0.007374356142603428,0.02477852450922513,0.016664053241793916,-0.03989141377118918,0.01916244583061108
5,V02→V04,V02,V04,full_vs_condition0,condition0,NoCond,D2-063,-0.0033337362110614777,-0.8501027338206768,0.011297259479761124,-0.011305632483628064,-0.0033224454770485468,-0.0033337362110614777,-0.023924269196059944
5,V02→V04,V02,V04,full_vs_condition0,condition0,NoCond,D2-064,-0.005468685712133131,-1.3945148565939485,-0.005468685712133131,0.06890131178356353,0.012939814300764185,-0.008395519994554054,-0.023571038175196873
5,V02→V04,V02,V04,full_vs_condition0,condition0,NoCond,D2-065,0.026782795269456205,6.829612793711332,-0.05389400023139185,0.03581333484638621,0.026782795269456205,0.05070344472510946,-0.022082235112234394
5,V02→V04,V02,V04,full_vs_condition0,condition0,NoCond,D2-066,-0.01639246537039679,-4.180078669451182,-0.06253648549318314,-0.0016633793711662292,-0.028788576523463005,0.010267440229654312,-0.01639246537039679
5,V02→V04,V02,V04,full_vs_condition0,condition0,NoCond,D2-067,-0.0011080145835876479,-0.2825437188148502,-0.024591137468814847,-0.0011080145835876479,0.01743568480014801,0.035117129981517795,-0.0810842459400495
5,V02→V04,V02,V04,full_vs_condition0,condition0,NoCond,D2-068,-0.011372107364561235,-2.8998873779631147,-0.011372107364561235,0.002763964883659209,-0.027840719220862842,0.024317307100779756,-0.028112814910169953
5,V02→V04,V02,V04,full_vs_condition0,condition0,NoCond,D2-069,0.0025851441961195765,0.659211770010492,0.005261939432885915,-0.019348226901557714,0.0025851441961195765,0.008874807299839138,-0.002972612467904895
5,V02→V04,V02,V04,full_vs_condition0,condition0,NoCond,D2-070,0.017578489290989485,4.482514769202319,0.02678697919700207,-0.03908953094870091,0.017578489290989485,0.051222542073668526,-0.02858753671975639
5,V02→V04,V02,V04,full_vs_condition0,condition0,NoCond,D2-071,0.0065703519309560365,1.6754397423937892,-0.006895427281657873,0.018237507591644914,0.026100659432510526,0.0065703519309560365,0.00018205928305786712
5,V02→V04,V02,V04,full_vs_condition0,condition0,NoCond,D2-072,0.006529467663279304,1.6650142541362225,-0.021802772112466673,0.004809576880048794,0.02128552452281668,0.028081497660389643,0.006529467663279304
5,V02→V04,V02,V04,full_vs_condition0,condition0,NoCond,D2-073,-0.016605246067047136,-4.23433774709702,-0.04503042896588644,0.009066071609656001,-0.03620512560009956,-0.016605246067047136,-0.01562955727179846
5,V02→V04,V02,V04,full_vs_condition0,condition0,NoCond,D2-074,-0.0007490030292308658,-0.19099577245387078,-0.007062884442734008,0.0034202104716589965,-0.0007490030292308658,-0.003159553941452148,0.007352806740637985
5,V02→V04,V02,V04,full_vs_condition0,condition0,NoCond,D2-075,0.019590286570682847,4.995523075524126,-0.00963358136645534,0.0236623875404659,0.019590286570682847,0.02353287573184884,-0.020613004763921083
5,V02→V04,V02,V04,full_vs_condition0,condition0,NoCond,D2-076,-0.001635293010622263,-0.41699971770867705,0.004604980039099871,-0.021856061027695745,-0.021699652386208385,-0.001635293010622263,0.05445773247629404
5,V02→V04,V02,V04,full_vs_condition0,condition0,NoCond,D2-077,-0.015439340866160112,-3.9370319208708286,-0.017595370953110423,-0.019353953757505288,0.01777017459102062,0.015221787252645391,-0.015439340866160112
5,V02→V04,V02,V04,full_vs_condition0,condition0,NoCond,D2-078,0.0012154664312090252,0.30994393995830144,0.0012154664312090252,0.0047035525952066615,-0.004756781316938852,-0.02209463839729628,0.0017303577846004836
5,V02→V04,V02,V04,full_vs_condition0,condition0,NoCond,D2-079,0.008465768148501696,2.158770877867932,-0.013984763373931258,0.008465768148501696,-0.05759779488046965,0.019306662182013185,0.03595913636187714
5,V02→V04,V02,V04,full_vs_condition0,condition0,NoCond,D2-080,-0.00328086425239843,-0.8366203843615996,-0.05918747543667752,-0.00328086425239843,0.019883490012337746,0.019158391747623682,-0.07051622960716485
5,V02→V04,V02,V04,full_vs_condition0,condition0,NoCond,D2-081,-0.002411777392411829,-0.6150032350650164,-0.01806528632266402,-0.017418124521963063,0.027884191021514237,-0.002411777392411829,0.011009141611747264
5,V02→V04,V02,V04,full_vs_condition0,condition0,NoCond,D2-082,-0.00939669501450327,-2.3961572286983337,0.0012965999129745664,-0.00939669501450327,-0.01718788262870577,-0.025837509789400637,0.011401327947775514
5,V02→V04,V02,V04,full_vs_condition0,condition0,NoCond,D2-083,-0.005911118682773636,-1.5073352641072773,-0.01124868156581088,0.007912178834279388,0.024807773530483246,-0.005911118682773636,-0.0276354335505387
5,V02→V04,V02,V04,full_vs_condition0,condition0,NoCond,D2-084,-0.015345661590496697,-3.913143705576658,0.057418033480644226,0.0012163687497377396,-0.05829128250479698,-0.015345661590496697,-0.01551009714603424
5,V02→V04,V02,V04,full_vs_condition0,condition0,NoCond,D2-085,0.006837752461433422,1.7436268776655226,-0.07140368123849233,0.03263141413529713,0.006837752461433422,-0.03713895380496979,0.06040182113647462
5,V02→V04,V02,V04,full_vs_condition0,condition0,NoCond,D2-086,0.03486233701308569,8.889895938336851,0.032769798101591224,0.051768575484553964,0.03486233701308569,0.0391076055488416,0.0280556129956884
5,V02→V04,V02,V04,full_vs_condition0,condition0,NoCond,D2-087,0.0025536290398149725,0.651175405152818,-0.0034974412710377656,0.0025536290398149725,0.0227186611543099,0.016373309335022262,-0.017249030823057357
5,V02→V04,V02,V04,full_vs_condition0,condition0,NoCond,D2-088,0.00973108049594995,2.4814255264672376,0.00973108049594995,-0.016753549076089946,-0.019646667847127625,0.016359967715812468,0.010423226940511454
5,V02→V04,V02,V04,full_vs_condition0,condition0,NoCond,D2-089,0.022675616977115454,5.782282329164441,-0.07941961009055373,0.03253657836467028,0.022675616977115454,0.05698074710865819,-0.05264079694946605
5,V02→V04,V02,V04,full_vs_condition0,condition0,NoCond,D2-090,-0.005801289358682821,-1.4793287864641194,-0.022750955140381543,0.04531391376727506,-0.011642535788971065,-0.005801289358682821,0.017654159678178905
5,V02→V04,V02,V04,full_vs_condition0,condition0,NoCond,D2-091,-0.012642007512159825,-3.2237119156007554,-0.019954047428491772,-0.012642007512159825,-0.0008871292647642526,0.035497029431355326,-0.04266404112180072
5,V02→V04,V02,V04,full_vs_condition0,condition0,NoCond,D2-092,0.011194284473146715,2.8545425406524125,0.03679788041682469,-0.0011033202920641416,0.011194284473146715,-0.01657985931351072,0.039694277303559455
5,V02→V04,V02,V04,full_vs_condition0,condition0,NoCond,D2-093,-0.026417431878108633,-6.736445128917701,-0.05545621949668028,-0.026417431878108633,-0.011017330136953607,0.002865003896694529,-0.054808379242233224
5,V02→V04,V02,V04,full_vs_condition0,condition0,NoCond,D2-094,0.01892433067162831,4.82570432126522,0.01656818389892578,0.01892433067162831,0.06262455508112907,0.021345760052402823,0.003216153631607682
5,V02→V04,V02,V04,full_vs_condition0,condition0,NoCond,D2-095,-0.001764894525210059,-0.45004810392856504,-0.005862570802370709,-0.005781210213899601,-0.001764894525210059,0.008459072311719246,0.033413776258627556
5,V02→V04,V02,V04,full_vs_condition0,condition0,NoCond,D2-096,-0.0020504064030117397,-0.5228536327679936,0.01923567884498173,-0.0020504064030117397,-0.0023984693818622227,0.028202123112148703,-0.05210565858417088
5,V02→V04,V02,V04,full_vs_condition0,condition0,NoCond,D2-097,-0.0018212120048701763,-0.46440906124189496,-0.020286630683888987,0.028376147927095488,0.007236633449792862,-0.0018212120048701763,-0.027580101663867637
5,V02→V04,V02,V04,full_vs_condition0,condition0,NoCond,D2-098,0.006260196367899568,1.5963500738143896,0.04211087524890901,-0.005235659579435975,0.056851018220186234,-0.00457820047934851,0.006260196367899568
5,V02→V04,V02,V04,full_vs_condition0,condition0,NoCond,D2-099,-0.008843784530957549,-2.255165055394175,-0.008843784530957549,0.02233336865901947,-0.003256186842918396,-0.008934300806787282,-0.014983757088581712
5,V02→V04,V02,V04,full_vs_condition0,condition0,NoCond,D2-100,-0.02247578861011612,-5.731326095579611,-0.04941904685029419,-0.052904587359197675,-0.022449521127567484,-0.02247578861011612,0.03320233371629511
5,V02→V04,V02,V04,full_vs_b_lite_ft,b_lite_ft,B-lite 同任务微调,D2-001,0.11016124073002076,28.091116386155292,0.11016124073002076,0.08722816142770981,0.11983223259449008,0.1235794810785188,0.07756995608409245
5,V02→V04,V02,V04,full_vs_b_lite_ft,b_lite_ft,B-lite 同任务微调,D2-002,0.047965424756209046,12.231183312833307,0.07012759796951128,0.045668297919674194,0.047965424756209046,0.06075903341390085,0.04645417663066284
5,V02→V04,V02,V04,full_vs_b_lite_ft,b_lite_ft,B-lite 同任务微调,D2-003,-0.010207797090212495,-2.6029882580041863,-0.029567453265190113,-0.010207797090212495,0.011927615602811192,-0.016443169116973855,0.013673000534375507
5,V02→V04,V02,V04,full_vs_b_lite_ft,b_lite_ft,B-lite 同任务微调,D2-004,0.02315290498011041,5.903990769928155,-0.0074545979274041885,0.050737751704273804,0.0215889003240701,0.03217163952914151,0.02315290498011041
5,V02→V04,V02,V04,full_vs_b_lite_ft,b_lite_ft,B-lite 同任务微调,D2-005,-0.03906919310490292,-9.962644241750246,-0.05328742985924084,-0.05164156208435694,-0.006966958940029133,-0.03906919310490292,-0.026787996292114258
5,V02→V04,V02,V04,full_vs_b_lite_ft,b_lite_ft,B-lite 同任务微调,D2-006,0.05486351003249486,13.990195058286188,0.016174153203055958,0.05486351003249486,0.10612063606580098,0.043840919222150526,0.08511792761938913
5,V02→V04,V02,V04,full_vs_b_lite_ft,b_lite_ft,B-lite 同任务微调,D2-007,-0.028073870418248353,-7.15883695665333,-0.0789880653222402,0.0011094024335896735,-0.04464495998841744,-0.027309258668511,-0.028073870418248353
5,V02→V04,V02,V04,full_vs_b_lite_ft,b_lite_ft,B-lite 同任务微调,D2-008,0.04885007739067078,12.456769734621048,0.04885007739067078,0.024422460960017295,0.0669224202632904,0.07010631263256073,0.03663959585958057
5,V02→V04,V02,V04,full_vs_b_lite_ft,b_lite_ft,B-lite 同任务微调,D2-009,0.15014391392469406,38.286698050796986,0.16733751942714054,0.15014391392469406,0.1296554903189341,0.1819472461938858,0.1277971304953098
5,V02→V04,V02,V04,full_vs_b_lite_ft,b_lite_ft,B-lite 同任务微调,D2-010,0.030930223453435157,7.887206980625965,-0.005202726594039364,0.04005367592686698,0.030930223453435157,0.07206449054536365,0.02545576826447532
5,V02→V04,V02,V04,full_vs_b_lite_ft,b_lite_ft,B-lite 同任务微调,D2-011,-0.06116866341067684,-15.598009169722594,-0.0659201300651249,-0.038314990621681005,-0.03859676151639885,-0.06172175845131278,-0.06116866341067684
5,V02→V04,V02,V04,full_vs_b_lite_ft,b_lite_ft,B-lite 同任务微调,D2-012,0.058303939302762356,14.8675045222044,0.058303939302762356,0.0642242282629013,0.0204343224565188,0.06907555162906645,0.03212699294090271
5,V02→V04,V02,V04,full_vs_b_lite_ft,b_lite_ft,B-lite 同任务微调,D2-013,0.10286383529504142,26.23027800023556,0.12368698318799334,0.12830608089764914,0.09475486377875009,0.10286383529504142,0.08073914547761282
5,V02→V04,V02,V04,full_vs_b_lite_ft,b_lite_ft,B-lite 同任务微调,D2-014,-0.06771686464025264,-17.267800483264423,-0.07908095863827488,-0.06771686464025264,-0.01988706149552999,-0.0741256263695265,-0.03907344006655511
5,V02→V04,V02,V04,full_vs_b_lite_ft,b_lite_ft,B-lite 同任务微调,D2-015,-0.007041160966835769,-1.7954960465431211,-0.007041160966835769,-0.009514359574691905,0.022425324016926346,0.019485001616618203,-0.022218035132277242
5,V02→V04,V02,V04,full_vs_b_lite_ft,b_lite_ft,B-lite 同任务微调,D2-016,0.04461861015297475,11.37774558900856,0.08111659630926116,0.04461861015297475,0.042146507961054624,0.02348259534272884,0.0751491988595161
5,V02→V04,V02,V04,full_vs_b_lite_ft,b_lite_ft,B-lite 同任务微调,D2-017,0.04725938751584008,12.05114381653922,0.040869193462034076,0.0443376683674398,0.08446936588734388,0.04725938751584008,0.06467679404609258
5,V02→V04,V02,V04,full_vs_b_lite_ft,b_lite_ft,B-lite 同任务微调,D2-018,-0.02870127454138638,-7.318825008053526,-0.09766994651995207,0.007064272698603186,-0.030531153082847595,-0.02870127454138638,0.007064255967474814
5,V02→V04,V02,V04,full_vs_b_lite_ft,b_lite_ft,B-lite 同任务微调,D2-019,-0.027935158544116545,-7.123465428749719,-0.0376557856798172,0.0065064107378323965,-0.039439295066727525,-0.023228982753223854,-0.027935158544116545
5,V02→V04,V02,V04,full_vs_b_lite_ft,b_lite_ft,B-lite 同任务微调,D2-020,0.06765460968017578,17.251925468444824,0.02469271079947552,0.06974631547927856,-0.0011038885762293948,0.06765460968017578,0.06997839485605559
5,V02→V04,V02,V04,full_vs_b_lite_ft,b_lite_ft,B-lite 同任务微调,D2-021,0.02126873442620944,5.423527278683407,0.02126873442620944,-0.015578159441550582,0.0665373025518475,-0.009901301145102043,0.037243503230539224
5,V02→V04,V02,V04,full_vs_b_lite_ft,b_lite_ft,B-lite 同任务微调,D2-022,-0.036209128458391554,-9.233327756889846,-0.05090041695670647,-0.02917226110443924,-0.055017765385634965,-0.036209128458391554,-0.029187560081481934
5,V02→V04,V02,V04,full_vs_b_lite_ft,b_lite_ft,B-lite 同任务微调,D2-023,0.03243983427925809,8.272157741210814,0.0029127488775951005,0.03243983427925809,0.03591552903739417,0.02356922493232945,0.03496945255655583
5,V02→V04,V02,V04,full_vs_b_lite_ft,b_lite_ft,B-lite 同任务微调,D2-024,-0.06281635941316685,-16.018171650357548,-0.004801598067084967,-0.03199166897684336,-0.09093397296965122,-0.08177399231741825,-0.06281635941316685
5,V02→V04,V02,V04,full_vs_b_lite_ft,b_lite_ft,B-lite 同任务微调,D2-025,0.010606199148155387,2.7045807827796238,-0.0030570408063275434,0.006211811942713585,0.02502208841698511,0.056583159026645485,0.010606199148155387
5,V02→V04,V02,V04,full_vs_b_lite_ft,b_lite_ft,B-lite 同任务微调,D2-026,-0.014111504878526832,-3.598433744024342,-0.03211030198468101,0.040907535472033935,-0.05553193454757149,0.011837694380018443,-0.014111504878526832
5,V02→V04,V02,V04,full_vs_b_lite_ft,b_lite_ft,B-lite 同任务微调,D2-027,0.07460378706455228,19.02396570146083,0.03547142214245266,0.07460378706455228,0.06071255157391231,0.07584603461954328,0.0968413015206655
5,V02→V04,V02,V04,full_vs_b_lite_ft,b_lite_ft,B-lite 同任务微调,D2-028,0.06101324806610742,15.558378256857392,0.06856509003167352,0.05099639321366947,0.06101324806610742,0.09475751786182326,0.055017750213543576
5,V02→V04,V02,V04,full_vs_b_lite_ft,b_lite_ft,B-lite 同任务微调,D2-029,0.03501865714788435,8.92975757271051,0.0337451911634869,0.03501865714788435,0.00886146004001298,0.04234127352635067,0.03800530682007472
5,V02→V04,V02,V04,full_vs_b_lite_ft,b_lite_ft,B-lite 同任务微调,D2-030,0.0229508442183336,5.852465275675068,0.0005965273206432475,0.024283280699617327,0.05303754481590456,0.022592207779073004,0.0229508442183336
5,V02→V04,V02,V04,full_vs_b_lite_ft,b_lite_ft,B-lite 同任务微调,D2-031,-0.029748682243128627,-7.5859139719978,-0.02361628679292542,-0.03857843988826351,-0.013489463144824604,-0.029748682243128627,-0.03308713894396546
5,V02→V04,V02,V04,full_vs_b_lite_ft,b_lite_ft,B-lite 同任务微调,D2-032,-0.02647318427140513,-6.750661989208308,-0.024211187950438917,-0.02647318427140513,-0.02956109514666927,-0.032289486249080956,0.01662225164990458
5,V02→V04,V02,V04,full_vs_b_lite_ft,b_lite_ft,B-lite 同任务微调,D2-033,0.03289154668649036,8.38734440505504,-0.007420568664868676,0.03289154668649036,0.0435813158750534,0.03533961474895478,0.005802444616953534
5,V02→V04,V02,V04,full_vs_b_lite_ft,b_lite_ft,B-lite 同任务微调,D2-034,0.15333463797966637,39.10033268481492,0.10047148639957112,0.15333463797966637,0.17259329284230868,0.13277813717722892,0.16801320798695088
5,V02→V04,V02,V04,full_vs_b_lite_ft,b_lite_ft,B-lite 同任务微调,D2-035,-0.004486578206221253,-1.1440774425864195,-0.09861576308806738,0.0028970912098884583,0.01105137293537456,-0.013516469134224773,-0.004486578206221253
5,V02→V04,V02,V04,full_vs_b_lite_ft,b_lite_ft,B-lite 同任务微调,D2-036,-0.0010165832315882084,-0.25922872405499314,0.00043076910078526653,-0.04418821632862091,0.006042542215436653,-0.03929598955437541,-0.0010165832315882084
5,V02→V04,V02,V04,full_vs_b_lite_ft,b_lite_ft,B-lite 同任务微调,D2-037,0.11978727244936369,30.54575447458774,0.10823241540906477,0.10827526063019152,0.11978727244936369,0.13241862596980497,0.13717019791696583
5,V02→V04,V02,V04,full_vs_b_lite_ft,b_lite_ft,B-lite 同任务微调,D2-038,0.03379630261943456,8.618057167955813,-0.001395385889779971,0.05584329863389334,0.044753934655870714,0.03379630261943456,-0.004449284502438089
5,V02→V04,V02,V04,full_vs_b_lite_ft,b_lite_ft,B-lite 同任务微调,D2-039,0.05823873045543829,14.850876266136764,0.048202341422438594,0.05823873045543829,0.03711701681216556,0.10748422145843503,0.06522378822167715
5,V02→V04,V02,V04,full_vs_b_lite_ft,b_lite_ft,B-lite 同任务微调,D2-040,-0.05292730157574019,-13.496461901813747,-0.05292730157574019,-0.04773863808562359,-0.019613283375899015,-0.05870700379212698,-0.0642803485194842
5,V02→V04,V02,V04,full_vs_b_lite_ft,b_lite_ft,B-lite 同任务微调,D2-041,0.08143327255097646,20.765484500498996,0.0844159751893982,0.06554753877340802,0.07832899878895472,0.08143327255097646,0.08865804579995928
5,V02→V04,V02,V04,full_vs_b_lite_ft,b_lite_ft,B-lite 同任务微调,D2-042,0.051901682100275126,13.234928935570156,0.057597031555416275,0.03324224048277788,0.051901682100275126,0.05395614527361958,0.046100717381035036
5,V02→V04,V02,V04,full_vs_b_lite_ft,b_lite_ft,B-lite 同任务微调,D2-043,0.08992894281012317,22.93188041658141,0.058931875023214786,0.09353128164851418,0.08992894281012317,0.0787955045137399,0.09456663960979009
5,V02→V04,V02,V04,full_vs_b_lite_ft,b_lite_ft,B-lite 同任务微调,D2-044,0.1423995577626758,36.31188722948233,0.1423995577626758,0.19582181341118282,0.0935799843735165,0.14571265048450893,0.11109383238686457
5,V02→V04,V02,V04,full_vs_b_lite_ft,b_lite_ft,B-lite 同任务微调,D2-045,0.14975560642778873,38.18767963908613,0.12887207915385562,0.16172926065822443,0.14975560642778873,0.1599516694744428,0.13119539742668468
5,V02→V04,V02,V04,full_vs_b_lite_ft,b_lite_ft,B-lite 同任务微调,D2-046,0.07322870672513276,18.673320214908856,0.07446637826088148,0.03321841531074965,0.07322870672513276,0.03813698945137173,0.0798844162088174
5,V02→V04,V02,V04,full_vs_b_lite_ft,b_lite_ft,B-lite 同任务微调,D2-047,0.08005144695440929,20.413118973374367,0.06772198610835606,0.09009764757421282,0.07528974446985456,0.12419218156072827,0.08005144695440929
5,V02→V04,V02,V04,full_vs_b_lite_ft,b_lite_ft,B-lite 同任务微调,D2-048,0.03855724839700592,9.83209834123651,0.02121618861953417,-0.008408053384886871,0.04126017027431064,0.03966298815276889,0.03855724839700592
5,V02→V04,V02,V04,full_vs_b_lite_ft,b_lite_ft,B-lite 同任务微调,D2-049,-0.0734725747671392,-18.735506565620497,-0.09012948425003775,-0.024127588296930014,-0.07021179229572966,-0.07874477799567911,-0.0734725747671392
5,V02→V04,V02,V04,full_vs_b_lite_ft,b_lite_ft,B-lite 同任务微调,D2-050,0.09357430133968592,23.86144684161991,0.0712697816391786,0.11291096064572533,0.09357430133968592,0.08055974232653776,0.09750595331812897
5,V02→V04,V02,V04,full_vs_b_lite_ft,b_lite_ft,B-lite 同任务微调,D2-051,0.023527849487782942,5.99960161938465,0.011242815670335554,0.0310469721443951,0.023527849487782942,0.04892041811364746,-0.003064081006284275
5,V02→V04,V02,V04,full_vs_b_lite_ft,b_lite_ft,B-lite 同任务微调,D2-052,-0.00968922004103659,-2.47075111046433,-0.03949181064963339,-0.004523724224418407,-0.00968922004103659,-0.022002041712403275,0.02069411898652712
5,V02→V04,V02,V04,full_vs_b_lite_ft,b_lite_ft,B-lite 同任务微调,D2-053,-0.0188559548140646,-4.8082684775864735,-0.03818328490665368,-0.0188559548140646,0.006684559019836223,-0.029443416106808284,-0.007810864094141362
5,V02→V04,V02,V04,full_vs_b_lite_ft,b_lite_ft,B-lite 同任务微调,D2-054,0.013344422832392816,3.4028278222601682,-0.00394936592171069,0.03841482325081241,0.03789486539991277,0.013344422832392816,0.0109938598123559
5,V02→V04,V02,V04,full_vs_b_lite_ft,b_lite_ft,B-lite 同任务微调,D2-055,-0.013802775243918097,-3.519707687199115,-0.04321202486753464,-0.013802775243918097,-0.011498456199963869,-0.006906426449616726,-0.038641776144504536
5,V02→V04,V02,V04,full_vs_b_lite_ft,b_lite_ft,B-lite 同任务微调,D2-056,0.06147008756285208,15.674872328527279,0.05168724155016974,0.07482465002320562,0.0539914127804485,0.06147008756285208,0.0907736670810218
5,V02→V04,V02,V04,full_vs_b_lite_ft,b_lite_ft,B-lite 同任务微调,D2-057,0.07526435509875967,19.192410550183716,0.007406992216904967,0.12787725597068111,0.06259762564743007,0.07526435509875967,0.09615551204317146
5,V02→V04,V02,V04,full_vs_b_lite_ft,b_lite_ft,B-lite 同任务微调,D2-058,0.00040569834602185995,0.10345307823557429,0.00040569834602185995,-0.013421645340247035,0.0027497233106539842,0.012279233298240544,-0.020142758026337
5,V02→V04,V02,V04,full_vs_b_lite_ft,b_lite_ft,B-lite 同任务微调,D2-059,0.08160452899478732,20.809154893670765,-0.011775259460721721,0.11624011610235485,0.08599802000182016,0.04561608462106609,0.08160452899478732
5,V02→V04,V02,V04,full_vs_b_lite_ft,b_lite_ft,B-lite 同任务微调,D2-060,0.06285965856578615,16.02921293427547,0.0497281795574559,0.0556232834027873,0.06880058389570978,0.0967118123339282,0.06285965856578615
5,V02→V04,V02,V04,full_vs_b_lite_ft,b_lite_ft,B-lite 同任务微调,D2-061,-0.05248911016517213,-13.384723092118893,-0.06559943269800259,-0.05248911016517213,-0.030528363254335195,-0.019823229975170553,-0.0924301611052619
5,V02→V04,V02,V04,full_vs_b_lite_ft,b_lite_ft,B-lite 同任务微调,D2-062,0.08082599383898272,20.610628428940593,0.08082599383898272,0.10783017321656913,0.11203822966378468,0.032718077731820255,0.07900485372505128
5,V02→V04,V02,V04,full_vs_b_lite_ft,b_lite_ft,B-lite 同任务微调,D2-063,0.030262894721494765,7.717038153981165,0.02260506753292349,0.030262894721494765,0.022704483320315688,0.05813633143487901,0.030494460422131775
5,V02→V04,V02,V04,full_vs_b_lite_ft,b_lite_ft,B-lite 同任务微调,D2-064,0.08082114213279316,20.609391243862255,0.08507814400252843,0.09737022398483185,0.047695672583012355,0.08082114213279316,0.05728503121506601
5,V02→V04,V02,V04,full_vs_b_lite_ft,b_lite_ft,B-lite 同任务微调,D2-065,0.05840298692109408,14.892761664878991,-0.02074010546008742,0.05840298692109408,0.06002705040629264,0.08361122450204911,0.041159554074207905
5,V02→V04,V02,V04,full_vs_b_lite_ft,b_lite_ft,B-lite 同任务微调,D2-066,-0.14346257473031676,-36.582956556230776,-0.16567475162446504,-0.14346257473031676,-0.15762565471231943,-0.11206477073331672,-0.04077656691273057
5,V02→V04,V02,V04,full_vs_b_lite_ft,b_lite_ft,B-lite 同任务微调,D2-067,0.04521617442369461,11.530124478042126,0.0020850683252016666,0.04521617442369461,0.049126228690147405,0.05582746416330338,-0.0440768559773763
5,V02→V04,V02,V04,full_vs_b_lite_ft,b_lite_ft,B-lite 同任务微调,D2-068,-0.06441467897831529,-16.4257431394704,-0.07222382017019865,-0.0406885123339252,-0.06479935423619504,-0.021937935788562346,-0.06441467897831529
5,V02→V04,V02,V04,full_vs_b_lite_ft,b_lite_ft,B-lite 同任务微调,D2-069,0.017629065654344023,4.495411741857726,0.025539643855558514,0.014589240567551731,0.017629065654344023,0.05475726682278845,0.015118580725457936
5,V02→V04,V02,V04,full_vs_b_lite_ft,b_lite_ft,B-lite 同任务微调,D2-070,0.03521954189471116,8.980983183151345,0.030981500337763535,0.03521954189471116,0.03546910514918766,0.06217527643936435,0.022106649005800727
5,V02→V04,V02,V04,full_vs_b_lite_ft,b_lite_ft,B-lite 同任务微调,D2-071,0.004533689469099045,1.1560908146202564,-0.06809965955714384,0.009756565714875848,0.02197439968585968,0.004533689469099045,-0.02395519055426118
5,V02→V04,V02,V04,full_vs_b_lite_ft,b_lite_ft,B-lite 同任务微调,D2-072,-0.0007517783454171201,-0.19170347808136562,-0.025805292444096628,-0.019862747440735518,0.03131027050592283,-0.0007517783454171201,0.013607577179317126
5,V02→V04,V02,V04,full_vs_b_lite_ft,b_lite_ft,B-lite 同任务微调,D2-073,-0.02849176079034807,-7.265399001538758,-0.04267030954360962,-0.02849176079034807,-0.046126859635114675,-0.013663061956564582,-0.01780168513456981
5,V02→V04,V02,V04,full_vs_b_lite_ft,b_lite_ft,B-lite 同任务微调,D2-074,-0.024912015111608926,-6.352563853460276,-0.024912015111608926,-0.021943746360413963,-0.03887630214519572,-0.008722353331518912,-0.025266953546440957
5,V02→V04,V02,V04,full_vs_b_lite_ft,b_lite_ft,B-lite 同任务微调,D2-075,0.11438661866020738,29.16858775835288,0.09154849303396126,0.11438661866020738,0.1418878683134129,0.13614859830653459,0.09188285940571836
5,V02→V04,V02,V04,full_vs_b_lite_ft,b_lite_ft,B-lite 同任务微调,D2-076,-0.00243895392244059,-0.6219332502223505,0.03658515339096388,-0.014120755406717478,-0.014323470182716846,-0.00243895392244059,0.03584194773187241
5,V02→V04,V02,V04,full_vs_b_lite_ft,b_lite_ft,B-lite 同任务微调,D2-077,-0.0011425855858572531,-0.2913593243935996,-0.016411785764255726,-0.0011425855858572531,0.01538782660988558,0.024504806461005363,-0.0025795520893458768
5,V02→V04,V02,V04,full_vs_b_lite_ft,b_lite_ft,B-lite 同任务微调,D2-078,0.12718114913219497,32.431193028709714,0.10549916894662949,0.12718114913219497,0.10887348935717628,0.13684080665310222,0.15557586224306197
5,V02→V04,V02,V04,full_vs_b_lite_ft,b_lite_ft,B-lite 同任务微调,D2-079,0.0605023596435785,15.428101709112518,0.04497707076370716,0.0605023596435785,0.05365038166443506,0.10012684265772501,0.10170971105496088
5,V02→V04,V02,V04,full_vs_b_lite_ft,b_lite_ft,B-lite 同任务微调,D2-080,0.02580530211950341,6.580352040473369,-0.01956155166650811,0.04639121936634183,0.03339634385580817,0.02580530211950341,-0.014421501196920872
5,V02→V04,V02,V04,full_vs_b_lite_ft,b_lite_ft,B-lite 同任务微调,D2-081,0.005209948461598279,1.3285368577075611,-0.002547475007864175,0.01029109527380806,0.005209948461598279,0.0011989796199859404,0.08744384491672885
5,V02→V04,V02,V04,full_vs_b_lite_ft,b_lite_ft,B-lite 同任务微调,D2-082,-0.005687378967801748,-1.4502816367894458,-0.0023610865076383047,-0.008779734373092651,-0.0063373808645539875,-0.005687378967801748,0.010209716959959925
5,V02→V04,V02,V04,full_vs_b_lite_ft,b_lite_ft,B-lite 同任务微调,D2-083,-0.005007070714029768,-1.276803032077591,-0.04278725531251951,-0.0033282678702781926,-0.005007070714029768,-0.026693271580098696,-0.004795687037637872
5,V02→V04,V02,V04,full_vs_b_lite_ft,b_lite_ft,B-lite 同任务微调,D2-084,0.23675911004344624,60.373573061078794,0.2293436552087466,0.2668068166822195,0.2471458564201991,0.23675911004344624,0.21070291350285208
5,V02→V04,V02,V04,full_vs_b_lite_ft,b_lite_ft,B-lite 同任务微调,D2-085,0.01905763347943626,4.859696537256246,-0.07681353290875753,0.026172919074694323,0.01905763347943626,-0.01651420990626018,0.04784942070643107
5,V02→V04,V02,V04,full_vs_b_lite_ft,b_lite_ft,B-lite 同任务微调,D2-086,-0.012084550246418954,-3.0815603128368334,-0.028747504333122842,-0.05580970982000941,0.03391620410340174,-0.011302636470645666,-0.012084550246418954
5,V02→V04,V02,V04,full_vs_b_lite_ft,b_lite_ft,B-lite 同任务微调,D2-087,0.05562171006970332,14.183536067774346,0.05843893545820858,0.0616980180652304,0.05562171006970332,0.0513588736454646,0.035956331528723226
5,V02→V04,V02,V04,full_vs_b_lite_ft,b_lite_ft,B-lite 同任务微调,D2-088,-0.01646471211705544,-4.198501589849138,-0.01646471211705544,-0.01746285797068567,-0.04214625557263693,-0.004749488123137524,-0.013584809321345703
5,V02→V04,V02,V04,full_vs_b_lite_ft,b_lite_ft,B-lite 同任务微调,D2-089,0.013740889107187626,3.5039267223328445,-0.043135641763607624,0.058618915267288685,0.047885993495583506,0.013740889107187626,-0.011400342918932438
5,V02→V04,V02,V04,full_vs_b_lite_ft,b_lite_ft,B-lite 同任务微调,D2-090,-0.008049240041720251,-2.052556210638664,-0.020830247224422935,0.019420041784382697,0.0004480528204064693,-0.012421987820089908,-0.008049240041720251
5,V02→V04,V02,V04,full_vs_b_lite_ft,b_lite_ft,B-lite 同任务微调,D2-091,0.05197915482597476,13.254684480623563,0.034344221919010876,0.04967267104448414,0.05197915482597476,0.135383104857726,0.07738518648040604
5,V02→V04,V02,V04,full_vs_b_lite_ft,b_lite_ft,B-lite 同任务微调,D2-092,0.1123383825733548,28.646287556205472,0.13796889923867722,0.1123383825733548,0.07471657154105957,0.09707378844420114,0.12424054422548841
5,V02→V04,V02,V04,full_vs_b_lite_ft,b_lite_ft,B-lite 同任务微调,D2-093,-0.004395211152001921,-1.12077884376049,-0.10366635915695455,0.009051984577786665,0.02017429821631489,-0.004395211152001921,-0.01905283244217143
5,V02→V04,V02,V04,full_vs_b_lite_ft,b_lite_ft,B-lite 同任务微调,D2-094,0.11120694999893506,28.35777224972844,0.08117953936258951,0.11120694999893506,0.19774193813403446,0.15086022143562633,0.09275774657726288
5,V02→V04,V02,V04,full_vs_b_lite_ft,b_lite_ft,B-lite 同任务微调,D2-095,0.042042018721501026,10.720714773982762,0.06191081553697586,0.042042018721501026,0.019443504512310028,0.03566374977429708,0.05095413178205489
5,V02→V04,V02,V04,full_vs_b_lite_ft,b_lite_ft,B-lite 同任务微调,D2-096,-0.018061796824137374,-4.60575819015503,-0.02998418278164333,0.029924692379103765,-0.018061796824137374,-0.010491455594698593,-0.07439908716413711
5,V02→V04,V02,V04,full_vs_b_lite_ft,b_lite_ft,B-lite 同任务微调,D2-097,0.02541156547764936,6.479949196800587,-0.0004891972057521343,0.043011250129590436,0.04368247355644901,0.02541156547764936,0.010601852865268796
5,V02→V04,V02,V04,full_vs_b_lite_ft,b_lite_ft,B-lite 同任务微调,D2-098,0.12623454009493193,32.18980772420764,0.15468003849188489,0.07142491390307745,0.12623454009493193,0.1134045273065567,0.1396800602475802
5,V02→V04,V02,V04,full_vs_b_lite_ft,b_lite_ft,B-lite 同任务微调,D2-099,0.047299555606312216,12.061386679609615,0.044198534554905355,0.04296698462631965,0.06998595760928261,0.05318268678254551,0.047299555606312216
5,V02→V04,V02,V04,full_vs_b_lite_ft,b_lite_ft,B-lite 同任务微调,D2-100,0.031018042976978022,7.909600959129396,0.031018042976978022,0.02353034054319708,0.0811629231057821,0.021903579954498542,0.06942003116171847
5,V02→V04,V02,V04,full_vs_freeuv_conserved,freeuv_conserved,FreeUV（已观测纹理保持）,D2-001,0.2697553851538234,68.78762321422496,0.2697553851538234,0.2676282188958592,0.2830982130434778,0.27026966876453823,0.24065580517053603
5,V02→V04,V02,V04,full_vs_freeuv_conserved,freeuv_conserved,FreeUV（已观测纹理保持）,D2-002,0.17625771570896756,44.945717505786725,0.1882335725037948,0.17625771570896756,0.16806880298300064,0.18386058854883994,0.17457247719816538
5,V02→V04,V02,V04,full_vs_freeuv_conserved,freeuv_conserved,FreeUV（已观测纹理保持）,D2-003,0.1252778430779775,31.945849984884266,0.10417654315630598,0.1252778430779775,0.141223684946696,0.10882323185602827,0.13793262640635173
5,V02→V04,V02,V04,full_vs_freeuv_conserved,freeuv_conserved,FreeUV（已观测纹理保持）,D2-004,0.09189433581901321,23.43305563384837,0.06355838669520436,0.1036761479847359,0.09131077338348736,0.0924322054241643,0.09189433581901321
5,V02→V04,V02,V04,full_vs_freeuv_conserved,freeuv_conserved,FreeUV（已观测纹理保持）,D2-005,-0.20143567807972432,-51.3660979103297,-0.22338686051468057,-0.20143567807972432,-0.19087726213037967,-0.21996669210493566,-0.19881563670933247
5,V02→V04,V02,V04,full_vs_freeuv_conserved,freeuv_conserved,FreeUV（已观测纹理保持）,D2-006,0.2032129423958915,51.81930031095233,0.12609246621529263,0.21314466638224466,0.23178477088610333,0.18715421536139082,0.2032129423958915
5,V02→V04,V02,V04,full_vs_freeuv_conserved,freeuv_conserved,FreeUV（已观测纹理保持）,D2-007,-0.08206180957732376,-20.92576144221756,-0.08206180957732376,-0.0679459672283243,-0.09423284072566915,-0.08223057472043566,-0.08122719857427807
5,V02→V04,V02,V04,full_vs_freeuv_conserved,freeuv_conserved,FreeUV（已观测纹理保持）,D2-008,0.07436758842733171,18.963735048969586,0.07204461544752121,0.055242282814449734,0.07436758842733171,0.07752561933464475,0.07794392688406838
5,V02→V04,V02,V04,full_vs_freeuv_conserved,freeuv_conserved,FreeUV（已观测纹理保持）,D2-009,0.07652352005243301,19.51349761337042,0.08593866353233656,0.07569312428434691,0.06693669781088829,0.11493274693687758,0.07652352005243301
5,V02→V04,V02,V04,full_vs_freeuv_conserved,freeuv_conserved,FreeUV（已观测纹理保持）,D2-010,0.046939298399679724,11.96952109191833,0.022422711764063158,0.04813013651541301,0.046939298399679724,0.09211861909854979,0.03679095066729046
5,V02→V04,V02,V04,full_vs_freeuv_conserved,freeuv_conserved,FreeUV（已观测纹理保持）,D2-011,0.007795890301672936,1.9879520269265987,0.007795890301672936,0.014593530782601893,-0.007302866679512798,0.010833407700475722,-0.004596487981163799
5,V02→V04,V02,V04,full_vs_freeuv_conserved,freeuv_conserved,FreeUV（已观测纹理保持）,D2-012,0.018105335036913556,4.616860434412957,0.018105335036913556,0.03308782875537873,-0.04394049396117529,0.03659341037273407,-0.014747097094853709
5,V02→V04,V02,V04,full_vs_freeuv_conserved,freeuv_conserved,FreeUV（已观测纹理保持）,D2-013,0.1611982574065526,41.105555638670914,0.19520973861217497,0.1611982574065526,0.16496708095073698,0.15516273081302642,0.15986738900343575
5,V02→V04,V02,V04,full_vs_freeuv_conserved,freeuv_conserved,FreeUV（已观测纹理保持）,D2-014,0.08931162901091991,22.774465397784578,0.06332988331192416,0.08931162901091991,0.120784591687353,0.08227152390438211,0.10195887036490855
5,V02→V04,V02,V04,full_vs_freeuv_conserved,freeuv_conserved,FreeUV（已观测纹理保持）,D2-015,-0.035907122580444095,-9.156316258013245,-0.032225221833762,-0.04722132738314422,-0.035907122580444095,-0.03387539351687713,-0.06176366218749213
5,V02→V04,V02,V04,full_vs_freeuv_conserved,freeuv_conserved,FreeUV（已观测纹理保持）,D2-016,0.04629369318071336,11.804891761081906,0.06818924804942472,0.048301687117459025,0.03617352685994568,0.02388519032133951,0.04629369318071336
5,V02→V04,V02,V04,full_vs_freeuv_conserved,freeuv_conserved,FreeUV（已观测纹理保持）,D2-017,0.05651446301046581,14.411188067668782,0.04543214417727931,0.0530385559291712,0.07747715296933338,0.06246885641788444,0.05651446301046581
5,V02→V04,V02,V04,full_vs_freeuv_conserved,freeuv_conserved,FreeUV（已观测纹理保持）,D2-018,-0.06923253063047141,-17.65429531077021,-0.10539293668249197,-0.03789111226797104,-0.06923253063047141,-0.07115459768918522,-0.0421382804450236
5,V02→V04,V02,V04,full_vs_freeuv_conserved,freeuv_conserved,FreeUV（已观测纹理保持）,D2-019,-0.010524345437685656,-2.683708086609842,-0.01405839920043947,0.026735342707898874,-0.015424082014295792,-0.010524345437685656,0.0085584153731664
5,V02→V04,V02,V04,full_vs_freeuv_conserved,freeuv_conserved,FreeUV（已观测纹理保持）,D2-020,0.045766692608594894,11.670506615191698,0.008834452368319035,0.06102098152041435,-0.02778964675962925,0.045766692608594894,0.05847523175179958
5,V02→V04,V02,V04,full_vs_freeuv_conserved,freeuv_conserved,FreeUV（已观测纹理保持）,D2-021,0.19955313950777057,50.886050574481494,0.18866115548845497,0.19955313950777057,0.23532954784053747,0.19181018915366044,0.2465398277184277
5,V02→V04,V02,V04,full_vs_freeuv_conserved,freeuv_conserved,FreeUV（已观测纹理保持）,D2-022,0.10909962981487764,27.820405602793798,0.10007642954587936,0.10961164703423326,0.09364540152477496,0.10909962981487764,0.12505366122632317
5,V02→V04,V02,V04,full_vs_freeuv_conserved,freeuv_conserved,FreeUV（已观测纹理保持）,D2-023,0.05429702736740191,13.845741978687487,0.0423797641585513,0.06708771323527749,0.05429702736740191,0.05336555257076171,0.06614748031143251
5,V02→V04,V02,V04,full_vs_freeuv_conserved,freeuv_conserved,FreeUV（已观测纹理保持）,D2-024,0.006430444618066161,1.6397633776068712,0.045059263706207275,0.013720222127934306,-0.01128433644771576,-0.01892536288748184,0.006430444618066161
5,V02→V04,V02,V04,full_vs_freeuv_conserved,freeuv_conserved,FreeUV（已观测纹理保持）,D2-025,0.0017347892835026524,0.44237126729317633,-0.020054416287513005,-0.01191949489570801,0.023246926211175467,0.033490725925990505,0.0017347892835026524
5,V02→V04,V02,V04,full_vs_freeuv_conserved,freeuv_conserved,FreeUV（已观测纹理保持）,D2-026,-0.01252209523945677,-3.1931342860614764,-0.01252209523945677,-0.005974815859470822,-0.03453844380967411,-0.010132611625724347,-0.024647355907493146
5,V02→V04,V02,V04,full_vs_freeuv_conserved,freeuv_conserved,FreeUV（已观测纹理保持）,D2-027,0.15247590839862826,38.88135664165021,0.1433101018269857,0.17282206714153292,0.13022536486387254,0.15247590839862826,0.17458786500824824
5,V02→V04,V02,V04,full_vs_freeuv_conserved,freeuv_conserved,FreeUV（已观测纹理保持）,D2-028,0.028747103052834677,7.330511278472843,0.029044621530920273,0.0256080481534203,0.028747103052834677,0.04640177115797997,0.028491276937226445
5,V02→V04,V02,V04,full_vs_freeuv_conserved,freeuv_conserved,FreeUV（已观测纹理保持）,D2-029,0.04228816487722928,10.783482043693466,0.037889311379856544,0.04454429397980372,0.02197270045677821,0.048308450397517966,0.04228816487722928
5,V02→V04,V02,V04,full_vs_freeuv_conserved,freeuv_conserved,FreeUV（已观测纹理保持）,D2-030,0.09989813011553555,25.474023179461568,0.0834841410525971,0.12139947971122134,0.13127514068037271,0.09927089626176488,0.09989813011553555
5,V02→V04,V02,V04,full_vs_freeuv_conserved,freeuv_conserved,FreeUV（已观测纹理保持）,D2-031,0.07323817080921596,18.67573355635007,0.08305370618426611,0.06652008756876937,0.08674347814586428,0.06624802972175298,0.07323817080921596
5,V02→V04,V02,V04,full_vs_freeuv_conserved,freeuv_conserved,FreeUV（已观测纹理保持）,D2-032,-0.0015818627240757333,-0.403374994639312,-0.003834303959997176,-0.013537844151465445,0.00669758200335005,-0.0015818627240757333,0.0257856691152685
5,V02→V04,V02,V04,full_vs_freeuv_conserved,freeuv_conserved,FreeUV（已观测纹理保持）,D2-033,0.05944626828034716,15.158798411488526,0.014145269989967318,0.05944626828034716,0.09625583589076994,0.0434067904949188,0.06398096978664397
5,V02→V04,V02,V04,full_vs_freeuv_conserved,freeuv_conserved,FreeUV（已观测纹理保持）,D2-034,0.12119483997424443,30.90468419343233,0.10074832091728847,0.12119483997424443,0.1488175218303998,0.10635381489992142,0.16156866550445556
5,V02→V04,V02,V04,full_vs_freeuv_conserved,freeuv_conserved,FreeUV（已观测纹理保持）,D2-035,0.006689940889676421,1.7059349268674875,-0.05771318905883366,0.012938222123516918,0.00266961008310318,0.006689940889676421,0.015139646828174591
5,V02→V04,V02,V04,full_vs_freeuv_conserved,freeuv_conserved,FreeUV（已观测纹理保持）,D2-036,0.04690720147142807,11.961336375214158,0.04387377016246319,0.05985855869948864,0.07551095560193061,0.04230828036864598,0.04690720147142807
5,V02→V04,V02,V04,full_vs_freeuv_conserved,freeuv_conserved,FreeUV（已观测纹理保持）,D2-037,0.08527322372823369,21.74467205069959,0.08527322372823369,0.07895086687423433,0.07473119857775815,0.10492305585420598,0.09238965265160681
5,V02→V04,V02,V04,full_vs_freeuv_conserved,freeuv_conserved,FreeUV（已观测纹理保持）,D2-038,0.06063392474537804,15.4616508100714,0.05471174631799969,0.09691747526327768,0.08544459229423887,0.06063392474537804,0.035240078965822874
5,V02→V04,V02,V04,full_vs_freeuv_conserved,freeuv_conserved,FreeUV（已观测纹理保持）,D2-039,-0.02010173536837101,-5.1259425189346075,-0.026651578024029732,-0.02010173536837101,-0.0712220792969068,0.008273527026176453,-0.01438959687948227
5,V02→V04,V02,V04,full_vs_freeuv_conserved,freeuv_conserved,FreeUV（已观测纹理保持）,D2-040,-0.03869377014537652,-9.866911387071012,-0.04662105503181617,-0.03563367171833913,-0.05873712028066318,-0.029138997818032905,-0.03869377014537652
5,V02→V04,V02,V04,full_vs_freeuv_conserved,freeuv_conserved,FreeUV（已观测纹理保持）,D2-041,0.30130594401132493,76.83301572288786,0.30130594401132493,0.29277354218657053,0.30507929291990066,0.3000316830381514,0.30650082632662756
5,V02→V04,V02,V04,full_vs_freeuv_conserved,freeuv_conserved,FreeUV（已观测纹理保持）,D2-042,0.09212952340838679,23.49302846913863,0.10107735090219137,0.08576057341537976,0.0836678125748509,0.09212952340838679,0.09429596261562485
5,V02→V04,V02,V04,full_vs_freeuv_conserved,freeuv_conserved,FreeUV（已观测纹理保持）,D2-043,0.05859128125788024,14.94077672075946,0.05315205270502096,0.060362297226674855,0.05859128125788024,0.05843208317916529,0.07596052628165731
5,V02→V04,V02,V04,full_vs_freeuv_conserved,freeuv_conserved,FreeUV（已观测纹理保持）,D2-044,0.4125584910313289,105.20241521298887,0.4125584910313289,0.41682511568069464,0.364617579513126,0.41283889942699015,0.36758222844865596
5,V02→V04,V02,V04,full_vs_freeuv_conserved,freeuv_conserved,FreeUV（已观测纹理保持）,D2-045,0.3551470637321472,90.56250125169754,0.3551470637321472,0.35285610208908713,0.36128414049744606,0.3653443853060404,0.34097406764825183
5,V02→V04,V02,V04,full_vs_freeuv_conserved,freeuv_conserved,FreeUV（已观测纹理保持）,D2-046,0.1035298857933436,26.40012087730262,0.10127012087748605,0.1035298857933436,0.11312432453418392,0.08609404185643565,0.12318792939186099
5,V02→V04,V02,V04,full_vs_freeuv_conserved,freeuv_conserved,FreeUV（已观测纹理保持）,D2-047,0.209216790066825,53.350281467040375,0.2056600468026267,0.209216790066825,0.19165378146701387,0.2249702844354841,0.20952164464526707
5,V02→V04,V02,V04,full_vs_freeuv_conserved,freeuv_conserved,FreeUV（已观测纹理保持）,D2-048,0.060634665025605106,15.461839581529302,0.04108399442500538,0.05296202964252894,0.060634665025605106,0.08775799257887734,0.07529878260360823
5,V02→V04,V02,V04,full_vs_freeuv_conserved,freeuv_conserved,FreeUV（已观测纹理保持）,D2-049,-0.06936855585728252,-17.688981743607044,-0.07935254330125946,-0.030780188040807843,-0.06547964446212129,-0.06936855585728252,-0.07154404343519771
5,V02→V04,V02,V04,full_vs_freeuv_conserved,freeuv_conserved,FreeUV（已观测纹理保持）,D2-050,0.19970589332903424,50.92500279890373,0.20097002666443586,0.23299790158246952,0.19239726879944405,0.19310517609119415,0.19970589332903424
5,V02→V04,V02,V04,full_vs_freeuv_conserved,freeuv_conserved,FreeUV（已观测纹理保持）,D2-051,0.10662058840638827,27.188250043629008,0.09439660979080058,0.12040650017470832,0.10662058840638827,0.13125786147568197,0.08881900537138185
5,V02→V04,V02,V04,full_vs_freeuv_conserved,freeuv_conserved,FreeUV（已观测纹理保持）,D2-052,0.0737346669038137,18.802340060472492,0.07254401197036109,0.09239259731645386,0.0737346669038137,0.07010373820861182,0.10154531473914782
5,V02→V04,V02,V04,full_vs_freeuv_conserved,freeuv_conserved,FreeUV（已观测纹理保持）,D2-053,0.06823082241389128,17.398859715542276,0.06823082241389128,0.05229614158202936,0.09430545689286413,0.05529646253263629,0.07905696856008994
5,V02→V04,V02,V04,full_vs_freeuv_conserved,freeuv_conserved,FreeUV（已观测纹理保持）,D2-054,0.06938727304600834,17.693754626732126,0.054726315629586825,0.07832290683137744,0.09523301708855125,0.05906094290446817,0.06938727304600834
5,V02→V04,V02,V04,full_vs_freeuv_conserved,freeuv_conserved,FreeUV（已观测纹理保持）,D2-055,0.15118298654754958,38.551661569625146,0.14289104317625365,0.15118298654754958,0.1657849393785,0.1640716555217902,0.1357374556362629
5,V02→V04,V02,V04,full_vs_freeuv_conserved,freeuv_conserved,FreeUV（已观测纹理保持）,D2-056,0.04701981562025406,11.990052983164786,0.030850215869791364,0.04713755057138555,0.035152643188542,0.04701981562025406,0.07335032537287356
5,V02→V04,V02,V04,full_vs_freeuv_conserved,freeuv_conserved,FreeUV（已观测纹理保持）,D2-057,0.1302349337687095,33.20990811102092,0.060852054230592895,0.14296960430564704,0.11347843941163135,0.1302349337687095,0.13662314359788544
5,V02→V04,V02,V04,full_vs_freeuv_conserved,freeuv_conserved,FreeUV（已观测纹理保持）,D2-058,0.03731709393935326,9.51585895453508,0.04199682644162424,0.015085134941798,0.04137726032581085,0.03731709393935326,0.009749998075839816
5,V02→V04,V02,V04,full_vs_freeuv_conserved,freeuv_conserved,FreeUV（已观测纹理保持）,D2-059,0.032008680559339975,8.162213542631694,-0.008109928596587435,0.04882855926241192,0.04094478913715904,0.008517903941018201,0.032008680559339975
5,V02→V04,V02,V04,full_vs_freeuv_conserved,freeuv_conserved,FreeUV（已观测纹理保持）,D2-060,0.1980381078190274,50.49971749385198,0.17987362585133979,0.1980381078190274,0.19598489171928832,0.22048976189560363,0.20932983938190675
5,V02→V04,V02,V04,full_vs_freeuv_conserved,freeuv_conserved,FreeUV（已观测纹理保持）,D2-061,-0.10649494799198927,-27.156211737957264,-0.11248867462078732,-0.10649494799198927,-0.09463715912015352,-0.09985508935319054,-0.14887294090456432
5,V02→V04,V02,V04,full_vs_freeuv_conserved,freeuv_conserved,FreeUV（已观测纹理保持）,D2-062,0.0465681625959965,11.874881461979108,0.04505620123102115,0.06060711103372085,0.05487772406866917,0.012206599546166569,0.0465681625959965
5,V02→V04,V02,V04,full_vs_freeuv_conserved,freeuv_conserved,FreeUV（已观测纹理保持）,D2-063,0.07866928643650481,20.060668041308727,0.09343255725171834,0.07476206703318491,0.07866928643650481,0.09952293046646649,0.07819452550676137
5,V02→V04,V02,V04,full_vs_freeuv_conserved,freeuv_conserved,FreeUV（已观测纹理保持）,D2-064,0.16242662781760808,41.41879009349006,0.1699067261956987,0.1832030216852824,0.15478998919328055,0.16242662781760808,0.1377892213917914
5,V02→V04,V02,V04,full_vs_freeuv_conserved,freeuv_conserved,FreeUV（已观测纹理保持）,D2-065,0.053300137804062286,13.591535140035884,-0.0049078711481005954,0.05676369817444571,0.053300137804062286,0.06363063771277666,0.040572893564347845
5,V02→V04,V02,V04,full_vs_freeuv_conserved,freeuv_conserved,FreeUV（已观测纹理保持）,D2-066,-0.189348990097642,-48.28399247489871,-0.21978714689612394,-0.22252925609548885,-0.189348990097642,-0.1884014594058196,-0.1167332914968332
5,V02→V04,V02,V04,full_vs_freeuv_conserved,freeuv_conserved,FreeUV（已观测纹理保持）,D2-067,0.13328024595975876,33.98646271973848,0.0909283662835757,0.13328024595975876,0.13550452192624413,0.15285257746775946,0.06029717524846395
5,V02→V04,V02,V04,full_vs_freeuv_conserved,freeuv_conserved,FreeUV（已观测纹理保持）,D2-068,-0.033809071055788925,-8.621313119226176,-0.033809071055788925,-0.015131663585054689,-0.04183126413735788,-0.001875977261342865,-0.04371843330454134
5,V02→V04,V02,V04,full_vs_freeuv_conserved,freeuv_conserved,FreeUV（已观测纹理保持）,D2-069,0.027729547582566738,7.071034633554518,0.04273480766763291,0.025838481572767108,0.027729547582566738,0.04569043850319254,0.024895901791751385
5,V02→V04,V02,V04,full_vs_freeuv_conserved,freeuv_conserved,FreeUV（已观测纹理保持）,D2-070,0.13168135848714085,33.578746414220916,0.13961383203665417,0.13127798060091533,0.1282064751154039,0.1536836421828929,0.13168135848714085
5,V02→V04,V02,V04,full_vs_freeuv_conserved,freeuv_conserved,FreeUV（已观测纹理保持）,D2-071,0.10093502265711626,25.73843077756465,0.07097971625626087,0.10093502265711626,0.11774316678444544,0.11426305087904134,0.07608532967666787
5,V02→V04,V02,V04,full_vs_freeuv_conserved,freeuv_conserved,FreeUV（已观测纹理保持）,D2-072,0.04472645330760211,11.405245593438538,0.01690607228212887,0.02781350814082001,0.062190471148049375,0.04472645330760211,0.06108079726497331
5,V02→V04,V02,V04,full_vs_freeuv_conserved,freeuv_conserved,FreeUV（已观测纹理保持）,D2-073,-0.032284795244534814,-8.232622787356378,-0.032284795244534814,-0.034065293769041716,-0.0345042350391547,-0.016566755870978056,-0.012566166122754435
5,V02→V04,V02,V04,full_vs_freeuv_conserved,freeuv_conserved,FreeUV（已观测纹理保持）,D2-074,0.05360409910931732,13.669045272875916,0.05621264479828603,0.04190330331524211,0.039581019431352615,0.06102107792641176,0.05360409910931732
5,V02→V04,V02,V04,full_vs_freeuv_conserved,freeuv_conserved,FreeUV（已观测纹理保持）,D2-075,0.09136335747806651,23.29765615690696,0.07926947806488005,0.09136335747806651,0.09337613783907472,0.10668294987919039,0.07522407082612056
5,V02→V04,V02,V04,full_vs_freeuv_conserved,freeuv_conserved,FreeUV（已观测纹理保持）,D2-076,0.20359909767284992,51.91776990657673,0.2294821096584201,0.19833360224341354,0.18516044567028683,0.20359909767284992,0.2370126908645034
5,V02→V04,V02,V04,full_vs_freeuv_conserved,freeuv_conserved,FreeUV（已观测纹理保持）,D2-077,0.043124414937592115,10.996725809085989,0.036571225172829375,0.032091420400759296,0.05713420074390271,0.057078607594487324,0.043124414937592115
5,V02→V04,V02,V04,full_vs_freeuv_conserved,freeuv_conserved,FreeUV（已观测纹理保持）,D2-078,0.08940492694576582,22.798256371170286,0.0881997524272828,0.10359094274185954,0.08578212488265266,0.08940492694576582,0.11196676393349966
5,V02→V04,V02,V04,full_vs_freeuv_conserved,freeuv_conserved,FreeUV（已观测纹理保持）,D2-079,0.09769097343087194,24.911198224872344,0.07152490441997844,0.09769097343087194,0.0729742348194122,0.12079331651329991,0.13144627461830774
5,V02→V04,V02,V04,full_vs_freeuv_conserved,freeuv_conserved,FreeUV（已观测纹理保持）,D2-080,0.029705454129725695,7.574890803080052,0.008003517209241806,0.06238625757396221,0.05828972393646836,0.029705454129725695,0.014726563046375929
5,V02→V04,V02,V04,full_vs_freeuv_conserved,freeuv_conserved,FreeUV（已观测纹理保持）,D2-081,0.12633215490346533,32.21469950038366,0.08657382648342693,0.12980777543420213,0.12633215490346533,0.10971150838602811,0.1777822745916171
5,V02→V04,V02,V04,full_vs_freeuv_conserved,freeuv_conserved,FreeUV（已观测纹理保持）,D2-082,0.030060260039236786,7.66536631000538,0.03275196709566644,0.030060260039236786,0.021124583979447664,0.027616283752851994,0.04085263320141366
5,V02→V04,V02,V04,full_vs_freeuv_conserved,freeuv_conserved,FreeUV（已观测纹理保持）,D2-083,-0.0262677761158724,-6.698282909547462,-0.05208667641741105,-0.005912990748197178,-0.02426089380664387,-0.042472515041115655,-0.0262677761158724
5,V02→V04,V02,V04,full_vs_freeuv_conserved,freeuv_conserved,FreeUV（已观测纹理保持）,D2-084,0.04437639191746712,11.315979938954115,0.05018957207600276,0.0456122811883688,0.0037079453468322754,0.04437639191746712,0.021182415386041
5,V02→V04,V02,V04,full_vs_freeuv_conserved,freeuv_conserved,FreeUV（已观测纹理保持）,D2-085,0.13051825265089673,33.28215442597867,0.057138845324516296,0.13908519943555198,0.13051825265089673,0.10839459796746573,0.1630095332860947
5,V02→V04,V02,V04,full_vs_freeuv_conserved,freeuv_conserved,FreeUV（已观测纹理保持）,D2-086,0.13615808727419268,34.720312254919136,0.12955271042994268,0.10802405678467558,0.14357857659481288,0.1393899161734485,0.13615808727419268
5,V02→V04,V02,V04,full_vs_freeuv_conserved,freeuv_conserved,FreeUV（已观测纹理保持）,D2-087,0.06276784972711043,16.00580168041316,0.05959609636303151,0.06804579304474773,0.08283285796642303,0.05537853999571368,0.06276784972711043
5,V02→V04,V02,V04,full_vs_freeuv_conserved,freeuv_conserved,FreeUV（已观测纹理保持）,D2-088,0.06062084504149176,15.4583154855804,0.06062084504149176,0.05937961142773579,0.05166485386364386,0.08417190400638966,0.07185682421079789
5,V02→V04,V02,V04,full_vs_freeuv_conserved,freeuv_conserved,FreeUV（已观测纹理保持）,D2-089,0.1268313120429715,32.34198457095773,0.08466141236325109,0.18461520752559107,0.19511079353590807,0.1268313120429715,0.12160833769788348
5,V02→V04,V02,V04,full_vs_freeuv_conserved,freeuv_conserved,FreeUV（已观测纹理保持）,D2-090,0.039962588825769585,10.190460150571244,0.042945868090579375,0.056400545660341,0.03957642418773552,0.039962588825769585,0.034239805908056725
5,V02→V04,V02,V04,full_vs_freeuv_conserved,freeuv_conserved,FreeUV（已观测纹理保持）,D2-091,0.019839174472368715,5.058989490454023,0.020628206718426523,-0.021132570906327308,-0.003290480719162825,0.05187401643548259,0.019839174472368715
5,V02→V04,V02,V04,full_vs_freeuv_conserved,freeuv_conserved,FreeUV（已观测纹理保持）,D2-092,0.20462836041336965,52.180231905409265,0.2460809094565255,0.18384932549226848,0.20462836041336965,0.1891173876467205,0.21654844958157765
5,V02→V04,V02,V04,full_vs_freeuv_conserved,freeuv_conserved,FreeUV（已观测纹理保持）,D2-093,-0.13547195559915376,-34.54534867778421,-0.17770942541606288,-0.13858788438579617,-0.10142628505241635,-0.13547195559915376,-0.1354042502741019
5,V02→V04,V02,V04,full_vs_freeuv_conserved,freeuv_conserved,FreeUV（已观测纹理保持）,D2-094,0.06632980455954869,16.914100162684917,0.03845553348461786,0.06632980455954869,0.10113238915801048,0.07997532437245052,0.04016590863466263
5,V02→V04,V02,V04,full_vs_freeuv_conserved,freeuv_conserved,FreeUV（已观测纹理保持）,D2-095,0.07160795778036118,18.2600292339921,0.0801285023490588,0.06404799595475198,0.05184005747238796,0.07160795778036118,0.0881443942586581
5,V02→V04,V02,V04,full_vs_freeuv_conserved,freeuv_conserved,FreeUV（已观测纹理保持）,D2-096,0.15936365392473006,40.63773175080617,0.16149478488498262,0.18573278850979275,0.13390215403503838,0.15936365392473006,0.11190833482477397
5,V02→V04,V02,V04,full_vs_freeuv_conserved,freeuv_conserved,FreeUV（已观测纹理保持）,D2-097,0.08440201139698425,21.522512906230983,0.0836657090112567,0.10400268714874981,0.11347449974467357,0.08440201139698425,0.0832410572717587
5,V02→V04,V02,V04,full_vs_freeuv_conserved,freeuv_conserved,FreeUV（已观测纹理保持）,D2-098,0.19431777546803156,49.55103274434805,0.2580319593350093,0.15785144021113715,0.2013488101462523,0.18120987713336945,0.19431777546803156
5,V02→V04,V02,V04,full_vs_freeuv_conserved,freeuv_conserved,FreeUV（已观测纹理保持）,D2-099,0.14357211440801618,36.610889174044125,0.14357211440801618,0.1424006331298086,0.16855292270580927,0.14293786966138414,0.14834047978123027
5,V02→V04,V02,V04,full_vs_freeuv_conserved,freeuv_conserved,FreeUV（已观测纹理保持）,D2-100,-0.07131006568670273,-18.184066750109196,-0.08905242535696234,-0.07131006568670273,-0.0528828427195549,-0.09713310415866555,-0.052893135977047756
6,V03→V01,V03,V01,full_vs_condition0,condition0,NoCond,D2-001,0.009993611079537196,2.5483708252819848,0.028496461030509734,-0.018862388945288133,0.02912507871579792,0.007798137598567539,0.009993611079537196
6,V03→V01,V03,V01,full_vs_condition0,condition0,NoCond,D2-002,-0.02793332677157151,-7.122998326750735,-0.049152890344460826,-0.02793332677157151,-0.03446633051193898,-0.003768187796785727,0.0097909113658326
6,V03→V01,V03,V01,full_vs_condition0,condition0,NoCond,D2-003,-0.00016246537367500813,-0.04142867028712707,0.03717419306437175,-0.02709017793337505,0.04248995184898377,-0.005523375670115155,-0.00016246537367500813
6,V03→V01,V03,V01,full_vs_condition0,condition0,NoCond,D2-004,0.020833733473338334,5.312602035701275,0.04170553861003297,0.007738786913892792,0.024831631677407845,0.020833733473338334,0.0126345919846904
6,V03→V01,V03,V01,full_vs_condition0,condition0,NoCond,D2-005,-0.0009652195084426107,-0.24613097465286574,0.019181851711538106,0.011079822459982513,-0.0014603059324953538,-0.05092783975932333,-0.0009652195084426107
6,V03→V01,V03,V01,full_vs_condition0,condition0,NoCond,D2-006,-0.013518498412200375,-3.4472170951110956,-0.08202619797417093,0.013227664998599453,0.02139749715016001,-0.0137760445830368,-0.013518498412200375
6,V03→V01,V03,V01,full_vs_condition0,condition0,NoCond,D2-007,0.013682628671328231,3.489070311188699,0.0006241351366043091,0.09301935633023581,0.09563284864028296,0.013682628671328231,0.007166564464569092
6,V03→V01,V03,V01,full_vs_condition0,condition0,NoCond,D2-008,-0.004743922346582025,-1.2097001983784164,0.02684711913267772,0.03522216388955711,-0.004743922346582025,-0.02792286096761623,-0.029867314733564868
6,V03→V01,V03,V01,full_vs_condition0,condition0,NoCond,D2-009,0.00022304235110137682,0.05687579953085109,-0.016819311775736978,0.06579264218977715,-0.017099775172568665,0.00022304235110137682,0.027798639350310572
6,V03→V01,V03,V01,full_vs_condition0,condition0,NoCond,D2-010,0.016350067023074955,4.169267090884113,0.016350067023074955,-0.020546464983261015,0.04423469440503558,0.006794791329990724,0.05124839214664517
6,V03→V01,V03,V01,full_vs_condition0,condition0,NoCond,D2-011,-0.0022292937669488866,-0.568469910571966,0.012831344621049012,-0.02363774263196522,0.04448629228605164,-0.0022292937669488866,-0.016534534758991665
6,V03→V01,V03,V01,full_vs_condition0,condition0,NoCond,D2-012,-0.049753222769747196,-12.687071806285536,-0.09686742598811787,0.04929781953493756,-0.003553498536348343,-0.07083582598716015,-0.049753222769747196
6,V03→V01,V03,V01,full_vs_condition0,condition0,NoCond,D2-013,5.479091615007148e-05,0.013971683618268227,-0.022187969925110795,0.008304041859350714,-0.028695002590355123,5.479091615007148e-05,0.014976011033643766
6,V03→V01,V03,V01,full_vs_condition0,condition0,NoCond,D2-014,0.007118554955179046,1.8152315135706567,-0.034935409146727936,0.016931597143411636,-0.0025454641065814354,0.007118554955179046,0.023674864999272627
6,V03→V01,V03,V01,full_vs_condition0,condition0,NoCond,D2-015,0.002151887346473008,0.5487312733506171,-0.025032568722963333,0.002151887346473008,-0.005808117747720748,0.009405734638373048,0.035242978276477904
6,V03→V01,V03,V01,full_vs_condition0,condition0,NoCond,D2-016,0.002171303828557347,0.5536824762821235,0.002171303828557347,-0.023306055863698327,-0.013418076435724874,0.037906589110692335,0.007131455341974902
6,V03→V01,V03,V01,full_vs_condition0,condition0,NoCond,D2-017,0.012373458920863611,3.155232024820221,-0.018909155080715834,-0.014731056138611698,0.0257404108711502,0.0202922486422355,0.012373458920863611
6,V03→V01,V03,V01,full_vs_condition0,condition0,NoCond,D2-018,0.0030604739569955186,0.7804208590338573,0.0030604739569955186,-0.02117935547398196,-0.01694767073624663,0.015250911522242755,0.027591449932919607
6,V03→V01,V03,V01,full_vs_condition0,condition0,NoCond,D2-019,0.007986354227695211,2.036520328062279,-0.020489527429971427,0.012027391956912145,0.007986354227695211,0.01796129087193145,0.0001709904107782545
6,V03→V01,V03,V01,full_vs_condition0,condition0,NoCond,D2-020,0.009206440194515192,2.347642249601374,-0.02753420970744669,0.009206440194515192,0.07311344481373239,0.037037114049755265,-0.018553037512100357
6,V03→V01,V03,V01,full_vs_condition0,condition0,NoCond,D2-021,-0.013478055759741536,-3.436904218734092,0.006062077521754972,-0.01126407505127422,-0.013478055759741536,-0.02230267380282544,-0.015411684714388418
6,V03→V01,V03,V01,full_vs_condition0,condition0,NoCond,D2-022,-0.01020764425779,-2.60294928573645,-0.006626381705968826,-0.012117347656152189,-0.0015076070259779084,-0.01020764425779,-0.029031506715676725
6,V03→V01,V03,V01,full_vs_condition0,condition0,NoCond,D2-023,-0.0348763098969819,-8.893459023730385,-0.04253081229352762,0.04394889900845195,-0.0348763098969819,-0.03847485394882305,0.009603465833361191
6,V03→V01,V03,V01,full_vs_condition0,condition0,NoCond,D2-024,-0.02676658342695898,-6.82547877387454,-0.040767896299560874,-0.02676658342695898,0.012589067427648426,0.017155835198031544,-0.02815683113618031
6,V03→V01,V03,V01,full_vs_condition0,condition0,NoCond,D2-025,-0.00765784756810059,-1.9527511298656504,-0.03553065759878532,-0.00765784756810059,0.0022115763276815414,-0.019879077871640533,-0.0007496145279968502
6,V03→V01,V03,V01,full_vs_condition0,condition0,NoCond,D2-026,0.007220383910905737,1.8411978972809628,0.007220383910905737,-0.013118747799169439,0.01769174067747023,0.015310043380374033,-0.0015659662229674243
6,V03→V01,V03,V01,full_vs_condition0,condition0,NoCond,D2-027,0.016247933109601334,4.1432229429483405,0.01940805051061842,-0.015868973400857717,0.016247933109601334,-0.004600687159432307,0.02503526210784912
6,V03→V01,V03,V01,full_vs_condition0,condition0,NoCond,D2-028,-0.014379924436410257,-3.6668807312846154,0.020522527347008407,-0.014379924436410257,-0.016117222309112555,-0.0023705025513967026,-0.04642157147328059
6,V03→V01,V03,V01,full_vs_condition0,condition0,NoCond,D2-029,-0.004886012066874612,-1.2459330770530261,-0.030799029558374158,0.04428662490426449,-0.028377315977163503,0.014367376895327327,-0.004886012066874612
6,V03→V01,V03,V01,full_vs_condition0,condition0,NoCond,D2-030,-0.004595462853709847,-1.171843027696011,0.018404188100248575,-0.004595462853709847,-0.04733815478781858,-0.0059504942037165165,0.012368404927353083
6,V03→V01,V03,V01,full_vs_condition0,condition0,NoCond,D2-031,0.018297192601797477,4.665784113458357,0.012761103765418141,0.0747897665326794,0.04569144651759416,0.018297192601797477,0.009904888613770396
6,V03→V01,V03,V01,full_vs_condition0,condition0,NoCond,D2-032,0.014874815940856934,3.793078064918518,-0.024606340697833462,0.018493828674157456,-0.012628725951626202,0.014874815940856934,0.01623102383954185
6,V03→V01,V03,V01,full_vs_condition0,condition0,NoCond,D2-033,-0.007422733638021678,-1.8927970776955279,0.004773465295632662,-0.04433962661359045,0.01630260298649472,-0.03733398848109776,-0.007422733638021678
6,V03→V01,V03,V01,full_vs_condition0,condition0,NoCond,D2-034,0.015272458749158044,3.894476981035301,-0.03773425874255951,0.011155293810935246,0.03787497963224139,0.015272458749158044,0.025134235975288202
6,V03→V01,V03,V01,full_vs_condition0,condition0,NoCond,D2-035,-0.008211673068051983,-2.0939766323532556,-0.03037780757541908,-0.008211673068051983,-0.032529002676407515,-0.003930231669183937,0.006359582371783995
6,V03→V01,V03,V01,full_vs_condition0,condition0,NoCond,D2-036,0.005465524823025425,1.3937088298714833,0.005465524823025425,0.019379856202889373,-0.00611964916741406,0.013082633864272525,-0.0078011813608032665
6,V03→V01,V03,V01,full_vs_condition0,condition0,NoCond,D2-037,0.012493285932578146,3.1857879128074273,0.012493285932578146,0.02296199897925061,0.0211931454250589,-0.006452122392753751,0.004759965425667645
6,V03→V01,V03,V01,full_vs_condition0,condition0,NoCond,D2-038,-0.0028914454437437564,-0.7373185881546579,-0.01536266907813058,-0.005515749847132073,0.02607231208729366,-0.0028914454437437564,0.04023623632060158
6,V03→V01,V03,V01,full_vs_condition0,condition0,NoCond,D2-039,-0.019719717403252915,-5.028527937829494,-0.09570683538913727,-0.019719717403252915,-0.020249555508295686,0.009487333397070558,-0.009945211311181396
6,V03→V01,V03,V01,full_vs_condition0,condition0,NoCond,D2-040,-0.0002758887906869206,-0.07035164162516476,-0.01392843636373678,0.013064732154210404,-0.0005680406466126442,-0.0002758887906869206,0.05367716960608958
6,V03→V01,V03,V01,full_vs_condition0,condition0,NoCond,D2-041,0.001750575999418899,0.44639687985181925,0.023844542602698013,-0.02399095644553502,0.021093584597110734,0.001750575999418899,-0.054668873548507704
6,V03→V01,V03,V01,full_vs_condition0,condition0,NoCond,D2-042,0.009636604661742848,2.457334188744426,-0.0194035435716311,0.014253779045409642,0.009636604661742848,0.024933993816375732,0.0042490254673692995
6,V03→V01,V03,V01,full_vs_condition0,condition0,NoCond,D2-043,0.01759769229425326,4.487411535034581,0.004847368432415872,0.01759769229425326,0.06698240670892927,-0.013091720640659332,0.031616253571377845
6,V03→V01,V03,V01,full_vs_condition0,condition0,NoCond,D2-044,0.012928877439763814,3.2968637471397724,-0.04177998089128071,0.012928877439763814,-0.024186223331424936,0.024789003448353872,0.01492989663448599
6,V03→V01,V03,V01,full_vs_condition0,condition0,NoCond,D2-045,-0.009279167535258315,-2.36618772149087,0.0002391902985526273,-0.050436007114602055,-0.03482770627620174,-0.0052965955407011656,-0.009279167535258315
6,V03→V01,V03,V01,full_vs_condition0,condition0,NoCond,D2-046,-0.02678405897070965,-6.829935037530961,-0.04137177014102539,-0.02678405897070965,0.0010066025890409502,0.002783481248964881,-0.03960408810526134
6,V03→V01,V03,V01,full_vs_condition0,condition0,NoCond,D2-047,-0.025622966827130778,-6.533856540918348,-0.025622966827130778,-0.051172318119628774,-0.02021435502113078,-0.02699995289246243,0.03673709300803202
6,V03→V01,V03,V01,full_vs_condition0,condition0,NoCond,D2-048,0.005416414567402439,1.3811857146876219,0.005416414567402439,0.04198652860664186,-0.021911374071524256,0.018177735840990417,-0.03969005601746696
6,V03→V01,V03,V01,full_vs_condition0,condition0,NoCond,D2-049,-0.003302862704323034,-0.8422299896023737,-0.003302862704323034,-0.0004090054385494646,0.0070653405497994315,-0.00805991633157982,-0.027049886356843134
6,V03→V01,V03,V01,full_vs_condition0,condition0,NoCond,D2-050,0.00457987416949536,1.1678679132213168,-0.0023443260126643634,-0.04684736972881688,0.00457987416949536,0.014466307022505329,0.04178949440312053
6,V03→V01,V03,V01,full_vs_condition0,condition0,NoCond,D2-051,0.00819921932923487,2.0908009289548914,0.01413805706378743,0.015291750048979758,-0.0038614928340300614,0.00819921932923487,-0.040566826478028895
6,V03→V01,V03,V01,full_vs_condition0,condition0,NoCond,D2-052,-0.00227341825763383,-0.5797216556966267,-0.00940677449107169,-0.00227341825763383,0.07063929190238319,-0.041442732512950886,0.05083057532707849
6,V03→V01,V03,V01,full_vs_condition0,condition0,NoCond,D2-053,-0.003186430877599955,-0.8125398737879885,-0.013508851663806498,0.007181898619119942,-0.0037935137844238576,0.013257453409142972,-0.003186430877599955
6,V03→V01,V03,V01,full_vs_condition0,condition0,NoCond,D2-054,-0.0025091639129064536,-0.6398367977911457,-0.0025091639129064536,-0.02067641994004607,0.03882248427278251,-0.01612420235910722,0.0004387124571748613
6,V03→V01,V03,V01,full_vs_condition0,condition0,NoCond,D2-055,-0.009195853895958395,-2.3449427434693906,0.0174392470589248,-0.012014715822153188,0.009435841092659603,-0.009195853895958395,-0.01601647301226533
6,V03→V01,V03,V01,full_vs_condition0,condition0,NoCond,D2-056,-0.014359359939893096,-3.6616367846727393,-0.05960580085714656,0.07379877343773841,0.008856494352221467,-0.06027380054195722,-0.014359359939893096
6,V03→V01,V03,V01,full_vs_condition0,condition0,NoCond,D2-057,0.0027298443019390106,0.6961102969944477,-0.01840442419052124,0.0305117977162202,0.0027298443019390106,-0.026267814760406807,0.04293413211901981
6,V03→V01,V03,V01,full_vs_condition0,condition0,NoCond,D2-058,-0.006549886910727748,-1.6702211622355758,0.0002752462126038857,-0.0008487977018510895,-0.006549886910727748,-0.030325435860841368,-0.01243797054997195
6,V03→V01,V03,V01,full_vs_condition0,condition0,NoCond,D2-059,-0.003017299857578759,-0.7694114636825835,-0.003017299857578759,-0.02486934369070487,0.02233225179084561,-0.01470477689515079,0.02875875988811777
6,V03→V01,V03,V01,full_vs_condition0,condition0,NoCond,D2-060,-0.015850260853767395,-4.041816517710686,-0.04242198367913565,-0.03685798048973084,0.012497637669245401,-0.015191966295242304,-0.015850260853767395
6,V03→V01,V03,V01,full_vs_condition0,condition0,NoCond,D2-061,0.004366650501740926,1.1134958779439361,0.005255632577281372,-0.008813831589969928,0.01115195332642864,0.004366650501740926,-0.0034768411560970325
6,V03→V01,V03,V01,full_vs_condition0,condition0,NoCond,D2-062,0.008915880838265777,2.273549613757773,0.01910798125064525,0.008915880838265777,0.01714237249241425,-0.016264140056685,-0.01199703310162592
6,V03→V01,V03,V01,full_vs_condition0,condition0,NoCond,D2-063,-0.0015418629239623838,-0.39317504561040784,0.011814283750330418,0.0060933109489269555,-0.014132189564406872,-0.0015418629239623838,-0.041246932038726924
6,V03→V01,V03,V01,full_vs_condition0,condition0,NoCond,D2-064,-0.017774345353245735,-4.5324580650776625,-0.007420705424414753,-0.038911799693273186,0.10361266881227493,-0.017774345353245735,-0.024304387884007572
6,V03→V01,V03,V01,full_vs_condition0,condition0,NoCond,D2-065,0.007896150811575353,2.013518456951715,-0.01847757352516055,0.007896150811575353,0.017132948463161796,0.0011268077262987786,0.02478010975755751
6,V03→V01,V03,V01,full_vs_condition0,condition0,NoCond,D2-066,0.01661845927851069,4.237707116020226,0.006737322236100796,0.09895252069044447,0.019211825138578803,-0.0008884607814252377,0.01661845927851069
6,V03→V01,V03,V01,full_vs_condition0,condition0,NoCond,D2-067,-0.025151343454444253,-6.413592580883284,-0.03858753219838179,-0.03284042636080392,-0.010255786338968897,-0.025151343454444253,-0.009646459586090506
6,V03→V01,V03,V01,full_vs_condition0,condition0,NoCond,D2-068,-0.00028132079612641636,-0.07173680301223617,-0.025413922078552725,-0.00028132079612641636,0.05160224845721606,0.007369020510287538,-0.018856034037612712
6,V03→V01,V03,V01,full_vs_condition0,condition0,NoCond,D2-069,-0.010052060087521852,-2.563275322318072,-0.029162824153900146,-0.008418959875901522,-0.01097887080340157,-0.010052060087521852,0.007630650131475347
6,V03→V01,V03,V01,full_vs_condition0,condition0,NoCond,D2-070,-0.009581208539505809,-2.443208177573981,0.010221124937136977,-0.009581208539505809,-0.0019263693441947394,-0.01953032271315655,-0.013075341160098702
6,V03→V01,V03,V01,full_vs_condition0,condition0,NoCond,D2-071,0.032037137697140394,8.169470112770801,0.03799041563814337,0.032037137697140394,0.00697500315127951,0.03569217048811189,-0.050538974842338866
6,V03→V01,V03,V01,full_vs_condition0,condition0,NoCond,D2-072,-0.0010187327861785889,-0.25977686047554016,-0.0010187327861785889,-0.03252985968421668,0.006159312832049846,0.03914445371199876,-0.018177774472114383
6,V03→V01,V03,V01,full_vs_condition0,condition0,NoCond,D2-073,-0.008747273318779974,-2.2305546962888934,0.012550413841381669,-0.030656860830883204,-0.027254507062025368,0.013067752200489224,-0.008747273318779974
6,V03→V01,V03,V01,full_vs_condition0,condition0,NoCond,D2-074,0.01530319104592004,3.9023137167096102,0.001898099482059462,-0.008951218426227578,0.01530319104592004,0.01954695594807465,0.029808135454853363
6,V03→V01,V03,V01,full_vs_condition0,condition0,NoCond,D2-075,0.021643678954040457,5.519138133280316,0.01448608716159605,0.05293305201286619,0.019900206434117107,0.021643678954040457,0.03824559009323514
6,V03→V01,V03,V01,full_vs_condition0,condition0,NoCond,D2-076,0.011262969102388554,2.8720571211090813,-0.024753788187180048,0.011262969102388554,0.014667372782657173,-0.021018780675935156,0.03529492876044024
6,V03→V01,V03,V01,full_vs_condition0,condition0,NoCond,D2-077,0.028585917413389922,7.28940894041443,0.028585917413389922,0.03406786293877909,0.03153033116056274,0.010540957116366684,-0.012299857917241752
6,V03→V01,V03,V01,full_vs_condition0,condition0,NoCond,D2-078,-0.0009858887642621994,-0.25140163488686085,-0.002229960014422716,-0.006430600459376962,0.028483206406235695,-0.0009858887642621994,0.013677346209685026
6,V03→V01,V03,V01,full_vs_condition0,condition0,NoCond,D2-079,-0.010990009953578295,-2.802452538162465,-0.010990009953578295,-0.002200842835009098,-0.024496443880101026,0.0233977367946257,-0.02754854876548052
6,V03→V01,V03,V01,full_vs_condition0,condition0,NoCond,D2-080,0.015168602035070464,3.8679935189429684,0.015168602035070464,0.06628236972028391,0.005226287913198263,-0.040482880392422274,0.02766268948713938
6,V03→V01,V03,V01,full_vs_condition0,condition0,NoCond,D2-081,-0.0007029749583779554,-0.17925861438637863,-0.0007029749583779554,-0.0008573236695507136,0.01230982044025472,0.011512909607406252,-0.024081515638451817
6,V03→V01,V03,V01,full_vs_condition0,condition0,NoCond,D2-082,-0.02366158397247395,-6.033703912980857,-0.035758817257980524,0.02344947246213755,-0.022414960665628314,-0.02366158397247395,-0.03004500875249505
6,V03→V01,V03,V01,full_vs_condition0,condition0,NoCond,D2-083,0.02641533240675925,6.735909763723609,0.02354907095432282,0.04174296756585438,-0.021465651442607245,0.02641533240675925,0.03009747912486395
6,V03→V01,V03,V01,full_vs_condition0,condition0,NoCond,D2-084,0.002850614720955491,0.7269067538436502,-0.011705432397623866,0.002850614720955491,-0.0005352217704057693,0.029374119825661196,0.008605936154102295
6,V03→V01,V03,V01,full_vs_condition0,condition0,NoCond,D2-085,-0.003377550178103983,-0.8612752954165157,-0.003377550178103983,0.016830147968398185,-0.028015115194850504,-0.010116285747951925,0.008524134755134583
6,V03→V01,V03,V01,full_vs_condition0,condition0,NoCond,D2-086,-0.010802530920973025,-2.7546453848481214,-0.023249419515623787,0.017093739088843873,-0.010802530920973025,-0.010806112020623454,0.034588796981409486
6,V03→V01,V03,V01,full_vs_condition0,condition0,NoCond,D2-087,-0.017018850102569122,-4.339806776155126,-0.109566302913608,0.05707925106539874,0.03577248616652057,-0.017018850102569122,-0.04786079173738306
6,V03→V01,V03,V01,full_vs_condition0,condition0,NoCond,D2-088,0.015000586475556077,3.8251495512667995,0.028314130924021186,0.015000586475556077,-0.06587390167017776,-0.03510955007125938,0.030919773736968637
6,V03→V01,V03,V01,full_vs_condition0,condition0,NoCond,D2-089,-0.0030595320794317704,-0.7801806802551015,0.04553551144070095,0.04652872267696592,-0.009592095183001637,-0.016853018767303884,-0.0030595320794317704
6,V03→V01,V03,V01,full_vs_condition0,condition0,NoCond,D2-090,-0.008074949614894703,-2.059112151798149,-0.008074949614894703,-0.011305682241725623,0.01032469271180722,0.02253133994646561,-0.011712502067287772
6,V03→V01,V03,V01,full_vs_condition0,condition0,NoCond,D2-091,-0.001069787475797862,-0.2727958063284548,-0.04329241287929039,0.02176958336322396,-0.0022666234936979113,-0.001069787475797862,0.027594203336371304
6,V03→V01,V03,V01,full_vs_condition0,condition0,NoCond,D2-092,0.009099400291840226,2.320347074419258,0.07150862365961075,-0.043971015761295945,0.009099400291840226,0.0566832305242618,-0.015016991024216025
6,V03→V01,V03,V01,full_vs_condition0,condition0,NoCond,D2-093,-0.00016056268643110938,-0.04094348503993289,-0.06980703427241397,0.011480962809843898,0.027483362226914138,-0.0009265649013029953,-0.00016056268643110938
6,V03→V01,V03,V01,full_vs_condition0,condition0,NoCond,D2-094,-0.0060783046902271876,-1.5499676960079327,-0.02030458144451444,0.03544968876399493,0.04141251461809142,-0.0060783046902271876,-0.007057880231162994
6,V03→V01,V03,V01,full_vs_condition0,condition0,NoCond,D2-095,-0.008004889601752857,-2.0412468484469786,-0.023385070264339447,0.02931686242421469,-0.020385569050198504,-0.008004889601752857,0.01672799370828129
6,V03→V01,V03,V01,full_vs_condition0,condition0,NoCond,D2-096,0.006664227445920323,1.6993779987096824,0.031835607687632245,-0.00701770459612211,-0.0011120521773894665,0.006664227445920323,0.00909377137819925
6,V03→V01,V03,V01,full_vs_condition0,condition0,NoCond,D2-097,-0.007705735094431371,-1.9649624490799995,-0.007705735094431371,-0.0252231131825182,0.0017275370450483551,0.03444009491552909,-0.024594441573652953
6,V03→V01,V03,V01,full_vs_condition0,condition0,NoCond,D2-098,0.0073361750002260695,1.8707246250576477,0.006670942461049101,0.05181316189743854,0.03697193174818417,0.0073361750002260695,-0.06502848737125777
6,V03→V01,V03,V01,full_vs_condition0,condition0,NoCond,D2-099,-0.004005077768836102,-1.021294831053206,0.008855558605047692,-0.004711256999718527,-0.017539676082761663,-0.004005077768836102,0.000773266219256219
6,V03→V01,V03,V01,full_vs_condition0,condition0,NoCond,D2-100,0.016551867127418518,4.220726117491722,-0.06083857516447705,0.10923328498999277,0.016551867127418518,-0.09014311929543814,0.09621585905551913
6,V03→V01,V03,V01,full_vs_b_lite_ft,b_lite_ft,B-lite 同任务微调,D2-001,0.03701666121681532,9.439248610287907,0.03701666121681532,0.037002455443143845,0.07221184537435571,0.038158892333093636,0.03685503432320225
6,V03→V01,V03,V01,full_vs_b_lite_ft,b_lite_ft,B-lite 同任务微调,D2-002,-0.0388826369529679,-9.915072423006814,-0.0388826369529679,-0.016671701946428835,-0.07272342427500658,-0.05716697474320728,-0.023910248155395192
6,V03→V01,V03,V01,full_vs_b_lite_ft,b_lite_ft,B-lite 同任务微调,D2-003,-0.04399352570374808,-11.21834905445576,-0.003290467460950214,-0.04399352570374808,-0.030796366930007937,-0.06846156418323517,-0.05243110756079354
6,V03→V01,V03,V01,full_vs_b_lite_ft,b_lite_ft,B-lite 同任务微调,D2-004,0.12404707585479699,31.632004342973232,0.10808246513353843,0.14038146626861656,0.12508347425975053,0.12404707585479699,0.11609204197485072
6,V03→V01,V03,V01,full_vs_b_lite_ft,b_lite_ft,B-lite 同任务微调,D2-005,0.0044437439905272436,1.1331547175844472,0.0044437439905272436,0.005017569909493147,-0.0015078058673275996,-0.009610788275798143,0.007988101906246603
6,V03→V01,V03,V01,full_vs_b_lite_ft,b_lite_ft,B-lite 同任务微调,D2-006,0.05777227665696827,14.73193054752691,-0.011584757161991921,0.05777227665696827,0.08210715917604308,0.0915080179415998,0.030878567269870205
6,V03→V01,V03,V01,full_vs_b_lite_ft,b_lite_ft,B-lite 同任务微调,D2-007,0.3017119367917379,76.93654388189317,0.2986874356865883,0.3079378455877304,0.38469846795002616,0.3017119367917379,0.24928048253059384
6,V03→V01,V03,V01,full_vs_b_lite_ft,b_lite_ft,B-lite 同任务微调,D2-008,0.16629136881480613,42.40429904777557,0.16947166807949543,0.15013802160198486,0.16132612728203338,0.1681800661608577,0.16629136881480613
6,V03→V01,V03,V01,full_vs_b_lite_ft,b_lite_ft,B-lite 同任务微调,D2-009,-0.014551191372578709,-3.710553800007571,-0.016146471874939394,-0.014551191372578709,-0.010807139916462927,-0.03349729103816523,-0.00804878001076148
6,V03→V01,V03,V01,full_vs_b_lite_ft,b_lite_ft,B-lite 同任务微调,D2-010,0.006085485897280918,1.551798903806634,-0.0024153590202331543,0.006085485897280918,0.02820279787887231,0.024399226136279817,-0.04307996504234546
6,V03→V01,V03,V01,full_vs_b_lite_ft,b_lite_ft,B-lite 同任务微调,D2-011,-0.007588050762812298,-1.934952944517136,0.009644321021106489,-0.007588050762812298,0.04712489785419571,-0.02245537382033136,-0.01391269755032326
6,V03→V01,V03,V01,full_vs_b_lite_ft,b_lite_ft,B-lite 同任务微调,D2-012,-0.016172352712601423,-4.123949941713363,-0.08299934615691501,0.00477091409265995,0.05100177756200236,-0.09017374925315375,-0.016172352712601423
6,V03→V01,V03,V01,full_vs_b_lite_ft,b_lite_ft,B-lite 同任务微调,D2-013,0.004983099406225655,1.270690348587542,-0.009282477330743222,0.004983099406225655,-0.018764953210688468,0.049806554327931324,0.018460314655513094
6,V03→V01,V03,V01,full_vs_b_lite_ft,b_lite_ft,B-lite 同任务微调,D2-014,0.05226553773338144,13.327712122012267,0.031537949135809235,0.04494057471553484,0.0751166720733498,0.056218876983180205,0.05226553773338144
6,V03→V01,V03,V01,full_vs_b_lite_ft,b_lite_ft,B-lite 同任务微调,D2-015,-0.0019301047755612283,-0.4921767177681132,-0.011244398024347096,0.009742704530557006,-0.004859705559081495,-0.0019301047755612283,0.020069882066713424
6,V03→V01,V03,V01,full_vs_b_lite_ft,b_lite_ft,B-lite 同任务微调,D2-016,0.0037980010112126927,0.9684902578592367,0.019220643242200214,-0.03541109760602315,-0.006416662534077966,0.005118975043296808,0.0037980010112126927
6,V03→V01,V03,V01,full_vs_b_lite_ft,b_lite_ft,B-lite 同任务微调,D2-017,-0.020418697151175724,-5.20676777354981,-0.03725707570188924,-0.019100990407822427,-0.020418697151175724,-0.02583759781299977,0.0022374378484592006
6,V03→V01,V03,V01,full_vs_b_lite_ft,b_lite_ft,B-lite 同任务微调,D2-018,0.06809300494690737,17.36371626146138,0.06654573645856646,0.05192955086628595,0.06809300494690737,0.07014898500508732,0.08161547324723668
6,V03→V01,V03,V01,full_vs_b_lite_ft,b_lite_ft,B-lite 同任务微调,D2-019,0.11698900111433533,29.83219528415551,0.11698900111433533,0.1417000312358141,0.0839244823695885,0.1398869323440724,0.10569342867367797
6,V03→V01,V03,V01,full_vs_b_lite_ft,b_lite_ft,B-lite 同任务微调,D2-020,-0.07111205156408461,-18.133573148841574,-0.079307233514843,-0.023460308710734054,-0.07627794733744556,-0.06969409926378793,-0.07111205156408461
6,V03→V01,V03,V01,full_vs_b_lite_ft,b_lite_ft,B-lite 同任务微调,D2-021,0.011816140950510368,3.0131159423801437,0.032415197998808126,0.004489242376988389,0.011816140950510368,0.0026267818910510887,0.02332463213487676
6,V03→V01,V03,V01,full_vs_b_lite_ft,b_lite_ft,B-lite 同任务微调,D2-022,0.07400793983386111,18.872024657634583,0.06599508607998872,0.0816346043959642,0.07400793983386111,0.09054340880650741,0.06848207612832385
6,V03→V01,V03,V01,full_vs_b_lite_ft,b_lite_ft,B-lite 同任务微调,D2-023,0.050393738946507866,12.850403431359506,0.012141098371810377,0.08802127873613719,0.050393738946507866,0.043209912181491866,0.08625786231150703
6,V03→V01,V03,V01,full_vs_b_lite_ft,b_lite_ft,B-lite 同任务微调,D2-024,-0.013772265882127821,-3.5119277999425944,-0.06832226841813988,-0.013772265882127821,0.005559357297089368,-5.133367247051046e-05,-0.04958486184477806
6,V03→V01,V03,V01,full_vs_b_lite_ft,b_lite_ft,B-lite 同任务微调,D2-025,-0.06919850153373736,-17.645617891103026,-0.06919850153373736,-0.04503230852823634,-0.07933759371585705,-0.06723571773253237,-0.09032694951576345
6,V03→V01,V03,V01,full_vs_b_lite_ft,b_lite_ft,B-lite 同任务微调,D2-026,-0.0005085972093400448,-0.12969228838171143,0.006607938380468442,0.01519762369848432,-0.008294846330370226,-0.0005085972093400448,-0.011190380723703486
6,V03→V01,V03,V01,full_vs_b_lite_ft,b_lite_ft,B-lite 同任务微调,D2-027,0.001982243524657354,0.5054720987876252,0.005535192787647247,0.001982243524657354,0.04069082273377311,-0.00429246326287587,-0.006305964870585337
6,V03→V01,V03,V01,full_vs_b_lite_ft,b_lite_ft,B-lite 同任务微调,D2-028,-0.02546060542265574,-6.492454382777214,-0.02326409578323363,-0.02546060542265574,-0.04964181731144589,-0.024419441521167762,-0.04491785327593485
6,V03→V01,V03,V01,full_vs_b_lite_ft,b_lite_ft,B-lite 同任务微调,D2-029,0.06666943888392363,17.000706915400524,0.026725565132341894,0.07690486403410896,0.050056437651316316,0.06666943888392363,0.09624437308102321
6,V03→V01,V03,V01,full_vs_b_lite_ft,b_lite_ft,B-lite 同任务微调,D2-030,0.10608702121923369,27.05219041090459,0.10608702121923369,0.10855685422817865,0.0692272987216711,0.09874079609289765,0.11295671388506892
6,V03→V01,V03,V01,full_vs_b_lite_ft,b_lite_ft,B-lite 同任务微调,D2-031,0.016777141446558147,4.278171068872328,-0.01923156048481664,0.05282539641484617,0.016777141446558147,0.054503334647354976,0.0012699421495199203
6,V03→V01,V03,V01,full_vs_b_lite_ft,b_lite_ft,B-lite 同任务微调,D2-032,0.03918254943121048,9.991550104958673,0.012511502419199266,0.03918254943121048,0.02393191733530589,0.044282428565479454,0.05283431708812715
6,V03→V01,V03,V01,full_vs_b_lite_ft,b_lite_ft,B-lite 同任务微调,D2-033,-0.03436548800932038,-8.763199442376695,-0.023300141096115112,-0.03436548800932038,0.008626238339477121,-0.05037931683990693,-0.03570596128702164
6,V03→V01,V03,V01,full_vs_b_lite_ft,b_lite_ft,B-lite 同任务微调,D2-034,0.05929173671063924,15.119392861213006,0.027602173033214772,0.048037849721454445,0.07594084526811327,0.06641431862399692,0.05929173671063924
6,V03→V01,V03,V01,full_vs_b_lite_ft,b_lite_ft,B-lite 同任务微调,D2-035,-0.02589497825300152,-6.603219454515388,-0.02589497825300152,-0.02590060208670117,-0.02264107103374871,-0.03065485919289515,-0.02004777298619348
6,V03→V01,V03,V01,full_vs_b_lite_ft,b_lite_ft,B-lite 同任务微调,D2-036,0.10210766643285751,26.037454940378666,0.08313838433888224,0.10210766643285751,0.10925549737833165,0.11631828184343046,0.09774964395910501
6,V03→V01,V03,V01,full_vs_b_lite_ft,b_lite_ft,B-lite 同任务微调,D2-037,0.08356067650796223,21.30797250953037,0.08356067650796223,0.07518213607060414,0.10720896014633277,0.08314959138321379,0.09928763110656291
6,V03→V01,V03,V01,full_vs_b_lite_ft,b_lite_ft,B-lite 同任务微调,D2-038,0.0907070017050183,23.13028543477967,0.0907070017050183,0.08960254064628057,0.1109926278392474,0.08848885387655286,0.11592543669163236
6,V03→V01,V03,V01,full_vs_b_lite_ft,b_lite_ft,B-lite 同任务微调,D2-039,-0.05056971063216527,-12.895276211202143,-0.18048134446144104,-0.03530777494112651,-0.05056971063216527,-0.03691504895687103,-0.0775749037663142
6,V03→V01,V03,V01,full_vs_b_lite_ft,b_lite_ft,B-lite 同任务微调,D2-040,0.12918605096638203,32.94244299642742,0.10063885276516278,0.1161327331016461,0.1322307474911213,0.12918605096638203,0.13281406338016194
6,V03→V01,V03,V01,full_vs_b_lite_ft,b_lite_ft,B-lite 同任务微调,D2-041,0.0056486104925473485,1.440395675599574,0.022095079223314926,-0.034399350484212235,0.0056486104925473485,0.04656221965948741,-0.04547553509473802
6,V03→V01,V03,V01,full_vs_b_lite_ft,b_lite_ft,B-lite 同任务微调,D2-042,0.10207881302469304,26.030097321296726,0.059445033553573806,0.10207881302469304,0.11255092008246315,0.12357319924566479,0.08971227995223471
6,V03→V01,V03,V01,full_vs_b_lite_ft,b_lite_ft,B-lite 同任务微调,D2-043,0.014422222971916199,3.6776668578386307,0.014422222971916199,0.04177666703859964,0.032314480178885996,0.011615495714876384,0.008888054639101028
6,V03→V01,V03,V01,full_vs_b_lite_ft,b_lite_ft,B-lite 同任务微调,D2-044,0.11487498051590389,29.293120031555492,0.0772620497478379,0.11487498051590389,0.1202747883896033,0.1295449315673775,0.09539873711764812
6,V03→V01,V03,V01,full_vs_b_lite_ft,b_lite_ft,B-lite 同任务微调,D2-045,-0.08028251327135982,-20.472040884196755,-0.04513940353896101,-0.08843502519177454,-0.08667430464251369,-0.08028251327135982,-0.04357336417717095
6,V03→V01,V03,V01,full_vs_b_lite_ft,b_lite_ft,B-lite 同任务微调,D2-046,-0.035896851743261016,-9.153697194531558,-0.035896851743261016,-0.01642977644999824,-0.07732402862360083,-0.033520321361720534,-0.07452755812555553
6,V03→V01,V03,V01,full_vs_b_lite_ft,b_lite_ft,B-lite 同任务微调,D2-047,-0.05566445840340037,-14.194436892867094,-0.1283790740896674,-0.05566445840340037,-0.0833987362828909,-0.025982909488911743,-0.034537581252116784
6,V03→V01,V03,V01,full_vs_b_lite_ft,b_lite_ft,B-lite 同任务微调,D2-048,0.04753100827691101,12.120407110612307,0.03945790160269966,0.05139003410225822,0.04753100827691101,0.05590839914622761,0.01802608796528407
6,V03→V01,V03,V01,full_vs_b_lite_ft,b_lite_ft,B-lite 同任务微调,D2-049,-0.04176792600437215,-10.650821131114899,-0.04540769389846869,-0.03137241604558208,-0.04136900737750948,-0.04176792600437215,-0.047066121835980496
6,V03→V01,V03,V01,full_vs_b_lite_ft,b_lite_ft,B-lite 同任务微调,D2-050,0.1367192719545629,34.86341434841354,0.13366472555531395,0.1383428380100264,0.1367192719545629,0.14139729117353755,0.1304817375106116
6,V03→V01,V03,V01,full_vs_b_lite_ft,b_lite_ft,B-lite 同任务微调,D2-051,0.0630465927414405,16.07688114906733,0.05071803277883774,0.07506360572118026,0.0630465927414405,0.11239393628560579,0.04394942063551682
6,V03→V01,V03,V01,full_vs_b_lite_ft,b_lite_ft,B-lite 同任务微调,D2-052,0.009880605588356656,2.519554425030947,0.015507055073976539,0.009880605588356656,0.014813394347826664,-0.05970306297143299,0.006662844618161495
6,V03→V01,V03,V01,full_vs_b_lite_ft,b_lite_ft,B-lite 同任务微调,D2-053,0.05148396411767375,13.128410850006807,0.023346691655042856,0.05957893387247354,0.03443260333285883,0.07280734530053076,0.05148396411767375
6,V03→V01,V03,V01,full_vs_b_lite_ft,b_lite_ft,B-lite 同任务微调,D2-054,-0.0011131854787949647,-0.283862297092716,-0.015205646875084106,0.007039681077003479,0.03828611280969396,-0.015385870811759794,-0.0011131854787949647
6,V03→V01,V03,V01,full_vs_b_lite_ft,b_lite_ft,B-lite 同任务微调,D2-055,-0.01653310515347023,-4.215941814134909,0.023690089463226205,-0.028610512494079532,-0.0249115240469735,-0.004420361832104702,-0.01653310515347023
6,V03→V01,V03,V01,full_vs_b_lite_ft,b_lite_ft,B-lite 同任务微调,D2-056,0.11246744804084302,28.67919925041497,0.020011829584836965,0.11611074432730675,0.11246744804084302,0.04890226572751996,0.11842463985085488
6,V03→V01,V03,V01,full_vs_b_lite_ft,b_lite_ft,B-lite 同任务微调,D2-057,0.15257116903861362,38.90564810484647,0.05676987518866858,0.1541940942406654,0.15257116903861362,0.1256394945085049,0.153080940246582
6,V03→V01,V03,V01,full_vs_b_lite_ft,b_lite_ft,B-lite 同任务微调,D2-058,0.005731437113825927,1.4615164640256113,0.027113812837611745,0.005731437113825927,-0.004141081641945571,0.05265315635888665,-0.015021762086285473
6,V03→V01,V03,V01,full_vs_b_lite_ft,b_lite_ft,B-lite 同任务微调,D2-059,0.06333508930708232,16.15044777330599,0.05242060033375759,0.06103770761636268,0.12086367365299608,0.06333508930708232,0.08517205591003102
6,V03→V01,V03,V01,full_vs_b_lite_ft,b_lite_ft,B-lite 同任务微调,D2-060,0.050078905622164396,12.77012093365192,0.0031208614508310972,0.08045913328727085,0.05785867969195048,0.02507035334904989,0.050078905622164396
6,V03→V01,V03,V01,full_vs_b_lite_ft,b_lite_ft,B-lite 同任务微调,D2-061,0.013876064370075852,3.5383964143693425,0.013876064370075852,0.014919920514027268,0.019121346337830317,0.010895851196027262,0.0030050734605859275
6,V03→V01,V03,V01,full_vs_b_lite_ft,b_lite_ft,B-lite 同任务微调,D2-062,0.04146686855417031,10.574051481313429,0.0365570854061307,0.04146686855417031,0.07390615119574927,0.06386935125845364,0.024622454952735184
6,V03→V01,V03,V01,full_vs_b_lite_ft,b_lite_ft,B-lite 同任务微调,D2-063,0.04049307373740399,10.325733803038018,0.016168331494554877,0.04049307373740399,0.07639628435329845,0.09891975837914893,0.030131017362388463
6,V03→V01,V03,V01,full_vs_b_lite_ft,b_lite_ft,B-lite 同任务微调,D2-064,-0.007508806780808508,-1.9147457291061696,0.06623676253689659,-0.007508806780808508,0.02549905723167789,-0.0575497867539525,-0.047002851342161533
6,V03→V01,V03,V01,full_vs_b_lite_ft,b_lite_ft,B-lite 同任务微调,D2-065,0.036837171801986784,9.39347880950663,0.019037354194248707,0.036837171801986784,0.03870044283879301,0.06045474104272823,0.019217159676676004
6,V03→V01,V03,V01,full_vs_b_lite_ft,b_lite_ft,B-lite 同任务微调,D2-066,0.014338754220969196,3.656382326347145,-0.003951195937891838,0.0607416798464126,0.07796026968086758,0.013202399274127363,0.014338754220969196
6,V03→V01,V03,V01,full_vs_b_lite_ft,b_lite_ft,B-lite 同任务微调,D2-067,-0.10979358437988493,-27.997364016870655,-0.10372713586640736,-0.10979358437988493,-0.11679853357019881,-0.11507815524699197,-0.09575368623648373
6,V03→V01,V03,V01,full_vs_b_lite_ft,b_lite_ft,B-lite 同任务微调,D2-068,-0.02587190341381798,-6.597335370523585,-0.06085558892005968,-0.02994210982606524,0.001298115189586363,-0.00889017113617488,-0.02587190341381798
6,V03→V01,V03,V01,full_vs_b_lite_ft,b_lite_ft,B-lite 同任务微调,D2-069,0.011086277663707733,2.827000804245472,0.011086277663707733,0.015265342025529788,0.023064067143769518,0.005831459093661534,0.006186389852137791
6,V03→V01,V03,V01,full_vs_b_lite_ft,b_lite_ft,B-lite 同任务微调,D2-070,0.01280000309149426,3.2640007883310367,0.00891872774809599,0.009741982445120811,0.022742134518921375,0.027526048632959516,0.01280000309149426
6,V03→V01,V03,V01,full_vs_b_lite_ft,b_lite_ft,B-lite 同任务微调,D2-071,0.1268825899019386,32.35506042499434,0.09711274278886392,0.1268825899019386,0.15854864003080313,0.1474939900817293,0.08876454830169678
6,V03→V01,V03,V01,full_vs_b_lite_ft,b_lite_ft,B-lite 同任务微调,D2-072,-0.026249588682101366,-6.693645113935848,-0.037570290458508016,-0.04157248406838149,0.02120419190480155,0.017608155424778282,-0.026249588682101366
6,V03→V01,V03,V01,full_vs_b_lite_ft,b_lite_ft,B-lite 同任务微调,D2-073,0.06031451622645059,15.380201637744902,0.06915558013133702,0.06031451622645059,0.026559583105457335,0.10042890122470757,0.03993319785998514
6,V03→V01,V03,V01,full_vs_b_lite_ft,b_lite_ft,B-lite 同任务微调,D2-074,0.16513219128052392,42.1087087765336,0.16513219128052392,0.17033152282238007,0.1710345615943273,0.15910803688069183,0.15634758782883482
6,V03→V01,V03,V01,full_vs_b_lite_ft,b_lite_ft,B-lite 同任务微调,D2-075,-0.06081122391377436,-15.506862098012462,-0.059697978932297585,-0.06081122391377436,-0.06134575135497883,-0.07993882083136478,-0.05561926763391856
6,V03→V01,V03,V01,full_vs_b_lite_ft,b_lite_ft,B-lite 同任务微调,D2-076,0.0017277613558151217,0.44057914573285606,0.03614008500252239,0.0017277613558151217,-0.014250517167426924,-0.01326699508928958,0.010945952968832884
6,V03→V01,V03,V01,full_vs_b_lite_ft,b_lite_ft,B-lite 同任务微调,D2-077,0.01401734786729017,3.5744237061589934,0.009682262723799795,0.0324313472956419,0.060527929648136095,0.01401734786729017,0.013580207518922777
6,V03→V01,V03,V01,full_vs_b_lite_ft,b_lite_ft,B-lite 同任务微调,D2-078,0.04922866076231003,12.553308494389057,0.03876838833093646,0.04922866076231003,0.08987724284331006,0.03676102807124454,0.05408669884006184
6,V03→V01,V03,V01,full_vs_b_lite_ft,b_lite_ft,B-lite 同任务微调,D2-079,0.007496045669540763,1.9114916457328945,0.024652817131330607,0.007496045669540763,-0.03094914865990478,0.011669041588902473,-0.013081298597777902
6,V03→V01,V03,V01,full_vs_b_lite_ft,b_lite_ft,B-lite 同任务微调,D2-080,0.039420963342611984,10.052345652366055,0.030728473386261612,0.05310014206528044,0.039420963342611984,0.00724514271132648,0.06847477300713462
6,V03→V01,V03,V01,full_vs_b_lite_ft,b_lite_ft,B-lite 同任务微调,D2-081,-0.05456644355466492,-13.914443106439554,-0.029739290410489366,-0.056008009403421155,-0.05456644355466492,-0.05062382034303847,-0.05897298017353342
6,V03→V01,V03,V01,full_vs_b_lite_ft,b_lite_ft,B-lite 同任务微调,D2-082,-0.035744630731642246,-9.114880836568773,-0.035744630731642246,-0.03650285117328167,-0.015131801444416254,0.02905945728222528,-0.04947167991970977
6,V03→V01,V03,V01,full_vs_b_lite_ft,b_lite_ft,B-lite 同任务微调,D2-083,0.09693172425031663,24.717589683830738,0.11395601332187652,0.09693172425031663,0.06509874761104584,0.08593294471502302,0.12057318737109503
6,V03→V01,V03,V01,full_vs_b_lite_ft,b_lite_ft,B-lite 同任务微调,D2-084,0.0727996000399192,18.563898010179397,0.0727996000399192,0.07060094946064055,0.08317783676708737,0.10105629886190097,0.06970778456889093
6,V03→V01,V03,V01,full_vs_b_lite_ft,b_lite_ft,B-lite 同任务微调,D2-085,-0.01850070224867925,-4.717679073413209,0.008264079689979553,-0.020047821932368814,-0.0006227898928854447,-0.01850070224867925,-0.019266835517353503
6,V03→V01,V03,V01,full_vs_b_lite_ft,b_lite_ft,B-lite 同任务微调,D2-086,0.02043910397618426,5.2119715139269855,-0.005515106971941741,0.00933634562819613,0.02043910397618426,0.022447179637703235,0.0465889375875978
6,V03→V01,V03,V01,full_vs_b_lite_ft,b_lite_ft,B-lite 同任务微调,D2-087,0.0204955781951095,5.226372439752922,-0.07002896792960892,0.0008587229884032266,0.04197240011258557,0.06949952154448538,0.0204955781951095
6,V03→V01,V03,V01,full_vs_b_lite_ft,b_lite_ft,B-lite 同任务微调,D2-088,0.08818139306580025,22.486255231779065,0.08818139306580025,0.08080014438989258,0.09143530934428179,0.06123178203900653,0.11402844086599845
6,V03→V01,V03,V01,full_vs_b_lite_ft,b_lite_ft,B-lite 同任务微调,D2-089,0.0833326329787572,21.249821409583088,0.11451942804786894,0.10769451078441408,0.0833326329787572,0.06501461565494537,0.04583093523979187
6,V03→V01,V03,V01,full_vs_b_lite_ft,b_lite_ft,B-lite 同任务微调,D2-090,-0.001271363729849817,-0.32419775111170335,0.008367832893362404,-0.024471108228541344,0.004168728820215434,-0.001271363729849817,-0.017991582743632495
6,V03→V01,V03,V01,full_vs_b_lite_ft,b_lite_ft,B-lite 同任务微调,D2-091,-7.091945520154574e-05,-0.018084461076394165,-0.03555154496872867,-7.091945520154574e-05,0.0076770803166760215,-0.008129141396946371,0.021394740928102424
6,V03→V01,V03,V01,full_vs_b_lite_ft,b_lite_ft,B-lite 同任务微调,D2-092,-0.012297672530015319,-3.135906495153906,0.01769216855367023,-0.031519734611113875,-0.008162129670381546,-0.012297672530015319,-0.046138683954874665
6,V03→V01,V03,V01,full_vs_b_lite_ft,b_lite_ft,B-lite 同任务微调,D2-093,0.03403949470092088,8.680071148734825,-0.045118690301210435,0.024932614312722118,0.09292019387850395,0.04544084729292455,0.03403949470092088
6,V03→V01,V03,V01,full_vs_b_lite_ft,b_lite_ft,B-lite 同任务微调,D2-094,-0.013835258389774119,-3.5279908893924,-0.009541099204828873,-0.013835258389774119,-0.036029584182981855,-0.037829509299052405,-0.006519231226360611
6,V03→V01,V03,V01,full_vs_b_lite_ft,b_lite_ft,B-lite 同任务微调,D2-095,0.0028150684776760415,0.7178424618073906,-0.035074444044203984,0.00842161405654182,-0.0004709813566435017,0.0028150684776760415,0.020540330559015274
6,V03→V01,V03,V01,full_vs_b_lite_ft,b_lite_ft,B-lite 同任务微调,D2-096,0.062287913138667717,15.883417850360267,0.04841426263252893,0.062287913138667717,0.07701239349941413,0.08588038980960847,0.056535325447718304
6,V03→V01,V03,V01,full_vs_b_lite_ft,b_lite_ft,B-lite 同任务微调,D2-097,-0.010668582645141395,-2.7204885745110556,-0.010668582645141395,-0.014797283853921622,0.022365677584376603,0.0143913429023491,-0.012348391736547143
6,V03→V01,V03,V01,full_vs_b_lite_ft,b_lite_ft,B-lite 同任务微调,D2-098,-0.10578171163797379,-26.974336467683315,-0.1074014731027462,-0.0916541314419405,-0.07891780961258911,-0.10578171163797379,-0.1238051043294462
6,V03→V01,V03,V01,full_vs_b_lite_ft,b_lite_ft,B-lite 同任务微调,D2-099,0.011718322310531354,2.9881721891854953,0.02376948767586759,0.009324900936662106,0.0010608645123348082,0.014007481435934693,0.011718322310531354
6,V03→V01,V03,V01,full_vs_b_lite_ft,b_lite_ft,B-lite 同任务微调,D2-100,0.018730471531550108,4.776270240545277,0.018730471531550108,0.08766560256481168,-0.0006581544876098633,-0.023935178915659605,0.11247923225164416
6,V03→V01,V03,V01,full_vs_freeuv_conserved,freeuv_conserved,FreeUV（已观测纹理保持）,D2-001,0.05149890612810851,13.13222106266767,0.05149890612810851,0.04310597228921123,0.07929201180943185,0.05885710779370534,0.0513065633053581
6,V03→V01,V03,V01,full_vs_freeuv_conserved,freeuv_conserved,FreeUV（已观测纹理保持）,D2-002,0.09504039363846889,24.235300377809565,0.09504039363846889,0.10509394472908407,0.05323931723833081,0.06022004596889019,0.09738576905358404
6,V03→V01,V03,V01,full_vs_freeuv_conserved,freeuv_conserved,FreeUV（已观测纹理保持）,D2-003,0.09598899682362874,24.47719419002533,0.1389056513706843,0.09598899682362874,0.10573301513989766,0.07998036543528239,0.08065822223822278
6,V03→V01,V03,V01,full_vs_freeuv_conserved,freeuv_conserved,FreeUV（已观测纹理保持）,D2-004,-0.04740413188861281,-12.088053631596267,-0.04803530720299949,-0.05464338418096304,-0.04597767352984816,-0.04740413188861281,-0.046874768831128
6,V03→V01,V03,V01,full_vs_freeuv_conserved,freeuv_conserved,FreeUV（已观测纹理保持）,D2-005,0.08323851476113003,21.225821264088157,0.09567431857188544,0.08069121051165795,0.08440567925572395,0.06569682765338158,0.08323851476113003
6,V03→V01,V03,V01,full_vs_freeuv_conserved,freeuv_conserved,FreeUV（已观测纹理保持）,D2-006,0.14801272182237535,37.74324406470571,0.10120956191704389,0.14801272182237535,0.18784923727313677,0.17464370191806838,0.11558624108632404
6,V03→V01,V03,V01,full_vs_freeuv_conserved,freeuv_conserved,FreeUV（已观测纹理保持）,D2-007,0.002703386048475906,0.689363442361356,0.002703386048475906,0.01990073174238205,0.06776820619901022,-0.004146916170914963,-0.023008656998475402
6,V03→V01,V03,V01,full_vs_freeuv_conserved,freeuv_conserved,FreeUV（已观测纹理保持）,D2-008,0.17100098542869088,43.605251284316175,0.18457545060664415,0.17947724290813005,0.16460580735777813,0.16087178202966848,0.17100098542869088
6,V03→V01,V03,V01,full_vs_freeuv_conserved,freeuv_conserved,FreeUV（已观测纹理保持）,D2-009,0.040631964660107045,10.361150988327296,0.037448888241842004,0.040631964660107045,0.049095144663173884,0.0016457289289515398,0.04410711008014978
6,V03→V01,V03,V01,full_vs_freeuv_conserved,freeuv_conserved,FreeUV（已观测纹理保持）,D2-010,-0.19177732732372757,-48.90321846755053,-0.1833055437344945,-0.1974372466687452,-0.1704497371489803,-0.19177732732372757,-0.23063518358112287
6,V03→V01,V03,V01,full_vs_freeuv_conserved,freeuv_conserved,FreeUV（已观测纹理保持）,D2-011,0.051163181579775285,13.046611302842697,0.06280473760432667,0.051163181579775285,0.09063503825002248,0.038619678136375235,0.040490704774856584
6,V03→V01,V03,V01,full_vs_freeuv_conserved,freeuv_conserved,FreeUV（已观测纹理保持）,D2-012,-0.16056535656874377,-40.94416592502966,-0.19160541271169979,-0.14589120882252848,-0.13366379092137015,-0.2092298232018947,-0.16056535656874377
6,V03→V01,V03,V01,full_vs_freeuv_conserved,freeuv_conserved,FreeUV（已观测纹理保持）,D2-013,0.057696611146655,14.712635842397026,0.05095319861644193,0.057696611146655,0.032996253551621196,0.09411448939589032,0.0724590044926133
6,V03→V01,V03,V01,full_vs_freeuv_conserved,freeuv_conserved,FreeUV（已观测纹理保持）,D2-014,0.13086094854004454,33.369541877711356,0.11879982539650163,0.13021149576613394,0.14575335801099285,0.13761229598612496,0.13086094854004454
6,V03→V01,V03,V01,full_vs_freeuv_conserved,freeuv_conserved,FreeUV（已观测纹理保持）,D2-015,0.08391617667964762,21.398625053310145,0.06579566721080077,0.08391617667964762,0.08335669726754227,0.08497975658004481,0.1021978736648129
6,V03→V01,V03,V01,full_vs_freeuv_conserved,freeuv_conserved,FreeUV（已观测纹理保持）,D2-016,0.24779021143913268,63.186503916978836,0.2577743152777354,0.21583675742149352,0.24028295278549194,0.24779021143913268,0.2540156900882721
6,V03→V01,V03,V01,full_vs_freeuv_conserved,freeuv_conserved,FreeUV（已观测纹理保持）,D2-017,0.10162039519402016,25.913200774475143,0.08451163670734352,0.10162039519402016,0.10993440233563118,0.0827192202733274,0.12651458376070907
6,V03→V01,V03,V01,full_vs_freeuv_conserved,freeuv_conserved,FreeUV（已观测纹理保持）,D2-018,0.0700333457854059,17.858503175278507,0.06522210708094967,0.062045187792844236,0.0700333457854059,0.08159301202330324,0.07907814553214444
6,V03→V01,V03,V01,full_vs_freeuv_conserved,freeuv_conserved,FreeUV（已观测纹理保持）,D2-019,0.16800483616275919,42.84123322150359,0.1660881575403942,0.18212696226934588,0.16800483616275919,0.1761159339091844,0.15489790360960692
6,V03→V01,V03,V01,full_vs_freeuv_conserved,freeuv_conserved,FreeUV（已观测纹理保持）,D2-020,-0.006533449105286998,-1.6660295218481844,-0.01085947398201556,0.032191680670626416,-0.006533449105286998,-0.0042180308261833555,-0.012027267703397126
6,V03→V01,V03,V01,full_vs_freeuv_conserved,freeuv_conserved,FreeUV（已观测纹理保持）,D2-021,0.07748548207771883,19.7587979298183,0.10100702119566368,0.06710227946505734,0.07748548207771883,0.07495922181886017,0.08801080275065543
6,V03→V01,V03,V01,full_vs_freeuv_conserved,freeuv_conserved,FreeUV（已观测纹理保持）,D2-022,0.18399852476058862,46.919623813950096,0.18319401565270546,0.19566813837259245,0.18399852476058862,0.19296307900013068,0.1668019779981711
6,V03→V01,V03,V01,full_vs_freeuv_conserved,freeuv_conserved,FreeUV（已观测纹理保持）,D2-023,-0.0790523248502896,-20.15834283682385,-0.0962830905817331,-0.02447366406993262,-0.08128647834417366,-0.0790523248502896,-0.03161219826766423
6,V03→V01,V03,V01,full_vs_freeuv_conserved,freeuv_conserved,FreeUV（已观测纹理保持）,D2-024,-0.027474104840722352,-7.0058967343842,-0.05246113013062212,-0.027474104840722352,-0.0008099000487062635,-0.007697030694948287,-0.04449660972588593
6,V03→V01,V03,V01,full_vs_freeuv_conserved,freeuv_conserved,FreeUV（已观测纹理保持）,D2-025,0.10227226648552745,26.0794279538095,0.10673333236984181,0.11581604409159399,0.09489854531106998,0.10227226648552745,0.08249302434862829
6,V03→V01,V03,V01,full_vs_freeuv_conserved,freeuv_conserved,FreeUV（已观测纹理保持）,D2-026,0.0360114776662418,9.18292680489166,0.06133586523078738,0.0360114776662418,0.03303601983047669,0.04704273314703081,0.03191621849934262
6,V03→V01,V03,V01,full_vs_freeuv_conserved,freeuv_conserved,FreeUV（已观测纹理保持）,D2-027,0.1400665102733506,35.7169601197044,0.15470895005597007,0.1226962332924207,0.16930399669541252,0.1400267754991849,0.1400665102733506
6,V03→V01,V03,V01,full_vs_freeuv_conserved,freeuv_conserved,FreeUV（已观测纹理保持）,D2-028,0.03693318528433642,9.417962247505788,0.046430084134141625,0.03693318528433642,0.032054136916995046,0.0435967335353295,0.029738386496901525
6,V03→V01,V03,V01,full_vs_freeuv_conserved,freeuv_conserved,FreeUV（已观测纹理保持）,D2-029,0.08960046727014212,22.84811915388624,0.07598922744785483,0.11307499574072527,0.08960046727014212,0.08884361284997377,0.134161342294854
6,V03→V01,V03,V01,full_vs_freeuv_conserved,freeuv_conserved,FreeUV（已观测纹理保持）,D2-030,0.38060385547578335,97.05398314632475,0.3841360254834095,0.3899719721327225,0.3546076162407795,0.3727029302778343,0.38060385547578335
6,V03→V01,V03,V01,full_vs_freeuv_conserved,freeuv_conserved,FreeUV（已观测纹理保持）,D2-031,0.16493446577806026,42.058288773405366,0.143568251747638,0.182302668535461,0.16493446577806026,0.19211778879010427,0.14223467838019133
6,V03→V01,V03,V01,full_vs_freeuv_conserved,freeuv_conserved,FreeUV（已观测纹理保持）,D2-032,0.04752929295812333,12.11996970432145,0.03456117638519832,0.0663251287880398,0.046891053872449046,0.04752929295812333,0.06794966118676322
6,V03→V01,V03,V01,full_vs_freeuv_conserved,freeuv_conserved,FreeUV（已观测纹理保持）,D2-033,0.25860967652665245,65.94546751429638,0.2871827060977618,0.2468182465268506,0.2955723711185986,0.25860967652665245,0.25343037727806306
6,V03→V01,V03,V01,full_vs_freeuv_conserved,freeuv_conserved,FreeUV（已观测纹理保持）,D2-034,0.04032420828228904,10.282673111983705,0.007568340216364183,0.03765285866601126,0.04032420828228904,0.04520758276893978,0.059615780909856156
6,V03→V01,V03,V01,full_vs_freeuv_conserved,freeuv_conserved,FreeUV（已观测纹理保持）,D2-035,-0.022635749766998225,-5.772116190584548,-0.019452330402352586,-0.02599223468904241,-0.022635749766998225,-0.032279694142440946,-0.015363621102137986
6,V03→V01,V03,V01,full_vs_freeuv_conserved,freeuv_conserved,FreeUV（已观测纹理保持）,D2-036,0.13802130901496168,35.19543379881523,0.1387059536624562,0.13010460233177853,0.13207157823705565,0.1469857323811286,0.13802130901496168
6,V03→V01,V03,V01,full_vs_freeuv_conserved,freeuv_conserved,FreeUV（已观测纹理保持）,D2-037,0.05826922790341388,14.858653115370538,0.05826922790341388,0.04730177772580646,0.06957295165436031,0.04415380978995623,0.06177426297411631
6,V03→V01,V03,V01,full_vs_freeuv_conserved,freeuv_conserved,FreeUV（已观测纹理保持）,D2-038,-0.05100093276372977,-13.005237854751092,-0.05100093276372977,-0.06540058591654377,-0.02711326454485219,-0.06054114931750865,-0.030321690446091065
6,V03→V01,V03,V01,full_vs_freeuv_conserved,freeuv_conserved,FreeUV（已观测纹理保持）,D2-039,-0.09373832245667776,-23.90327222645283,-0.18024523059527078,-0.08964559435844421,-0.09785551081101099,-0.051943237582842514,-0.09373832245667776
6,V03→V01,V03,V01,full_vs_freeuv_conserved,freeuv_conserved,FreeUV（已观测纹理保持）,D2-040,-0.017313628341071308,-4.4149752269731835,-0.03511122819812347,-0.017313628341071308,-0.02468819252680987,-0.006854238803498447,0.006033476868954793
6,V03→V01,V03,V01,full_vs_freeuv_conserved,freeuv_conserved,FreeUV（已观测纹理保持）,D2-041,0.031855610509713486,8.123180679976938,0.031855610509713486,0.012811983625094087,0.0352225750684738,0.04340027769406636,-0.022365945080916105
6,V03→V01,V03,V01,full_vs_freeuv_conserved,freeuv_conserved,FreeUV（已观测纹理保持）,D2-042,-0.04646054212417866,-11.847438241665559,-0.08745276443660258,-0.046161101924048514,-0.0589389478580819,-0.04646054212417866,-0.041669482282466336
6,V03→V01,V03,V01,full_vs_freeuv_conserved,freeuv_conserved,FreeUV（已观测纹理保持）,D2-043,0.15330632941590414,39.093114001055554,0.15396152271164787,0.15330632941590414,0.180020906858974,0.14762322025166616,0.14637806804643735
6,V03→V01,V03,V01,full_vs_freeuv_conserved,freeuv_conserved,FreeUV（已观测纹理保持）,D2-044,0.1661690554271142,42.37310913391412,0.14618684185875788,0.17372777230209777,0.16514872759580612,0.18271650498112046,0.1661690554271142
6,V03→V01,V03,V01,full_vs_freeuv_conserved,freeuv_conserved,FreeUV（已观测纹理保持）,D2-045,0.10314814125498134,26.302776020020243,0.12047291079572603,0.07317687286173596,0.08300001174211502,0.10314814125498134,0.13738159696553265
6,V03→V01,V03,V01,full_vs_freeuv_conserved,freeuv_conserved,FreeUV（已观测纹理保持）,D2-046,0.15434283105035623,39.35742191784084,0.168863809791704,0.159730732999742,0.1423467747867107,0.15434283105035623,0.12028113044798372
6,V03→V01,V03,V01,full_vs_freeuv_conserved,freeuv_conserved,FreeUV（已观测纹理保持）,D2-047,-0.030519915269870412,-7.782578393816955,-0.06431012293871713,-0.030519915269870412,-0.05057527621587116,0.010007132940432595,0.02101777143338146
6,V03→V01,V03,V01,full_vs_freeuv_conserved,freeuv_conserved,FreeUV（已观测纹理保持）,D2-048,-0.06863630953289214,-17.502258930887496,-0.06273059405031658,-0.06863630953289214,-0.08259658843633674,-0.06065318822151139,-0.09496557783512843
6,V03→V01,V03,V01,full_vs_freeuv_conserved,freeuv_conserved,FreeUV（已观测纹理保持）,D2-049,0.016936833529095918,4.318892549919459,0.019669420821102068,0.03675624930806329,0.01650514476524112,0.008691810332892236,0.016936833529095918
6,V03→V01,V03,V01,full_vs_freeuv_conserved,freeuv_conserved,FreeUV（已观测纹理保持）,D2-050,0.17453565588220954,44.50659224996343,0.17453565588220954,0.162071677390486,0.1799224169614414,0.1697537350054416,0.18327559313426411
6,V03→V01,V03,V01,full_vs_freeuv_conserved,freeuv_conserved,FreeUV（已观测纹理保持）,D2-051,0.1299929768085862,33.14820908618948,0.1299929768085862,0.14502885940078744,0.11929476282630977,0.16053600649898633,0.11561662763452685
6,V03→V01,V03,V01,full_vs_freeuv_conserved,freeuv_conserved,FreeUV（已观测纹理保持）,D2-052,0.21547969902555147,54.94732325151563,0.24161032910148303,0.21547969902555147,0.18978003362814586,0.1471844881772995,0.22382900019486743
6,V03→V01,V03,V01,full_vs_freeuv_conserved,freeuv_conserved,FreeUV（已观测纹理保持）,D2-053,0.0513533680723646,13.095108858452972,0.034683315202784865,0.06106852174091798,0.038634197189448743,0.076863300986588,0.0513533680723646
6,V03→V01,V03,V01,full_vs_freeuv_conserved,freeuv_conserved,FreeUV（已观测纹理保持）,D2-054,-0.10410821141414747,-26.547593910607606,-0.10410821141414747,-0.11210923657942842,-0.07016523574949593,-0.1271639095358951,-0.09851884801862063
6,V03→V01,V03,V01,full_vs_freeuv_conserved,freeuv_conserved,FreeUV（已观测纹理保持）,D2-055,-0.004779574671579967,-1.2187915412528916,0.026983094611956193,-0.004779574671579967,-0.007832330481339522,0.0027864740820982004,-0.009736971298773434
6,V03→V01,V03,V01,full_vs_freeuv_conserved,freeuv_conserved,FreeUV（已观测纹理保持）,D2-056,-0.051414045318961155,-13.110581556335095,-0.1084856351216634,-0.04319364726543426,-0.051414045318961155,-0.08351166769862176,-0.04565413395563761
6,V03→V01,V03,V01,full_vs_freeuv_conserved,freeuv_conserved,FreeUV（已观测纹理保持）,D2-057,0.08633566709856191,22.015595110133287,0.05729697830975056,0.08633566709856191,0.09325059689581394,0.07580288064976534,0.09803728821376959
6,V03→V01,V03,V01,full_vs_freeuv_conserved,freeuv_conserved,FreeUV（已观测纹理保持）,D2-058,0.004306092961794794,1.0980537052576724,0.004573886420715739,0.004306092961794794,-0.017080114843944727,0.01596924641893968,-0.014612271071032246
6,V03→V01,V03,V01,full_vs_freeuv_conserved,freeuv_conserved,FreeUV（已观测纹理保持）,D2-059,-0.0166268931995881,-4.239857765894966,-0.0166268931995881,-0.023432622385913843,0.018173951884372208,-0.02166484678654293,0.003994606206553036
6,V03→V01,V03,V01,full_vs_freeuv_conserved,freeuv_conserved,FreeUV（已观测纹理保持）,D2-060,0.18076994170745214,46.096335135400295,0.16117432514826457,0.18076994170745214,0.18163478771845504,0.16597450574239098,0.1862847646077474
6,V03→V01,V03,V01,full_vs_freeuv_conserved,freeuv_conserved,FreeUV（已观测纹理保持）,D2-061,0.05718042190168418,14.581007584929466,0.05862825663358556,0.04487317391470366,0.059657423190918615,0.05718042190168418,0.04685697394112745
6,V03→V01,V03,V01,full_vs_freeuv_conserved,freeuv_conserved,FreeUV（已观测纹理保持）,D2-062,-0.0010197908760836705,-0.26004667340133597,-0.0010197908760836705,-0.00842336898383042,0.03252995989691369,0.018392544991981508,-0.0032090217901919182
6,V03→V01,V03,V01,full_vs_freeuv_conserved,freeuv_conserved,FreeUV（已观测纹理保持）,D2-063,-0.018551782607876988,-4.730704565008632,-0.021781726429859788,-0.018551782607876988,-0.006644581638586999,0.02845794369932264,-0.0326544166309759
6,V03→V01,V03,V01,full_vs_freeuv_conserved,freeuv_conserved,FreeUV（已观测纹理保持）,D2-064,-0.1703795436769724,-43.44678363762796,-0.14421143341395593,-0.1691470712216364,-0.1703795436769724,-0.20920974647419321,-0.2394654897765981
6,V03→V01,V03,V01,full_vs_freeuv_conserved,freeuv_conserved,FreeUV（已观测纹理保持）,D2-065,0.06321203506862125,16.11906894249842,0.04141072602942586,0.058890433710378914,0.06950554655243954,0.0863001726102084,0.06321203506862125
6,V03→V01,V03,V01,full_vs_freeuv_conserved,freeuv_conserved,FreeUV（已观测纹理保持）,D2-066,0.024452466970413145,6.235379077455352,0.007051524020627975,0.053101253424150285,0.06846219682807311,0.0201791124289028,0.024452466970413145
6,V03→V01,V03,V01,full_vs_freeuv_conserved,freeuv_conserved,FreeUV（已观测纹理保持）,D2-067,0.12824795542964856,32.70322863456038,0.12824795542964856,0.139578818742718,0.12635198229598615,0.12208381750517416,0.1394247399672629
6,V03→V01,V03,V01,full_vs_freeuv_conserved,freeuv_conserved,FreeUV（已观测纹理保持）,D2-068,0.01938080774354084,4.942105974602915,-0.005563702212557919,0.014818009388233938,0.03907495706031719,0.04177966274853265,0.01938080774354084
6,V03→V01,V03,V01,full_vs_freeuv_conserved,freeuv_conserved,FreeUV（已观测纹理保持）,D2-069,0.04186950801383879,10.676724543528891,0.048880405724048615,0.04774015254917599,0.02451826490107037,0.0293945013767197,0.04186950801383879
6,V03→V01,V03,V01,full_vs_freeuv_conserved,freeuv_conserved,FreeUV（已观测纹理保持）,D2-070,0.09025529500407478,23.01510022603907,0.07574307584824663,0.0820537778393676,0.10095912691516182,0.09025529500407478,0.09153066738508644
6,V03→V01,V03,V01,full_vs_freeuv_conserved,freeuv_conserved,FreeUV（已观测纹理保持）,D2-071,0.1199144032416922,30.57817282663151,0.10924776259696847,0.1199144032416922,0.13840954728198776,0.15384335274046118,0.0938716291478186
6,V03→V01,V03,V01,full_vs_freeuv_conserved,freeuv_conserved,FreeUV（已观测纹理保持）,D2-072,-0.07993548024350253,-20.383547462093144,-0.07993548024350253,-0.0888472473105559,-0.0455878249441202,-0.04679267514401522,-0.08973812507704285
6,V03→V01,V03,V01,full_vs_freeuv_conserved,freeuv_conserved,FreeUV（已观测纹理保持）,D2-073,0.09765469849420091,24.901948116021234,0.12605905563881,0.09765469849420091,0.09267255985954156,0.13914706542467078,0.08803303954967609
6,V03→V01,V03,V01,full_vs_freeuv_conserved,freeuv_conserved,FreeUV（已观测纹理保持）,D2-074,0.31757128164172177,80.98067681863905,0.32381321949263414,0.32291494868695736,0.31325489593048894,0.31757128164172177,0.30999297325809794
6,V03→V01,V03,V01,full_vs_freeuv_conserved,freeuv_conserved,FreeUV（已观测纹理保持）,D2-075,0.0059185452815709305,1.5092290468005873,0.014488719883515966,0.01973339014997083,-0.003163320054723473,-0.005373067180202806,0.0059185452815709305
6,V03→V01,V03,V01,full_vs_freeuv_conserved,freeuv_conserved,FreeUV（已观测纹理保持）,D2-076,0.11952581606161444,30.479083095711683,0.13557185159053328,0.12127311362160575,0.1027852294069749,0.0962414042909204,0.11952581606161444
6,V03→V01,V03,V01,full_vs_freeuv_conserved,freeuv_conserved,FreeUV（已观测纹理保持）,D2-077,0.046063379869641125,11.746161866758486,0.046063379869641125,0.05697716888971627,0.07204132853075863,0.02762106720668575,0.03323435849354914
6,V03→V01,V03,V01,full_vs_freeuv_conserved,freeuv_conserved,FreeUV（已观测纹理保持）,D2-078,0.11069847829639914,28.228111965581782,0.11069847829639914,0.09413282511134946,0.1229050314674775,0.1184898956368367,0.10339746686319512
6,V03→V01,V03,V01,full_vs_freeuv_conserved,freeuv_conserved,FreeUV（已观测纹理保持）,D2-079,0.17812357055178535,45.421510490705266,0.20091582535921287,0.17812357055178535,0.16062364102496457,0.18651938124094158,0.161148027710927
6,V03→V01,V03,V01,full_vs_freeuv_conserved,freeuv_conserved,FreeUV（已观测纹理保持）,D2-080,0.03171939843256648,8.088446600304453,0.03171939843256648,0.04931091515269752,0.011057688932244972,-0.00011047193159659241,0.05226584135865172
6,V03→V01,V03,V01,full_vs_freeuv_conserved,freeuv_conserved,FreeUV（已观测纹理保持）,D2-081,0.053338867269064255,13.601411153611386,0.07726528717760456,0.053338867269064255,0.046119428778949534,0.056972915339365354,0.047604385763406754
6,V03→V01,V03,V01,full_vs_freeuv_conserved,freeuv_conserved,FreeUV（已观测纹理保持）,D2-082,0.10180347715504465,25.959886674536385,0.08549420442432162,0.1049069830526908,0.10180347715504465,0.13996182009577748,0.06245883631830412
6,V03→V01,V03,V01,full_vs_freeuv_conserved,freeuv_conserved,FreeUV（已观测纹理保持）,D2-083,0.13186476230621338,33.62551438808441,0.15582376569509507,0.13186476230621338,0.10794149289528529,0.12901286135117213,0.1624780833721161
6,V03→V01,V03,V01,full_vs_freeuv_conserved,freeuv_conserved,FreeUV（已观测纹理保持）,D2-084,0.08432327668803433,21.502435555448752,0.08517883749057847,0.08432327668803433,0.08215260769550997,0.10289210903768738,0.07242722506634891
6,V03→V01,V03,V01,full_vs_freeuv_conserved,freeuv_conserved,FreeUV（已观测纹理保持）,D2-085,0.04919503298070693,12.544733410080267,0.06759771539105308,0.07657459047105575,0.039749425318506004,0.04520315594143337,0.04919503298070693
6,V03→V01,V03,V01,full_vs_freeuv_conserved,freeuv_conserved,FreeUV（已观测纹理保持）,D2-086,-0.0034258881145540487,-0.8736014692112825,-0.014392847432663641,-0.0037320653414901483,-0.0034258881145540487,0.004210948085814126,0.023109974102208414
6,V03→V01,V03,V01,full_vs_freeuv_conserved,freeuv_conserved,FreeUV（已观测纹理保持）,D2-087,-0.030847720576055115,-7.866168746894054,-0.10787605968388647,-0.048627476349021426,-0.023650033907456847,0.002410824100176484,-0.030847720576055115
6,V03→V01,V03,V01,full_vs_freeuv_conserved,freeuv_conserved,FreeUV（已观测纹理保持）,D2-088,-0.02889918085808557,-7.36929111881182,-0.009273846866562963,-0.02889918085808557,-0.03171620060068864,-0.044089094658071815,0.01699203671887517
6,V03→V01,V03,V01,full_vs_freeuv_conserved,freeuv_conserved,FreeUV（已观测纹理保持）,D2-089,0.12005861186318928,30.614946025113266,0.15346884147988427,0.13523738500144747,0.12005861186318928,0.09800341890917885,0.10688484460115433
6,V03→V01,V03,V01,full_vs_freeuv_conserved,freeuv_conserved,FreeUV（已观测纹理保持）,D2-090,0.03563802611703676,9.087696659844374,0.048037981578650385,0.02163541382656267,0.03563802611703676,0.04283204222193515,0.0237798327460694
6,V03→V01,V03,V01,full_vs_freeuv_conserved,freeuv_conserved,FreeUV（已观测纹理保持）,D2-091,0.061522401179428476,15.68821230075426,0.03296123707184087,0.057630490925576955,0.06706980615854263,0.061522401179428476,0.08584252179220872
6,V03→V01,V03,V01,full_vs_freeuv_conserved,freeuv_conserved,FreeUV（已观测纹理保持）,D2-092,0.11562224850058556,29.483673367649317,0.1574727470676104,0.08603968098759651,0.11562224850058556,0.14474712312221527,0.08665906637907028
6,V03→V01,V03,V01,full_vs_freeuv_conserved,freeuv_conserved,FreeUV（已观测纹理保持）,D2-093,-0.010531489283610612,-2.685529767320706,-0.07453255622814861,-0.01884234887667191,0.02020332752129972,-0.007383529956524165,-0.010531489283610612
6,V03→V01,V03,V01,full_vs_freeuv_conserved,freeuv_conserved,FreeUV（已观测纹理保持）,D2-094,0.03384382231977945,8.63017469154376,0.03384382231977945,0.04753841309432397,0.024762836007172606,0.029277041750518873,0.04356545922264715
6,V03→V01,V03,V01,full_vs_freeuv_conserved,freeuv_conserved,FreeUV（已观测纹理保持）,D2-095,0.008731156942390267,2.226445020309518,-0.02045338742789768,0.01229184901430494,0.0036071524733588822,0.008731156942390267,0.027749601396776374
6,V03→V01,V03,V01,full_vs_freeuv_conserved,freeuv_conserved,FreeUV（已观测纹理保持）,D2-096,0.20724133607000111,52.84654069785029,0.17858292466650405,0.1816316897049546,0.2096872892851631,0.20908580428610246,0.20724133607000111
6,V03→V01,V03,V01,full_vs_freeuv_conserved,freeuv_conserved,FreeUV（已观测纹理保持）,D2-097,0.0019287601527240572,0.4918338389446346,0.001166811678558588,0.0019287601527240572,0.027053445163700313,0.026912811522682503,-0.0003993739891383352
6,V03→V01,V03,V01,full_vs_freeuv_conserved,freeuv_conserved,FreeUV（已观测纹理保持）,D2-098,0.04013640470342872,10.234783199374323,0.04013640470342872,0.06303288051743566,0.07589762901634348,0.03660037543302702,0.02981460515271736
6,V03→V01,V03,V01,full_vs_freeuv_conserved,freeuv_conserved,FreeUV（已观测纹理保持）,D2-099,0.046641779540662176,11.893653782868855,0.04307661921178041,0.046641779540662176,0.035236600819125524,0.049887111933346384,0.04761075316683244
6,V03→V01,V03,V01,full_vs_freeuv_conserved,freeuv_conserved,FreeUV（已观测纹理保持）,D2-100,-0.1962428241968155,-50.04192017018795,-0.2107699066400528,-0.12149897714455923,-0.1962428241968155,-0.21135897437731427,-0.09948911021153131
7,V03→V02,V03,V02,full_vs_condition0,condition0,NoCond,D2-001,0.03569161743412608,9.101362445702149,0.039376995678431115,-0.012462965267546033,0.03569161743412608,0.011859329405173757,0.03738983133746909
7,V03→V02,V03,V02,full_vs_condition0,condition0,NoCond,D2-002,0.00732908098969931,1.8689156523733241,0.05053553946408226,-0.00410070491057854,0.036213412685434765,0.00732908098969931,-0.008192805849291662
7,V03→V02,V03,V02,full_vs_condition0,condition0,NoCond,D2-003,-0.016328582309541262,-4.1637884889330214,-0.023165494842188716,-0.011920416638964704,-0.023288328236057643,0.006367897951886775,-0.016328582309541262
7,V03→V02,V03,V02,full_vs_condition0,condition0,NoCond,D2-004,-0.006123135176797717,-1.561399470083418,-0.04406646883322132,-0.006105526329742539,-0.006123135176797717,-0.017384560240639557,0.0027139763865206
7,V03→V02,V03,V02,full_vs_condition0,condition0,NoCond,D2-005,0.0043475639349196404,1.1086288034045082,0.0323315148616766,0.021738635658314742,0.0043475639349196404,-0.022722204106968735,0.002906990773750062
7,V03→V02,V03,V02,full_vs_condition0,condition0,NoCond,D2-006,-0.004853896504523697,-1.2377436086535427,-0.020837012118373827,0.0077680593806933596,-0.004853896504523697,0.012662802013306829,-0.00681674543743821
7,V03→V02,V03,V02,full_vs_condition0,condition0,NoCond,D2-007,0.0015464705048185423,0.3943499787287283,0.024702462809856496,0.0403349285926482,0.0015464705048185423,-0.01629870738646,0.0011840266260234045
7,V03→V02,V03,V02,full_vs_condition0,condition0,NoCond,D2-008,-0.005087918757150561,-1.297419283073393,0.023686570084343342,-0.005087918757150561,0.015284280478954318,-0.017408900226776797,-0.005406564256797239
7,V03→V02,V03,V02,full_vs_condition0,condition0,NoCond,D2-009,0.009087492821409443,2.317310669459408,0.01131596882504965,0.026366174409738152,-0.015500112515843767,-0.001798209484690949,0.009087492821409443
7,V03→V02,V03,V02,full_vs_condition0,condition0,NoCond,D2-010,0.010698241243759787,2.728051517158746,0.003217558645539853,0.012643202559815492,0.0017259643309646133,0.010698241243759787,0.022572509944438934
7,V03→V02,V03,V02,full_vs_condition0,condition0,NoCond,D2-011,0.0020726399123668637,0.5285231776535503,-0.0028461136793096753,0.01669222883880138,0.0020726399123668637,4.991584767898016e-05,0.0074609320983290706
7,V03→V02,V03,V02,full_vs_condition0,condition0,NoCond,D2-012,-0.00532242347037902,-1.3572179849466501,0.008670060998863652,-0.006519635380418207,-0.01213671070420079,-0.00532242347037902,0.03611950545261304
7,V03→V02,V03,V02,full_vs_condition0,condition0,NoCond,D2-013,0.0061703398528080156,1.5734366624660439,0.045526089191081975,0.003909259236284657,0.020547634049776997,0.0061703398528080156,0.004332351542654489
7,V03→V02,V03,V02,full_vs_condition0,condition0,NoCond,D2-014,0.016566960705500677,4.224574979902672,0.052740400431282586,0.015148539321892196,0.025070398340396816,0.012740911182129055,0.016566960705500677
7,V03→V02,V03,V02,full_vs_condition0,condition0,NoCond,D2-015,-0.012130698435149107,-3.093328100963022,-0.03601209952865009,-0.012130698435149107,-0.012670955345409463,0.009191509219085653,0.02839381861611731
7,V03→V02,V03,V02,full_vs_condition0,condition0,NoCond,D2-016,0.010698690300896041,2.7281660267284904,0.015277201930681855,-0.017854592363749255,0.010698690300896041,0.03464233839795702,0.007683298506197478
7,V03→V02,V03,V02,full_vs_condition0,condition0,NoCond,D2-017,0.013924117265927682,3.550649902811559,-0.019247687750994558,-0.00414094046661348,0.019823833904934668,0.013924117265927682,0.02289124683599278
7,V03→V02,V03,V02,full_vs_condition0,condition0,NoCond,D2-018,0.012395230458221496,3.1607837668464813,0.01880817472313842,-0.034010786770118595,0.012395230458221496,0.03784456652485661,-0.02200022973637615
7,V03→V02,V03,V02,full_vs_condition0,condition0,NoCond,D2-019,-0.016372470961262764,-4.174980095122005,-0.037104081259005606,-0.010844634018010557,-0.018604808280037494,-0.016372470961262764,-0.014937167004164725
7,V03→V02,V03,V02,full_vs_condition0,condition0,NoCond,D2-020,-0.028935459718384127,-7.3785422281879525,-0.028935459718384127,-0.03026882501112091,0.06478681670570816,0.022806303534242844,-0.039798472352601866
7,V03→V02,V03,V02,full_vs_condition0,condition0,NoCond,D2-021,0.012186195854837073,3.1074799429834536,0.01677313327705593,0.01225754173563215,-0.015885775113541084,-0.022437186744273363,0.012186195854837073
7,V03→V02,V03,V02,full_vs_condition0,condition0,NoCond,D2-022,-0.0001561764949633837,-0.039825006215662845,-0.006237438615457502,0.05616340455081728,0.03430766943428251,-0.013150367655871825,-0.0001561764949633837
7,V03→V02,V03,V02,full_vs_condition0,condition0,NoCond,D2-023,0.004196193010088001,1.0700292175724402,-0.035348066439231246,0.07487112360577733,0.05320150328297463,-0.04059387435988776,0.004196193010088001
7,V03→V02,V03,V02,full_vs_condition0,condition0,NoCond,D2-024,-0.0012141362342060202,-0.30960473972253516,-0.019749096570870817,-0.004506360898669987,0.01290793971628204,-0.0012141362342060202,0.00479057221076426
7,V03→V02,V03,V02,full_vs_condition0,condition0,NoCond,D2-025,-0.007354197066908347,-1.8753202520616283,-0.04048477188566993,0.005690203033021229,-0.007354197066908347,0.007660733586777768,-0.03405952809856888
7,V03→V02,V03,V02,full_vs_condition0,condition0,NoCond,D2-026,-0.011316235606552011,-2.885640079670763,-0.011316235606552011,-0.01638003835018645,0.023226561275779767,-0.009661591116418233,-0.020680583485052084
7,V03→V02,V03,V02,full_vs_condition0,condition0,NoCond,D2-027,-0.007827643425233899,-1.9960490734346443,-0.01191915443507574,-0.011628604704333911,0.029537752751381152,-0.007827643425233899,0.02149147468228496
7,V03→V02,V03,V02,full_vs_condition0,condition0,NoCond,D2-028,-0.0001448252942504169,-0.03693045003385631,-0.011109806657806642,0.011781726274790849,-0.0001448252942504169,-0.03773985270077618,0.04433102269725103
7,V03→V02,V03,V02,full_vs_condition0,condition0,NoCond,D2-029,0.01842888052526273,4.6993645339419965,0.00926146420993304,0.030277358378931807,0.01815126871156414,0.01842888052526273,0.04210964045677966
7,V03→V02,V03,V02,full_vs_condition0,condition0,NoCond,D2-030,-0.02938303653452848,-7.492674316304762,-0.0016432385388258364,-0.040410557208029,-0.058098233934189836,-0.02938303653452848,-0.004717526873489752
7,V03→V02,V03,V02,full_vs_condition0,condition0,NoCond,D2-031,-0.02899813377994226,-7.394524113885276,-0.028037102400571445,-0.0435401740772971,-0.042797066849367404,-0.02899813377994226,0.02033677635093528
7,V03→V02,V03,V02,full_vs_condition0,condition0,NoCond,D2-032,0.014180225439560712,3.6159574870879814,0.014045510281864376,0.002682650445872903,0.03529691435078269,0.02651594802100435,0.014180225439560712
7,V03→V02,V03,V02,full_vs_condition0,condition0,NoCond,D2-033,0.010713080440958339,2.7318355124443765,0.01363431314627328,0.010713080440958339,0.026820869743824027,0.004090335965156566,0.007848279674847941
7,V03→V02,V03,V02,full_vs_condition0,condition0,NoCond,D2-034,0.003869798112039774,0.9867985185701423,-0.02482632074194649,0.006253145945568861,0.019790814258158207,0.003869798112039774,0.002495937515050173
7,V03→V02,V03,V02,full_vs_condition0,condition0,NoCond,D2-035,-0.002045010589063173,-0.5214777002111092,0.0006154010072350613,0.03175700023356409,-0.002045010589063173,-0.03297134435011281,-0.01468671669976579
7,V03→V02,V03,V02,full_vs_condition0,condition0,NoCond,D2-036,-0.0015428819935079108,-0.3934349083445172,0.002679681163971076,-0.0015428819935079108,-0.024570852587068537,0.002080334488440444,-0.035529580467415084
7,V03→V02,V03,V02,full_vs_condition0,condition0,NoCond,D2-037,0.009215539593619898,2.349962596373074,0.015641710824436633,0.009215539593619898,0.009766658909662412,-0.028597871222865515,0.008562413376500017
7,V03→V02,V03,V02,full_vs_condition0,condition0,NoCond,D2-038,-0.02222691162636406,-5.667862464722835,-0.032866779388042916,0.020591704948255213,-0.02222691162636406,0.029080891382624513,-0.03577645798349938
7,V03→V02,V03,V02,full_vs_condition0,condition0,NoCond,D2-039,0.017904226636064446,4.565577792196434,-0.0022046523190092926,0.017904226636064446,-0.0004899660232423608,0.029949631499147977,0.08173308932575685
7,V03→V02,V03,V02,full_vs_condition0,condition0,NoCond,D2-040,7.986806333065699e-05,0.020366356149317533,-0.0007075071831544322,7.986806333065699e-05,0.0352855704600612,-0.0026598713795344398,0.0066484013448158685
7,V03→V02,V03,V02,full_vs_condition0,condition0,NoCond,D2-041,-0.004977104112957487,-1.269161548804159,-0.004977104112957487,0.021066942449772003,-0.04057457176686238,-0.023152257908474305,0.05442935465411705
7,V03→V02,V03,V02,full_vs_condition0,condition0,NoCond,D2-042,0.008011032575331395,2.0428133067095056,-0.04850180078086988,0.023266592619460347,-0.033330432356059925,0.01423830390796535,0.008011032575331395
7,V03→V02,V03,V02,full_vs_condition0,condition0,NoCond,D2-043,-0.005049870676688245,-1.2877170225555026,-0.05418738444243465,-0.005049870676688245,0.018640454556490937,-0.0021265314573103156,-0.02044295687396247
7,V03→V02,V03,V02,full_vs_condition0,condition0,NoCond,D2-044,0.011258929282769392,2.8710269671061948,-0.04488986336636819,0.011258929282769392,0.0028449186477167987,0.023615371478700103,0.03488991760659493
7,V03→V02,V03,V02,full_vs_condition0,condition0,NoCond,D2-045,0.025068829371746093,6.392551489795253,0.03392750191581406,0.035123345216894475,0.012442361295612797,-0.0013326226423183984,0.025068829371746093
7,V03→V02,V03,V02,full_vs_condition0,condition0,NoCond,D2-046,-0.027139686369969496,-6.920620024342221,-0.06329398429780095,-0.027139686369969496,-0.020159821830873836,-0.026808784159337296,-0.07157144904780538
7,V03→V02,V03,V02,full_vs_condition0,condition0,NoCond,D2-047,0.00750730382372633,1.9143624750502142,-0.009175654312576914,-0.0053706948052753,0.007583414138567585,0.00750730382372633,0.02271027253432706
7,V03→V02,V03,V02,full_vs_condition0,condition0,NoCond,D2-048,0.005919831697227179,1.5095570827929308,0.01562956365801041,-0.028954840284221017,-0.03479233095232323,0.005919831697227179,0.011963128891526453
7,V03→V02,V03,V02,full_vs_condition0,condition0,NoCond,D2-049,-0.00510010390709606,-1.3005264963094951,0.009764494374394417,-0.0031071931887895754,-0.00510010390709606,-0.011915721524602324,-0.012727663350793006
7,V03→V02,V03,V02,full_vs_condition0,condition0,NoCond,D2-050,4.646295592897198e-05,0.011848053761887856,4.646295592897198e-05,0.018671565077134522,-0.03218603999841779,0.01952609478362971,-0.028901356494142938
7,V03→V02,V03,V02,full_vs_condition0,condition0,NoCond,D2-051,-0.015872909862926027,-4.047592015046137,-0.02166356858999835,-0.015872909862926027,-0.01653937768677008,0.014713204425314208,-0.006633977527203766
7,V03→V02,V03,V02,full_vs_condition0,condition0,NoCond,D2-052,-0.008139064171533483,-2.0754613637410384,0.006198045337337199,-0.004898990450919349,-0.05351220028496337,-0.008139064171533483,-0.013283159626626434
7,V03→V02,V03,V02,full_vs_condition0,condition0,NoCond,D2-053,-0.02557760356541941,-6.52228890918195,-0.05835087093360285,0.002415631696874032,-0.011040471567242749,-0.04354824494643539,-0.02557760356541941
7,V03→V02,V03,V02,full_vs_condition0,condition0,NoCond,D2-054,-0.0067226599122202635,-1.7142782776161671,-0.0045077808836633815,-0.02863039405539977,0.040314421635265496,-0.0246788964484089,-0.0067226599122202635
7,V03→V02,V03,V02,full_vs_condition0,condition0,NoCond,D2-055,0.0061578363153740046,1.5702482604203711,0.0072471922831543745,-0.01508401733235265,0.007276093111710347,0.0061578363153740046,-0.002607516343342081
7,V03→V02,V03,V02,full_vs_condition0,condition0,NoCond,D2-056,-0.00014634213099876114,-0.03731724340468409,0.011761719011701643,0.026798798935487866,-0.025616181703905283,-0.00014634213099876114,-0.019175114187722414
7,V03→V02,V03,V02,full_vs_condition0,condition0,NoCond,D2-057,-0.005542958776156126,-1.413454487919812,-0.005542958776156126,0.02564349610890662,0.016767152141602265,-0.013923655840612614,-0.025202737101131967
7,V03→V02,V03,V02,full_vs_condition0,condition0,NoCond,D2-058,-0.025330359737078367,-6.459241732954983,0.0004635920711592023,-0.025330359737078367,-0.054072330541470426,-0.008423472992053205,-0.06180449425443715
7,V03→V02,V03,V02,full_vs_condition0,condition0,NoCond,D2-059,0.0007405358840498755,0.18883665043271824,0.03575713455415608,-0.02069350021580857,0.0007405358840498755,-0.02540850475953338,0.04137215145716541
7,V03→V02,V03,V02,full_vs_condition0,condition0,NoCond,D2-060,-0.031184791690773456,-7.952121881147232,-0.058906111555794866,-0.031184791690773456,-0.00794864989196259,-0.030128035125219166,-0.03269565364138949
7,V03→V02,V03,V02,full_vs_condition0,condition0,NoCond,D2-061,-0.006037577930273458,-1.5395823722197317,0.021599004454346316,-0.006037577930273458,0.007088551565891887,-0.00904937340369956,-0.007950017750827654
7,V03→V02,V03,V02,full_vs_condition0,condition0,NoCond,D2-062,-0.004434779720016269,-1.1308688286041484,-0.021996547118144666,-0.012286152739925366,0.03144660281638306,0.04561232597069448,-0.004434779720016269
7,V03→V02,V03,V02,full_vs_condition0,condition0,NoCond,D2-063,-0.024705059167479157,-6.299790087707185,-0.04181356038771519,0.016594903492907292,-0.024705059167479157,-0.0034620859945307114,-0.03826648261727525
7,V03→V02,V03,V02,full_vs_condition0,condition0,NoCond,D2-064,-0.010363976288045584,-2.642813953451624,-0.010363976288045584,-0.009112617972060144,-0.02213313220403132,0.017672395540608316,-0.04452819466336161
7,V03→V02,V03,V02,full_vs_condition0,condition0,NoCond,D2-065,0.012254053726792336,3.1247837003320456,0.028110859504607927,0.012254053726792336,0.0007817758063615177,0.008073240396142572,0.033015521584262325
7,V03→V02,V03,V02,full_vs_condition0,condition0,NoCond,D2-066,0.009503581133729608,2.42341318910105,0.024023666689937218,0.03155283088197455,0.009503581133729608,-0.003747886163744968,0.007803366955927621
7,V03→V02,V03,V02,full_vs_condition0,condition0,NoCond,D2-067,0.0034600826937936646,0.8823210869173845,0.04201348427956725,0.023694045420757093,0.0034600826937936646,-0.009576149979385273,-0.015032786560260636
7,V03→V02,V03,V02,full_vs_condition0,condition0,NoCond,D2-068,0.05661257713412243,14.43620716920122,0.07613840543975431,0.0365202616667375,0.033383750395538925,0.05895023913277936,0.05661257713412243
7,V03→V02,V03,V02,full_vs_condition0,condition0,NoCond,D2-069,-0.007402845941208047,-1.887725715008052,-0.02295849607498554,0.013152639623041529,0.008842568485825153,-0.007402845941208047,-0.03799170995200124
7,V03→V02,V03,V02,full_vs_condition0,condition0,NoCond,D2-070,0.019807564458627802,5.05092893695009,0.03187940261144748,0.021829307593148328,0.019807564458627802,0.003719567824369191,-0.011427255111864251
7,V03→V02,V03,V02,full_vs_condition0,condition0,NoCond,D2-071,-0.020382713246089146,-5.197591877752732,-0.05389994831495387,-0.0595816820058771,-0.020382713246089146,0.012998909158732308,0.019536381767642108
7,V03→V02,V03,V02,full_vs_condition0,condition0,NoCond,D2-072,6.045295181228427e-05,0.01541550271213249,-0.004232296975804295,0.020386364986645256,-0.019446293111233165,0.022954685942215086,6.045295181228427e-05
7,V03→V02,V03,V02,full_vs_condition0,condition0,NoCond,D2-073,-0.011066314234745273,-2.8219101298600444,0.018737544659890387,0.01720714525264852,-0.011066314234745273,-0.0163680768334398,-0.015010140135007732
7,V03→V02,V03,V02,full_vs_condition0,condition0,NoCond,D2-074,-0.0009416597673580496,-0.24012324067630264,-0.034613240155435765,0.011583540499919942,-0.01851955224715529,-0.0009416597673580496,0.009174629735449968
7,V03→V02,V03,V02,full_vs_condition0,condition0,NoCond,D2-075,-0.01140108949651844,-2.9072778216122024,0.012592017062400512,-0.01140108949651844,0.03608602599093788,-0.01580590473716717,-0.022762513686821112
7,V03→V02,V03,V02,full_vs_condition0,condition0,NoCond,D2-076,0.02067729302331911,5.272709720946373,0.03054882099865175,0.02067729302331911,0.039096862183394976,-0.008897973924663904,0.0048369748900968235
7,V03→V02,V03,V02,full_vs_condition0,condition0,NoCond,D2-077,0.0020223226107604075,0.5156922657439039,0.051487888150075656,-0.0012246670188210684,0.05125266469433795,-0.00860582787464273,0.0020223226107604075
7,V03→V02,V03,V02,full_vs_condition0,condition0,NoCond,D2-078,0.02199793341516082,5.609473020866009,0.03250957066300275,-0.022340271322206506,0.02144860775991414,0.02199793341516082,0.033872762630725695
7,V03→V02,V03,V02,full_vs_condition0,condition0,NoCond,D2-079,-0.01759139156224679,-4.485804848372931,-0.046909734058906055,0.0023041982751558776,-0.01759139156224679,0.030531975860689203,-0.02373018068279706
7,V03→V02,V03,V02,full_vs_condition0,condition0,NoCond,D2-080,4.743214296756837e-05,0.012095196456729934,0.017520038779340913,-0.0015338852706938966,0.0045098944193562585,-0.01750430308997969,4.743214296756837e-05
7,V03→V02,V03,V02,full_vs_condition0,condition0,NoCond,D2-081,-0.009443315056463092,-2.4080453393980883,-0.039982739835977554,0.00010569494528075984,-0.014463891546862812,0.02726241748314351,-0.009443315056463092
7,V03→V02,V03,V02,full_vs_condition0,condition0,NoCond,D2-082,-0.0651998243605097,-16.625955211929973,-0.0651998243605097,-0.0336848163149423,-0.11197917093522847,-0.023121043315364243,-0.06764749872187775
7,V03→V02,V03,V02,full_vs_condition0,condition0,NoCond,D2-083,0.01826573243817768,4.657761771735308,0.01826573243817768,0.04340488631446082,-0.011924261042663628,0.02685582859290614,0.0028973379516386774
7,V03→V02,V03,V02,full_vs_condition0,condition0,NoCond,D2-084,0.01981868298772052,5.053764161868733,-0.0017507967945092906,0.045538563185777425,0.01981868298772052,0.02276163815687865,-0.00547937279901442
7,V03→V02,V03,V02,full_vs_condition0,condition0,NoCond,D2-085,-0.02574304689043838,-6.564476957061787,-0.023051145498031445,-0.04426060069674331,-0.02574304689043838,0.001311942739527172,-0.04986479524293064
7,V03→V02,V03,V02,full_vs_condition0,condition0,NoCond,D2-086,-0.027632303535938263,-7.046237401664257,-0.027632303535938263,0.04128913435994125,-0.04904989671052956,-0.02075943944415426,-0.03882338721456566
7,V03→V02,V03,V02,full_vs_condition0,condition0,NoCond,D2-087,0.017674224400842514,4.506927222214841,0.001176184026507654,0.017674224400842514,0.011735919225323327,0.02925154721146231,0.020162043606375774
7,V03→V02,V03,V02,full_vs_condition0,condition0,NoCond,D2-088,0.024081181403663443,6.140701257934178,0.061524555956323945,0.024081181403663443,-0.026438191864225635,-0.03987725283950566,0.028679886253343723
7,V03→V02,V03,V02,full_vs_condition0,condition0,NoCond,D2-089,0.014777832176713718,3.768347205061998,-0.016012026913582333,0.014777832176713718,0.0037241267069937634,0.02553997011411757,0.01717717788876995
7,V03→V02,V03,V02,full_vs_condition0,condition0,NoCond,D2-090,0.009558271701363003,2.4373592838475657,0.04817624057106898,0.009558271701363003,-0.003381944675412446,-0.047576701456699705,0.02629172768105159
7,V03→V02,V03,V02,full_vs_condition0,condition0,NoCond,D2-091,-0.022860962152481068,-5.8295453488826725,-0.026533849868509485,0.005520657532744944,-0.04832785394456651,-0.022860962152481068,0.02874653670522903
7,V03→V02,V03,V02,full_vs_condition0,condition0,NoCond,D2-092,0.005425665092964965,1.3835445987060662,0.004051447783907258,0.024623963857690473,0.018089447294672323,0.005425665092964965,-0.020068435184657563
7,V03→V02,V03,V02,full_vs_condition0,condition0,NoCond,D2-093,-0.004170081507392787,-1.0633707843851605,-0.06475458185226596,0.061895998510700934,0.037932150370893425,-0.05871263233541743,-0.004170081507392787
7,V03→V02,V03,V02,full_vs_condition0,condition0,NoCond,D2-094,-0.009772781012714782,-2.4920591582422693,-0.009772781012714782,-0.04561463792039,-0.02092933916635273,0.0049080782826395886,-0.006803972997527191
7,V03→V02,V03,V02,full_vs_condition0,condition0,NoCond,D2-095,-0.024738415120503843,-6.30829585572848,-0.0476225352822206,0.018446711345742883,-0.044208467197723866,-0.024738415120503843,0.037036581538044455
7,V03→V02,V03,V02,full_vs_condition0,condition0,NoCond,D2-096,-0.004157000618387585,-1.0600351576888343,-0.012151020644016047,0.02655278614094092,-0.004157000618387585,0.0009589744515197396,-0.01865315365121345
7,V03→V02,V03,V02,full_vs_condition0,condition0,NoCond,D2-097,0.012527908749317612,3.194616731075991,0.012527908749317612,-0.002540481827592339,-0.04916720520905271,0.02554895055870854,0.018039523874239266
7,V03→V02,V03,V02,full_vs_condition0,condition0,NoCond,D2-098,0.007701903487137285,1.9639853892200076,-0.008558098118806229,0.015791135327215655,0.02107914647870307,0.007701903487137285,-0.024080434685869928
7,V03→V02,V03,V02,full_vs_condition0,condition0,NoCond,D2-099,0.027038435440465636,6.894801037318737,0.040209402184349985,0.027038435440465636,0.007872115311972128,0.00853632951536809,0.030993653663310666
7,V03→V02,V03,V02,full_vs_condition0,condition0,NoCond,D2-100,0.003965237873724103,1.0111356577996464,0.0047554751408511176,0.021560911859931586,-0.0003515186066599951,0.003965237873724103,-0.00721814607580501
7,V03→V02,V03,V02,full_vs_b_lite_ft,b_lite_ft,B-lite 同任务微调,D2-001,-0.009125854113912313,-2.32709279904764,-0.026127889119332115,-0.01918925641993291,0.037662715596311236,-0.009125854113912313,0.009894327717084483
7,V03→V02,V03,V02,full_vs_b_lite_ft,b_lite_ft,B-lite 同任务微调,D2-002,0.044631781079518956,11.381104175277335,0.044631781079518956,-0.016138118565266507,0.07743413685418574,0.06294695106277495,0.0363253374112609
7,V03→V02,V03,V02,full_vs_b_lite_ft,b_lite_ft,B-lite 同任务微调,D2-003,-0.07930511179424467,-20.22280350753239,-0.060910303464957655,-0.05556559938760032,-0.08989456913300922,-0.07930511179424467,-0.0972024977916763
7,V03→V02,V03,V02,full_vs_b_lite_ft,b_lite_ft,B-lite 同任务微调,D2-004,-0.05455226701580815,-13.910828089031078,-0.05455226701580815,-0.046898164310389095,-0.03546005255646176,-0.060496314718491484,-0.06436048969626426
7,V03→V02,V03,V02,full_vs_b_lite_ft,b_lite_ft,B-lite 同任务微调,D2-005,-0.034564925607664776,-8.814056029954518,-0.017810643622369476,-0.03715138730806705,-0.01966680192844175,-0.034564925607664776,-0.03924309681633334
7,V03→V02,V03,V02,full_vs_b_lite_ft,b_lite_ft,B-lite 同任务微调,D2-006,-0.011934992485965773,-3.043423083921272,-0.05489931421147454,-0.009212301057927752,-0.021804375245290636,-0.011934992485965773,0.0013290760563869075
7,V03→V02,V03,V02,full_vs_b_lite_ft,b_lite_ft,B-lite 同任务微调,D2-007,0.0794874242309368,20.269293178888883,0.0794874242309368,0.069965807852721,0.08045802483654985,0.03760949469575975,0.08510712150371436
7,V03→V02,V03,V02,full_vs_b_lite_ft,b_lite_ft,B-lite 同任务微调,D2-008,0.026257057146479676,6.695549572352317,0.026257057146479676,0.014704791549593227,0.04867231162885825,0.01864218222908677,0.04796422338113189
7,V03→V02,V03,V02,full_vs_b_lite_ft,b_lite_ft,B-lite 同任务微调,D2-009,0.032148903028832526,8.197970272352293,0.032148903028832526,0.04253899043705922,0.049792308433383115,0.010792139844567172,0.012569112800597387
7,V03→V02,V03,V02,full_vs_b_lite_ft,b_lite_ft,B-lite 同任务微调,D2-010,0.040468047973182486,10.319352233161535,-0.01184566881921556,0.046938555190960574,0.05618183728721404,0.040468047973182486,0.015690488202704356
7,V03→V02,V03,V02,full_vs_b_lite_ft,b_lite_ft,B-lite 同任务微调,D2-011,0.011244109645485889,2.8672479595989016,-0.0126142407208681,0.007694019004702568,0.028105018312732377,0.011244109645485889,0.025178100826839606
7,V03→V02,V03,V02,full_vs_b_lite_ft,b_lite_ft,B-lite 同任务微调,D2-012,0.18335341541441502,46.75512093067583,0.15890195262100965,0.18335341541441502,0.20534930426489423,0.15278125859590042,0.22597518204538908
7,V03→V02,V03,V02,full_vs_b_lite_ft,b_lite_ft,B-lite 同任务微调,D2-013,0.09312180763790531,23.746060947665853,0.11139262161616767,0.07104814661637185,0.13037277571856976,0.07543079497381336,0.09312180763790531
7,V03→V02,V03,V02,full_vs_b_lite_ft,b_lite_ft,B-lite 同任务微调,D2-014,0.0766634349005692,19.549175899645146,0.0766634349005692,0.05680068858870957,0.10494205513686844,0.06401661941499426,0.08069393772518996
7,V03→V02,V03,V02,full_vs_b_lite_ft,b_lite_ft,B-lite 同任务微调,D2-015,-0.049422318127545176,-12.60269112252402,-0.049422318127545176,-0.03233698244739627,-0.05198450803569277,-0.05112977789820365,-0.03505573759101473
7,V03→V02,V03,V02,full_vs_b_lite_ft,b_lite_ft,B-lite 同任务微调,D2-016,0.023116948703924806,5.894821919500825,0.023116948703924806,0.01441439613699913,0.05583262532239866,0.027471988683655135,0.020659051125957867
7,V03→V02,V03,V02,full_vs_b_lite_ft,b_lite_ft,B-lite 同任务微调,D2-017,0.0026267179560781617,0.6698130787999312,0.0016433518342297282,0.0026267179560781617,0.035208791136892154,-0.003906333461554362,0.04446835447140415
7,V03→V02,V03,V02,full_vs_b_lite_ft,b_lite_ft,B-lite 同任务微调,D2-018,-0.023183313508828476,-5.911744944751262,0.0018182216056933098,-0.05519659025594591,-0.023183313508828476,-0.0016426203203284,-0.05091834451175399
7,V03→V02,V03,V02,full_vs_b_lite_ft,b_lite_ft,B-lite 同任务微调,D2-019,-0.07394179836329486,-18.85515858264019,-0.09587771388598615,-0.06538865725613302,-0.07522487567944659,-0.07394179836329486,-0.06959336328630646
7,V03→V02,V03,V02,full_vs_b_lite_ft,b_lite_ft,B-lite 同任务微调,D2-020,-0.09434677350024381,-24.05842724256217,-0.0809780132646362,-0.0802978981976156,-0.09434677350024381,-0.10110470855401621,-0.10389430230414426
7,V03→V02,V03,V02,full_vs_b_lite_ft,b_lite_ft,B-lite 同任务微调,D2-021,-0.008114500529366492,-2.0691976349884555,-0.0007205449240038075,-0.017138018129805033,-0.008114500529366492,-0.04445120070673775,-0.004259129672237988
7,V03→V02,V03,V02,full_vs_b_lite_ft,b_lite_ft,B-lite 同任务微调,D2-022,0.06188245034880105,15.780024838944268,-0.0011467585961023596,0.06188245034880105,0.08743606176641253,0.06233239799369997,0.038266395897041144
7,V03→V02,V03,V02,full_vs_b_lite_ft,b_lite_ft,B-lite 同任务微调,D2-023,0.029200305482224798,7.4460778979673234,-0.04585519113710948,0.03642606244437277,0.029200305482224798,0.003893266712862331,0.044872431882790165
7,V03→V02,V03,V02,full_vs_b_lite_ft,b_lite_ft,B-lite 同任务微调,D2-024,-0.021591206773733496,-5.505757727302042,-0.04427655181314191,-0.021591206773733496,-0.011675437036742509,-0.02916360207093069,-0.016018170831549883
7,V03→V02,V03,V02,full_vs_b_lite_ft,b_lite_ft,B-lite 同任务微调,D2-025,-0.01712667221417194,-4.367301414613845,-0.030989491263699653,-0.01712667221417194,-0.01536196176105184,0.0071303008602616735,-0.017792588089658917
7,V03→V02,V03,V02,full_vs_b_lite_ft,b_lite_ft,B-lite 同任务微调,D2-026,0.044256453025848325,11.285395521591322,0.049562362385979775,0.023276944109734077,0.04866283825526002,0.03229253406220295,0.044256453025848325
7,V03→V02,V03,V02,full_vs_b_lite_ft,b_lite_ft,B-lite 同任务微调,D2-027,0.044794354707964,11.42256045053082,0.021714641522335765,0.041614335871511865,0.10453232770325038,0.044794354707964,0.06057773258096427
7,V03→V02,V03,V02,full_vs_b_lite_ft,b_lite_ft,B-lite 同任务微调,D2-028,0.039744304992803736,10.134797773164953,0.025521838083499837,0.011662476885367257,0.039744304992803736,0.03982476932488804,0.06946014049576549
7,V03→V02,V03,V02,full_vs_b_lite_ft,b_lite_ft,B-lite 同任务微调,D2-029,0.06110596025024939,15.582019863813596,0.03923671130548445,0.056913395809848416,0.06194851325269332,0.06110596025024939,0.11290232680345837
7,V03→V02,V03,V02,full_vs_b_lite_ft,b_lite_ft,B-lite 同任务微调,D2-030,-0.08568947295750584,-21.85081560416399,-0.08568947295750584,-0.07334490546637829,-0.13441350217069592,-0.08784917023804811,-0.08216270307699841
7,V03→V02,V03,V02,full_vs_b_lite_ft,b_lite_ft,B-lite 同任务微调,D2-031,-0.019142516085813743,-4.881341601882505,-0.005674589596603108,-0.045001525346232585,-0.035279461000671364,-0.019142516085813743,-0.005075255751438523
7,V03→V02,V03,V02,full_vs_b_lite_ft,b_lite_ft,B-lite 同任务微调,D2-032,0.03724258806970385,9.49685995777448,0.027747250711306543,0.009490321079889924,0.0806737126957657,0.03724258806970385,0.04338561011175823
7,V03→V02,V03,V02,full_vs_b_lite_ft,b_lite_ft,B-lite 同任务微调,D2-033,0.012039897466699284,3.0701738540083174,-0.031605384002129255,0.012039897466699284,0.04375059430797895,-0.010717215637365968,0.012049756695826863
7,V03→V02,V03,V02,full_vs_b_lite_ft,b_lite_ft,B-lite 同任务微调,D2-034,-0.01743811516401668,-4.4467193668242535,-0.01743811516401668,-0.03380827334088585,-0.02061944066857299,0.004280770973612874,-0.005200993657732994
7,V03→V02,V03,V02,full_vs_b_lite_ft,b_lite_ft,B-lite 同任务微调,D2-035,0.07489932957622739,19.099329041937985,0.09334259457472299,0.03666407807419697,0.07522299138622152,0.024041559402313506,0.07489932957622739
7,V03→V02,V03,V02,full_vs_b_lite_ft,b_lite_ft,B-lite 同任务微调,D2-036,-0.020918930639271388,-5.334327313014204,-0.006513355644764712,-0.0268005272028623,-0.020918930639271388,-0.009595065895054072,-0.022661207295540303
7,V03→V02,V03,V02,full_vs_b_lite_ft,b_lite_ft,B-lite 同任务微调,D2-037,0.05793348346885882,14.773038284559,0.03969361280140124,0.026435047279150165,0.06636625874722213,0.05793348346885882,0.07704636034125473
7,V03→V02,V03,V02,full_vs_b_lite_ft,b_lite_ft,B-lite 同任务微调,D2-038,-0.08614259679415073,-21.966362182508437,-0.09008694723335624,-0.05804369036565746,-0.08614259679415073,-0.06057818565103744,-0.11808616262778901
7,V03→V02,V03,V02,full_vs_b_lite_ft,b_lite_ft,B-lite 同任务微调,D2-039,-0.012279211104601229,-3.1311988316733133,-0.08306673580202562,-0.04134626463912,0.0005910338341504895,-0.012279211104601229,0.029900227983792604
7,V03→V02,V03,V02,full_vs_b_lite_ft,b_lite_ft,B-lite 同任务微调,D2-040,0.09920652215679487,25.297663149982693,0.07598301594456036,0.09920652215679487,0.12969761608789365,0.0985784998287757,0.12682020264367264
7,V03→V02,V03,V02,full_vs_b_lite_ft,b_lite_ft,B-lite 同任务微调,D2-041,0.07928093963048674,20.21663960577412,0.09172861808628746,0.09073508553432696,0.011182467453181744,0.052073132133845124,0.07928093963048674
7,V03→V02,V03,V02,full_vs_b_lite_ft,b_lite_ft,B-lite 同任务微调,D2-042,0.0415893351460028,10.605280462230713,0.02153350477276733,0.06516913461657065,0.002180185145552044,0.0415893351460028,0.0510736735033914
7,V03→V02,V03,V02,full_vs_b_lite_ft,b_lite_ft,B-lite 同任务微调,D2-043,-0.001070062252315318,-0.2728658743404061,-0.029444004467747226,-0.0058974113382466165,-0.0008773244246169098,-0.001070062252315318,0.0028227074659085694
7,V03→V02,V03,V02,full_vs_b_lite_ft,b_lite_ft,B-lite 同任务微调,D2-044,0.0833535441036882,21.25515374644049,0.021185475348056065,0.054630654639211185,0.09253517409850812,0.0833535441036882,0.09783701975455228
7,V03→V02,V03,V02,full_vs_b_lite_ft,b_lite_ft,B-lite 同任务微调,D2-045,0.12599094289969776,32.12769043942293,0.12793294117585116,0.12599094289969776,0.14932855174821963,0.12572267188940173,0.11548817470621053
7,V03→V02,V03,V02,full_vs_b_lite_ft,b_lite_ft,B-lite 同任务微调,D2-046,-0.09557413440887577,-24.371404274263323,-0.07296840938521021,-0.07367106124666736,-0.13259239805241424,-0.09557413440887577,-0.1204891860554064
7,V03→V02,V03,V02,full_vs_b_lite_ft,b_lite_ft,B-lite 同任务微调,D2-047,0.07596201306641703,19.370313331936345,0.051558238237795206,0.06308013802827009,0.10562113732701603,0.07596201306641703,0.0991353140485407
7,V03→V02,V03,V02,full_vs_b_lite_ft,b_lite_ft,B-lite 同任务微调,D2-048,0.072150462440082,18.39836792222091,0.08788337416592099,0.05847263772065947,0.05966223011008734,0.072150462440082,0.08078834602013737
7,V03→V02,V03,V02,full_vs_b_lite_ft,b_lite_ft,B-lite 同任务微调,D2-049,0.013610898111111075,3.470779018333324,0.013610898111111075,0.01626976498235494,-0.005331343541351646,0.013702373091991127,0.005219770738711743
7,V03→V02,V03,V02,full_vs_b_lite_ft,b_lite_ft,B-lite 同任务微调,D2-050,-0.1233745422746454,-31.460508280034574,-0.1233745422746454,-0.10193236431195624,-0.12188903718654598,-0.13022386165601868,-0.16245780429315
7,V03→V02,V03,V02,full_vs_b_lite_ft,b_lite_ft,B-lite 同任务微调,D2-051,-0.03229940283125726,-8.236347721970603,-0.055082789797713805,-0.03229940283125726,-0.009457095647635666,-0.04540998456270798,-0.010680725177129119
7,V03→V02,V03,V02,full_vs_b_lite_ft,b_lite_ft,B-lite 同任务微调,D2-052,-0.0097367367011377,-2.4828678587901134,0.006806498029451269,-0.0097367367011377,-0.0418811495276703,0.004275713330027686,-0.035637643830529586
7,V03→V02,V03,V02,full_vs_b_lite_ft,b_lite_ft,B-lite 同任务微调,D2-053,-0.05772535754915546,-14.719966175034642,-0.05772535754915546,-0.006602968363200901,-0.05968380248283639,-0.035762082018396424,-0.06740877335416336
7,V03→V02,V03,V02,full_vs_b_lite_ft,b_lite_ft,B-lite 同任务微调,D2-054,-0.016175258240496454,-4.124690851326596,-0.018962458122608272,-0.016175258240496454,0.022396591744681643,-0.027750996771708947,-0.013144962662874266
7,V03→V02,V03,V02,full_vs_b_lite_ft,b_lite_ft,B-lite 同任务微调,D2-055,-0.04064504933008488,-10.364487579171644,-0.04555836581486336,-0.02730040717209485,-0.04375879264416847,-0.03951096722314544,-0.04064504933008488
7,V03→V02,V03,V02,full_vs_b_lite_ft,b_lite_ft,B-lite 同任务微调,D2-056,-0.09420302618915836,-24.021771678235382,-0.10681621776893735,-0.08025846250044803,-0.087815392917643,-0.1068738328758627,-0.09420302618915836
7,V03→V02,V03,V02,full_vs_b_lite_ft,b_lite_ft,B-lite 同任务微调,D2-057,0.018151603328684984,4.628658848814671,0.009215832909657828,0.018151603328684984,0.05104804167612678,0.016715795067804184,0.0213133411570674
7,V03→V02,V03,V02,full_vs_b_lite_ft,b_lite_ft,B-lite 同任务微调,D2-058,-0.12082396769056133,-30.81011176109314,-0.11721752027013138,-0.12824086092558562,-0.21323131886767405,-0.07020910765391353,-0.12082396769056133
7,V03→V02,V03,V02,full_vs_b_lite_ft,b_lite_ft,B-lite 同任务微调,D2-059,0.06730892672611954,17.163776315160483,0.06730892672611954,0.062298822494452455,0.0799633997182051,0.06501143007424842,0.09285307508942328
7,V03→V02,V03,V02,full_vs_b_lite_ft,b_lite_ft,B-lite 同任务微调,D2-060,-0.08948801375097701,-22.819443506499137,-0.087365358757476,-0.08948801375097701,-0.1280734068714082,-0.0838554915972054,-0.11068012348065775
7,V03→V02,V03,V02,full_vs_b_lite_ft,b_lite_ft,B-lite 同任务微调,D2-061,0.0022379246145261267,0.5706707767041623,0.004041527172155446,-0.004740833502375724,0.0022379246145261267,0.007875507076581328,-0.018205857906264805
7,V03→V02,V03,V02,full_vs_b_lite_ft,b_lite_ft,B-lite 同任务微调,D2-062,-0.017944547786283738,-4.575859685502353,-0.04911135270127226,-0.0481433552842607,-0.01292561234108039,-0.0076005111827894545,-0.017944547786283738
7,V03→V02,V03,V02,full_vs_b_lite_ft,b_lite_ft,B-lite 同任务微调,D2-063,-0.016334712556024783,-4.16535170178632,-0.020991082550311596,-0.0020754220356949127,-0.016334712556024783,-0.0007831022700890422,-0.03659090679772452
7,V03→V02,V03,V02,full_vs_b_lite_ft,b_lite_ft,B-lite 同任务微调,D2-064,-0.05706681126458013,-14.552036872467934,-0.05706681126458013,-0.05689049372051516,-0.07008372444627631,-0.04593752362789251,-0.10003927878589713
7,V03→V02,V03,V02,full_vs_b_lite_ft,b_lite_ft,B-lite 同任务微调,D2-065,0.014682570516083737,3.744055481601353,0.01797428828589792,-0.006615144204995427,0.014682570516083737,0.04246725372865168,0.007426895603467598
7,V03→V02,V03,V02,full_vs_b_lite_ft,b_lite_ft,B-lite 同任务微调,D2-066,0.02063850147856605,5.262817877034343,0.02063850147856605,0.028027318346039692,0.05260256242348953,0.004363426965647843,-0.002322850235994295
7,V03→V02,V03,V02,full_vs_b_lite_ft,b_lite_ft,B-lite 同任务微调,D2-067,0.10507972338526267,26.79532946324198,0.10507972338526267,0.10887099541513257,0.108385583606817,0.08949726847352951,0.09939151785552164
7,V03→V02,V03,V02,full_vs_b_lite_ft,b_lite_ft,B-lite 同任务微调,D2-068,0.07568733883090317,19.30027140188031,0.07353840100889403,0.02516819905334461,0.16022187867201867,0.0799559537942211,0.07568733883090317
7,V03→V02,V03,V02,full_vs_b_lite_ft,b_lite_ft,B-lite 同任务微调,D2-069,0.03211762940994012,8.18999549953473,0.04364753255137693,0.021296756107498094,0.04685191914991094,-0.0002675198846393001,0.03211762940994012
7,V03→V02,V03,V02,full_vs_b_lite_ft,b_lite_ft,B-lite 同任务微调,D2-070,0.03620250882773565,9.231639751072592,0.03620250882773565,0.030855555130147372,0.038121019886142915,0.04821676812295256,0.03609930381350132
7,V03→V02,V03,V02,full_vs_b_lite_ft,b_lite_ft,B-lite 同任务微调,D2-071,-0.04825954700029028,-12.306184485074022,-0.042629258266540015,-0.050587889808480446,-0.07595486866851003,-0.0441993231013898,-0.04825954700029028
7,V03→V02,V03,V02,full_vs_b_lite_ft,b_lite_ft,B-lite 同任务微调,D2-072,-0.01334285495035789,-3.4024280123412622,-0.02288268791402087,-0.014302356497329805,-0.0012053806042554571,-0.01334285495035789,0.0014210797700227318
7,V03→V02,V03,V02,full_vs_b_lite_ft,b_lite_ft,B-lite 同任务微调,D2-073,-0.011016974729650159,-2.8093285560607906,0.00797503153775253,0.00460562451797375,-0.012433470851358236,-0.011016974729650159,-0.019332476084431005
7,V03→V02,V03,V02,full_vs_b_lite_ft,b_lite_ft,B-lite 同任务微调,D2-074,-0.013612465711221766,-3.4711787563615504,-0.024836852614368743,-0.013612465711221766,-0.02983969583043028,0.004724656763885726,0.00013026519722880714
7,V03→V02,V03,V02,full_vs_b_lite_ft,b_lite_ft,B-lite 同任务微调,D2-075,0.11648809978444324,29.704465445033026,0.13606867079802773,0.11648809978444324,0.1430605208141762,0.10940881406790334,0.1116672018052716
7,V03→V02,V03,V02,full_vs_b_lite_ft,b_lite_ft,B-lite 同任务微调,D2-076,0.02552578075135009,6.5090740915942735,0.021230530759966948,0.02851963455372669,0.055126659942011436,-0.0006396154879678151,0.02552578075135009
7,V03→V02,V03,V02,full_vs_b_lite_ft,b_lite_ft,B-lite 同任务微调,D2-077,0.06861186788437215,17.4960263105149,0.05762128768396291,0.05523734375940145,0.07443276079411201,0.06861186788437215,0.08247001342316893
7,V03→V02,V03,V02,full_vs_b_lite_ft,b_lite_ft,B-lite 同任务微调,D2-078,0.04393230618416577,11.202738076962271,0.03428216210041923,0.016246544218611436,0.05208001585527394,0.04393230618416577,0.06126378065553206
7,V03→V02,V03,V02,full_vs_b_lite_ft,b_lite_ft,B-lite 同任务微调,D2-079,-0.03994109138262039,-10.184978302568199,-0.03994109138262039,-0.017510262664918813,-0.0687877204926575,-0.01912964971772596,-0.0610946680729588
7,V03→V02,V03,V02,full_vs_b_lite_ft,b_lite_ft,B-lite 同任务微调,D2-080,0.033836886328829224,8.628406013851452,0.033522540671845624,-0.014303915960303809,0.057286643081128935,0.033836886328829224,0.07482581928709134
7,V03→V02,V03,V02,full_vs_b_lite_ft,b_lite_ft,B-lite 同任务微调,D2-081,-0.048820920288562775,-12.449334673583508,-0.04524888606586805,-0.048820920288562775,-0.051623469412637235,-0.031147010896044464,-0.0499265220714733
7,V03→V02,V03,V02,full_vs_b_lite_ft,b_lite_ft,B-lite 同任务微调,D2-082,-0.11991389095783234,-30.578042194247246,-0.09726309703869951,-0.11991389095783234,-0.1540540062770661,-0.07178789206470049,-0.14029309541607898
7,V03→V02,V03,V02,full_vs_b_lite_ft,b_lite_ft,B-lite 同任务微调,D2-083,0.041925300080497,10.690951520526735,0.0747190796442934,0.03973985637898919,0.023588007097845698,0.041925300080497,0.0913784899958619
7,V03→V02,V03,V02,full_vs_b_lite_ft,b_lite_ft,B-lite 同任务微调,D2-084,-0.045271276281430156,-11.54417545176469,-0.06292771189831771,-0.04303946040379694,-0.025056660175323486,-0.045271276281430156,-0.06593863412928887
7,V03→V02,V03,V02,full_vs_b_lite_ft,b_lite_ft,B-lite 同任务微调,D2-085,-0.09374156494245484,-23.904099060325983,-0.066830260242209,-0.1062777557490785,-0.08977552751700085,-0.09374156494245484,-0.10450237869848439
7,V03→V02,V03,V02,full_vs_b_lite_ft,b_lite_ft,B-lite 同任务微调,D2-086,-0.03292012944575248,-8.394633008666883,-0.039281436643464784,-0.0006132786714933558,-0.050890491896770834,-0.005151565239681466,-0.03292012944575248
7,V03→V02,V03,V02,full_vs_b_lite_ft,b_lite_ft,B-lite 同任务微调,D2-087,-0.024402286488193647,-6.22258305448938,-0.014473435779412569,-0.03354633022267539,-0.06132815456068194,0.00023993540991534834,-0.024402286488193647
7,V03→V02,V03,V02,full_vs_b_lite_ft,b_lite_ft,B-lite 同任务微调,D2-088,0.0923103139218357,23.539130050068103,0.11134550020926526,0.07460745647549633,0.11572949960827827,0.0800500214099884,0.0923103139218357
7,V03→V02,V03,V02,full_vs_b_lite_ft,b_lite_ft,B-lite 同任务微调,D2-089,-0.002691406460981524,-0.6863086475502886,-0.002691406460981524,-0.02002591302707081,-0.012385161504859021,0.015416526250422946,0.0022050393893132125
7,V03→V02,V03,V02,full_vs_b_lite_ft,b_lite_ft,B-lite 同任务微调,D2-090,0.02168192649542383,5.528891256333077,0.03178480882762058,0.02168192649542383,0.02513868528220689,-0.0034688136192283225,0.012137144107860737
7,V03→V02,V03,V02,full_vs_b_lite_ft,b_lite_ft,B-lite 同任务微调,D2-091,-0.03841528064674801,-9.795896564920744,-0.027642816801865894,-0.044924746288193596,-0.04894765317440032,-0.03841528064674801,-0.012926133308145737
7,V03→V02,V03,V02,full_vs_b_lite_ft,b_lite_ft,B-lite 同任务微调,D2-092,-0.00316332777341205,-0.8066485822200729,0.006190683382252843,0.007798807943860675,-0.006238695792853827,-0.00316332777341205,-0.00962877360483011
7,V03→V02,V03,V02,full_vs_b_lite_ft,b_lite_ft,B-lite 同任务微调,D2-093,0.05171352128187817,13.186947926878934,-0.013088683025878789,0.07052254049401535,0.09089390933513641,0.020674704459675564,0.05171352128187817
7,V03→V02,V03,V02,full_vs_b_lite_ft,b_lite_ft,B-lite 同任务微调,D2-094,0.024114232456338563,6.149129276366334,0.03156187960311124,-0.010065757710000733,0.02718429208017778,-0.010565105609703751,0.024114232456338563
7,V03→V02,V03,V02,full_vs_b_lite_ft,b_lite_ft,B-lite 同任务微调,D2-095,-0.025702335513555052,-6.554095555956538,-0.05075760644215804,-0.0270423686179595,-0.025702335513555052,-0.007136719826704441,-0.005977289560131549
7,V03→V02,V03,V02,full_vs_b_lite_ft,b_lite_ft,B-lite 同任务微调,D2-096,-0.00569606705229414,-1.4524970983350058,-0.00569606705229414,0.01820617732267049,-0.011255191075940474,-0.0020806364888368567,-0.009686411293440111
7,V03→V02,V03,V02,full_vs_b_lite_ft,b_lite_ft,B-lite 同任务微调,D2-097,0.0572850728227246,14.607693569794774,0.05223142690155455,0.04159004794013116,0.057830773293972015,0.0572850728227246,0.06993256028621431
7,V03→V02,V03,V02,full_vs_b_lite_ft,b_lite_ft,B-lite 同任务微调,D2-098,-0.07322942794881006,-18.673504126946565,-0.07322942794881006,-0.06708136214402274,-0.0836433046294943,-0.07026401739837466,-0.08164375783551646
7,V03→V02,V03,V02,full_vs_b_lite_ft,b_lite_ft,B-lite 同任务微调,D2-099,0.007014602377831219,1.788723606346961,-0.01080735096610691,0.00838527529234867,0.03499792909705973,-0.005693183381514366,0.007014602377831219
7,V03→V02,V03,V02,full_vs_b_lite_ft,b_lite_ft,B-lite 同任务微调,D2-100,-0.0530026253184368,-13.515669456201385,-0.055325918927274925,-0.03804706336780528,-0.0530026253184368,-0.05158545462221936,-0.05354000118443336
7,V03→V02,V03,V02,full_vs_freeuv_conserved,freeuv_conserved,FreeUV（已观测纹理保持）,D2-001,0.0384112684409213,9.794873452434931,0.02797064986201675,0.014484627695839414,0.07259475364307172,0.0384112684409213,0.04784058326599644
7,V03→V02,V03,V02,full_vs_freeuv_conserved,freeuv_conserved,FreeUV（已观测纹理保持）,D2-002,-0.031880650864799076,-8.129565970523764,-0.031880650864799076,-0.06323463744541377,0.0035988882781914644,0.00020026094797584437,-0.03354463881502551
7,V03→V02,V03,V02,full_vs_freeuv_conserved,freeuv_conserved,FreeUV（已观测纹理保持）,D2-003,-0.008642147694315233,-2.2037476620503846,0.0007596760278656134,0.008895268965335101,-0.017086792205061235,-0.008642147694315233,-0.023554435585226352
7,V03→V02,V03,V02,full_vs_freeuv_conserved,freeuv_conserved,FreeUV（已观测纹理保持）,D2-004,0.08992031816807056,22.929681132857993,0.08842249957637655,0.10209442613025504,0.10228015378945401,0.08944270385222303,0.08992031816807056
7,V03→V02,V03,V02,full_vs_freeuv_conserved,freeuv_conserved,FreeUV（已观测纹理保持）,D2-005,-0.023813376525715302,-6.072411014057402,-0.0035498018953062094,-0.029660875138975834,-0.017931505513591156,-0.02718743829467854,-0.023813376525715302
7,V03→V02,V03,V02,full_vs_freeuv_conserved,freeuv_conserved,FreeUV（已观测纹理保持）,D2-006,-0.04864870369726537,-12.40541944280267,-0.07514807715817215,-0.046916719769535514,-0.05601030030573895,-0.04864870369726537,-0.024260945009445062
7,V03→V02,V03,V02,full_vs_freeuv_conserved,freeuv_conserved,FreeUV（已观测纹理保持）,D2-007,0.015415302280223697,3.9309020814570426,0.025477462720991384,0.008615843951702118,0.015415302280223697,-0.01864971175338287,0.02163798038405601
7,V03→V02,V03,V02,full_vs_freeuv_conserved,freeuv_conserved,FreeUV（已观测纹理保持）,D2-008,0.048658387983838716,12.407888935878873,0.048658387983838716,0.03685860466212035,0.055571844521909955,0.04753210387813549,0.06204459518194198
7,V03→V02,V03,V02,full_vs_freeuv_conserved,freeuv_conserved,FreeUV（已观测纹理保持）,D2-009,-0.02816894461759943,-7.183080877487855,-0.024415694895425652,-0.019696167536274664,-0.02816894461759943,-0.040951076639341374,-0.04351312908179618
7,V03→V02,V03,V02,full_vs_freeuv_conserved,freeuv_conserved,FreeUV（已观测纹理保持）,D2-010,-0.08117004505669079,-20.69836148945615,-0.11327136553203065,-0.075986372317291,-0.06373099797508786,-0.08117004505669079,-0.09234516559582617
7,V03→V02,V03,V02,full_vs_freeuv_conserved,freeuv_conserved,FreeUV（已观测纹理保持）,D2-011,0.006924961879849437,1.7658652793616063,-0.008552435760696725,0.010865302855769796,0.0066197695583105065,0.006924961879849437,0.016969566407303016
7,V03→V02,V03,V02,full_vs_freeuv_conserved,freeuv_conserved,FreeUV（已观测纹理保持）,D2-012,0.09001741948089113,22.95444196762724,0.08234186208358517,0.09001741948089113,0.09979533535186891,0.0867702954241799,0.1304536227274824
7,V03→V02,V03,V02,full_vs_freeuv_conserved,freeuv_conserved,FreeUV（已观测纹理保持）,D2-013,0.05316071277336468,13.555981757207993,0.06686082383292533,0.05316071277336468,0.06181019553471179,0.04166241464692921,0.05293704844301653
7,V03→V02,V03,V02,full_vs_freeuv_conserved,freeuv_conserved,FreeUV（已观测纹理保持）,D2-014,0.06405480832538823,16.333976122974,0.08039746151277516,0.05823996572783502,0.08931669801699393,0.05637058000447176,0.06405480832538823
7,V03→V02,V03,V02,full_vs_freeuv_conserved,freeuv_conserved,FreeUV（已观测纹理保持）,D2-015,-0.016377742372968657,-4.176324305107007,-0.03086143122903956,-0.010397084432203052,-0.01928005878280542,-0.016377742372968657,2.515723682799953e-05
7,V03→V02,V03,V02,full_vs_freeuv_conserved,freeuv_conserved,FreeUV（已观测纹理保持）,D2-016,0.11371051267321622,28.996180731670137,0.12062411839585929,0.1063256108955968,0.13505466597243435,0.11371051267321622,0.11193548652919988
7,V03→V02,V03,V02,full_vs_freeuv_conserved,freeuv_conserved,FreeUV（已观测纹理保持）,D2-017,0.05211788686839017,13.290061151439494,0.03913473176083179,0.05211788686839017,0.0598413817622144,0.038054566679879887,0.08650900818633311
7,V03→V02,V03,V02,full_vs_freeuv_conserved,freeuv_conserved,FreeUV（已观测纹理保持）,D2-018,-0.050429976506469146,-12.859644009149632,-0.021045357415763036,-0.071454750904296,-0.050429976506469146,-0.014907895755540163,-0.06874118506028835
7,V03→V02,V03,V02,full_vs_freeuv_conserved,freeuv_conserved,FreeUV（已观测纹理保持）,D2-019,-0.06290965542818108,-16.041962134186175,-0.08560665639945203,-0.0474598936529623,-0.06104177764306465,-0.07724849351992208,-0.06290965542818108
7,V03→V02,V03,V02,full_vs_freeuv_conserved,freeuv_conserved,FreeUV（已观测纹理保持）,D2-020,0.010984631272515782,2.8010809744915246,0.012593435768589928,0.01815675788524526,0.010984631272515782,-0.0017948031942877363,-0.016700786693642528
7,V03→V02,V03,V02,full_vs_freeuv_conserved,freeuv_conserved,FreeUV（已观测纹理保持）,D2-021,0.033153019140889584,8.454019880926843,0.053795735348253215,0.024894662494404945,0.033153019140889584,0.01299812872841788,0.0463560689310456
7,V03→V02,V03,V02,full_vs_freeuv_conserved,freeuv_conserved,FreeUV（已观测纹理保持）,D2-022,0.19939265809493298,50.845127814207906,0.1563897906906075,0.22354061538238582,0.22045532949728727,0.1941589074278319,0.19939265809493298
7,V03→V02,V03,V02,full_vs_freeuv_conserved,freeuv_conserved,FreeUV（已观测纹理保持）,D2-023,-0.03932007180438157,-10.026618310117302,-0.0905804035386869,-0.03932007180438157,-0.02453670677329814,-0.07054666958985822,-0.0246998037078551
7,V03→V02,V03,V02,full_vs_freeuv_conserved,freeuv_conserved,FreeUV（已观测纹理保持）,D2-024,-0.011651939688584745,-2.97124462058911,-0.018786261861140907,-0.011776544599451572,0.005656192572707802,-0.011651939688584745,0.0036955647743665276
7,V03→V02,V03,V02,full_vs_freeuv_conserved,freeuv_conserved,FreeUV（已观测纹理保持）,D2-025,0.02272331425054966,5.794445133890163,0.002202623920728952,0.020523766498463075,0.02272331425054966,0.03519682486953796,0.024344986482762593
7,V03→V02,V03,V02,full_vs_freeuv_conserved,freeuv_conserved,FreeUV（已观测纹理保持）,D2-026,0.016614403661525418,4.236672933688982,0.02241850301544082,0.00041476759319819534,0.017877422438287133,0.008097873835540392,0.016614403661525418
7,V03→V02,V03,V02,full_vs_freeuv_conserved,freeuv_conserved,FreeUV（已观测纹理保持）,D2-027,0.0425293275745966,10.844978531522132,0.025676136055300336,0.0425293275745966,0.06785626789574983,0.03894397744568445,0.05548710944832014
7,V03→V02,V03,V02,full_vs_freeuv_conserved,freeuv_conserved,FreeUV（已观测纹理保持）,D2-028,-0.05037541001489976,-12.845729553799439,-0.04866698346426329,-0.08207137193682229,-0.05037541001489976,-0.06043806131474855,-0.03391056875811843
7,V03→V02,V03,V02,full_vs_freeuv_conserved,freeuv_conserved,FreeUV（已观测纹理保持）,D2-029,0.05311898221615813,13.545340465120322,0.047365725094899114,0.053678389409916455,0.05311898221615813,0.04279737419595844,0.1009325911971735
7,V03→V02,V03,V02,full_vs_freeuv_conserved,freeuv_conserved,FreeUV（已观测纹理保持）,D2-030,-0.03553966617396284,-9.062614874360525,-0.03826294272198333,-0.021840608032705544,-0.07832864910229906,-0.03553966617396284,-0.026919571363979627
7,V03→V02,V03,V02,full_vs_freeuv_conserved,freeuv_conserved,FreeUV（已观测纹理保持）,D2-031,0.04925330250855836,12.559592139682382,0.0667996934732829,0.03724173698360206,0.02739274664514363,0.04925330250855836,0.05559942689349595
7,V03→V02,V03,V02,full_vs_freeuv_conserved,freeuv_conserved,FreeUV（已观测纹理保持）,D2-032,0.0027495341486910574,0.7011312079162196,0.0022063350511921653,-0.02298364269300404,0.012650882490934462,0.0027495341486910574,0.011136657693701923
7,V03→V02,V03,V02,full_vs_freeuv_conserved,freeuv_conserved,FreeUV（已观测纹理保持）,D2-033,0.03771022396783033,9.616107111796735,0.021959493309259392,0.03771022396783033,0.05532378281156222,0.024586423486471165,0.050536802907784784
7,V03→V02,V03,V02,full_vs_freeuv_conserved,freeuv_conserved,FreeUV（已观测纹理保持）,D2-034,-0.025710920880859092,-6.556284824619069,-0.025710920880859092,-0.04142216523177923,-0.04160545114427806,-0.007222611922770739,-0.013023474486544728
7,V03→V02,V03,V02,full_vs_freeuv_conserved,freeuv_conserved,FreeUV（已观测纹理保持）,D2-035,-0.02917501377976603,-7.439628513840337,-0.018018260722359014,-0.04445668860442109,-0.025313703301880097,-0.06581090833577846,-0.02917501377976603
7,V03→V02,V03,V02,full_vs_freeuv_conserved,freeuv_conserved,FreeUV（已观测纹理保持）,D2-036,-0.029932992239655176,-7.63291302111207,-0.0075439150548643474,-0.03630470091270077,-0.03067198561297524,-0.01024824125623261,-0.029932992239655176
7,V03→V02,V03,V02,full_vs_freeuv_conserved,freeuv_conserved,FreeUV（已观测纹理保持）,D2-037,0.03208683902256146,8.182143950753172,0.024611390457210836,0.01621210283725058,0.03208683902256146,0.03537413153840957,0.04386173969145579
7,V03→V02,V03,V02,full_vs_freeuv_conserved,freeuv_conserved,FreeUV（已观测纹理保持）,D2-038,0.05291107410227347,13.492323896079736,0.05291107410227347,0.07831764151478374,0.04743452121814093,0.07828698695054528,0.023415413690589332
7,V03→V02,V03,V02,full_vs_freeuv_conserved,freeuv_conserved,FreeUV（已观测纹理保持）,D2-039,-0.08256333004469157,-21.05364916139635,-0.14074921625098963,-0.12159863114356995,-0.04935058814355697,-0.08256333004469157,-0.021963990282738377
7,V03→V02,V03,V02,full_vs_freeuv_conserved,freeuv_conserved,FreeUV（已观测纹理保持）,D2-040,-0.003245653497676082,-0.8276416419074009,-0.012175152190029626,-0.003245653497676082,0.016506564368804266,-0.004748921158413133,0.039167414543529316
7,V03→V02,V03,V02,full_vs_freeuv_conserved,freeuv_conserved,FreeUV（已观测纹理保持）,D2-041,0.11203029181695345,28.56772441332313,0.12440827257479681,0.11203029181695345,0.057350719770924596,0.10081135961368229,0.1258014640911962
7,V03→V02,V03,V02,full_vs_freeuv_conserved,freeuv_conserved,FreeUV（已观测纹理保持）,D2-042,0.024245945449754502,6.182716089687398,0.016392658874626792,0.0571168492835179,-0.014938701219481876,0.024245945449754502,0.05194213007629478
7,V03→V02,V03,V02,full_vs_freeuv_conserved,freeuv_conserved,FreeUV（已观测纹理保持）,D2-043,-0.003976537384562662,-1.0140170330634788,-0.03178331690529981,0.002960416916254399,-0.008488668095286894,-0.003976537384562662,0.003923774117956302
7,V03→V02,V03,V02,full_vs_freeuv_conserved,freeuv_conserved,FreeUV（已观测纹理保持）,D2-044,0.10945555978807911,27.911167745960174,0.0648765024440042,0.08833147585391998,0.10945555978807911,0.11419590005929445,0.13034355246472634
7,V03→V02,V03,V02,full_vs_freeuv_conserved,freeuv_conserved,FreeUV（已观测纹理保持）,D2-045,0.11059948643730358,28.20286904151241,0.11059948643730358,0.12443481455100519,0.12246429634103978,0.10262071605455253,0.08641199073662947
7,V03→V02,V03,V02,full_vs_freeuv_conserved,freeuv_conserved,FreeUV（已观测纹理保持）,D2-046,0.0008910885540607816,0.2272275812854993,0.031112660377941748,0.0059006547003432885,0.0008910885540607816,-0.026897176053880922,-0.02669791456449916
7,V03→V02,V03,V02,full_vs_freeuv_conserved,freeuv_conserved,FreeUV（已观测纹理保持）,D2-047,-0.05618014796213672,-14.325937730344863,-0.0644697691455032,-0.07104544763011161,-0.045302075192783814,-0.05618014796213672,-0.025287484054011544
7,V03→V02,V03,V02,full_vs_freeuv_conserved,freeuv_conserved,FreeUV（已观测纹理保持）,D2-048,0.027296638458359,6.960642806881546,0.05991652253128235,0.010128424838692168,0.008990218748851697,0.027296638458359,0.04065381689947481
7,V03→V02,V03,V02,full_vs_freeuv_conserved,freeuv_conserved,FreeUV（已观测纹理保持）,D2-049,0.04119374636465159,10.504405322986155,0.05372724223595399,0.04119374636465159,0.025302458673906653,0.041325056304534286,0.03467451886106762
7,V03→V02,V03,V02,full_vs_freeuv_conserved,freeuv_conserved,FreeUV（已观测纹理保持）,D2-050,-0.023091695945532564,-5.888382466110804,-0.011769376535500808,0.0018653977662324572,-0.023091695945532564,-0.024780783465220835,-0.06336418099346619
7,V03→V02,V03,V02,full_vs_freeuv_conserved,freeuv_conserved,FreeUV（已观测纹理保持）,D2-051,0.024272659118624695,6.189528075249298,-0.003929877572733442,0.027202832148126938,0.024272659118624695,0.00964781452996144,0.04187555832491405
7,V03→V02,V03,V02,full_vs_freeuv_conserved,freeuv_conserved,FreeUV（已观测纹理保持）,D2-052,0.00939100257110323,2.3947056556313235,0.022352861732929608,0.00939100257110323,-0.030939369837100467,0.01899265253852153,-0.01967574703111047
7,V03→V02,V03,V02,full_vs_freeuv_conserved,freeuv_conserved,FreeUV（已观测纹理保持）,D2-053,-0.03815736714750528,-9.730128622613847,-0.03815736714750528,0.0027207883951418654,-0.04141020626925371,-0.016964388189508628,-0.04058184907497728
7,V03→V02,V03,V02,full_vs_freeuv_conserved,freeuv_conserved,FreeUV（已观测纹理保持）,D2-054,-0.078286500308345,-19.963057578627975,-0.07649903983426418,-0.09991120664734943,-0.052348364945934284,-0.10563473359414544,-0.078286500308345
7,V03→V02,V03,V02,full_vs_freeuv_conserved,freeuv_conserved,FreeUV（已观测纹理保持）,D2-055,-0.002843079784660474,-0.7249853450884208,-0.01052085460817559,-0.002843079784660474,-0.00038693550683505107,-0.002059262668621442,-0.00860718426340859
7,V03→V02,V03,V02,full_vs_freeuv_conserved,freeuv_conserved,FreeUV（已观测纹理保持）,D2-056,0.03202406912654018,8.166137627267746,0.02714340891301012,0.04926520273632681,0.04261554969707504,0.026655890493808954,0.03202406912654018
7,V03→V02,V03,V02,full_vs_freeuv_conserved,freeuv_conserved,FreeUV（已观测纹理保持）,D2-057,-0.025599282063055978,-6.527816926079274,-0.028742301505103374,-0.018496022742640755,-0.009986915631175403,-0.025599282063055978,-0.026111363483193734
7,V03→V02,V03,V02,full_vs_freeuv_conserved,freeuv_conserved,FreeUV（已观测纹理保持）,D2-058,-0.034643572408194656,-8.834110964089637,-0.03326573746972811,-0.043209312739325545,-0.09342044686862067,-0.01332398031053006,-0.034643572408194656
7,V03→V02,V03,V02,full_vs_freeuv_conserved,freeuv_conserved,FreeUV（已观测纹理保持）,D2-059,-0.02803919999451754,-7.149995998601972,-0.013260600197929573,-0.03759346751234771,-0.02803919999451754,-0.04329781004701527,-0.0014796795797321904
7,V03→V02,V03,V02,full_vs_freeuv_conserved,freeuv_conserved,FreeUV（已观测纹理保持）,D2-060,0.05588471845840101,14.250603206892258,0.06620373357307269,0.05588471845840101,0.02590169574250467,0.07249929148302825,0.04067947578732853
7,V03→V02,V03,V02,full_vs_freeuv_conserved,freeuv_conserved,FreeUV（已观测纹理保持）,D2-061,-0.019135471553344163,-4.8795452461027615,-0.007975322130898188,-0.02248724501326005,-0.019135471553344163,-0.00996456554187744,-0.03289691706639575
7,V03→V02,V03,V02,full_vs_freeuv_conserved,freeuv_conserved,FreeUV（已观测纹理保持）,D2-062,0.014527971654263117,3.704632771837095,-0.013702539480710152,-0.014491581855706454,0.01760521111270738,0.025445375000200554,0.014527971654263117
7,V03→V02,V03,V02,full_vs_freeuv_conserved,freeuv_conserved,FreeUV（已观测纹理保持）,D2-063,0.005025865282027087,1.281595646916907,0.005025865282027087,0.023553573862225036,0.0043853678594844014,0.01366301472647255,-0.008584777311402919
7,V03→V02,V03,V02,full_vs_freeuv_conserved,freeuv_conserved,FreeUV（已观测纹理保持）,D2-064,0.01159244259962669,2.956072862904806,0.0158971081304754,0.01159244259962669,0.0044036240786568814,0.024335261211436032,-0.023266805224439024
7,V03→V02,V03,V02,full_vs_freeuv_conserved,freeuv_conserved,FreeUV（已观测纹理保持）,D2-065,0.009981078930863752,2.5451751273702565,0.004226037873908378,-0.006674805446199972,0.009981078930863752,0.02597953812896925,0.015728220745851174
7,V03→V02,V03,V02,full_vs_freeuv_conserved,freeuv_conserved,FreeUV（已观测纹理保持）,D2-066,0.04563617363914055,11.63722427798084,0.04563617363914055,0.05060042746383067,0.06177676349860316,0.026771584296248097,0.014522026913861452
7,V03→V02,V03,V02,full_vs_freeuv_conserved,freeuv_conserved,FreeUV（已观测纹理保持）,D2-067,-0.013712173359373886,-3.496604206640341,-0.004443718467728536,-0.013712173359373886,-0.009747948118690702,-0.028136700097113693,-0.02670811264023268
7,V03→V02,V03,V02,full_vs_freeuv_conserved,freeuv_conserved,FreeUV（已观测纹理保持）,D2-068,0.09734349565890926,24.822591393021863,0.09734349565890926,0.05745545732012636,0.16007528516153494,0.1052401173704614,0.0907395885636409
7,V03→V02,V03,V02,full_vs_freeuv_conserved,freeuv_conserved,FreeUV（已观测纹理保持）,D2-069,-0.11633319123475638,-29.66496376486288,-0.10731674482425052,-0.11633319123475638,-0.11128112546823643,-0.1665888081546183,-0.1259783146833932
7,V03→V02,V03,V02,full_vs_freeuv_conserved,freeuv_conserved,FreeUV（已观测纹理保持）,D2-070,0.0770302488115327,19.64271344694084,0.08052002822701959,0.0720703367614883,0.08996996656060219,0.07570419824500194,0.0770302488115327
7,V03→V02,V03,V02,full_vs_freeuv_conserved,freeuv_conserved,FreeUV（已观测纹理保持）,D2-071,-0.10343487773050541,-26.37589382127888,-0.09561833500942235,-0.11436630044412865,-0.10343487773050541,-0.11671424048241746,-0.08792177075019447
7,V03→V02,V03,V02,full_vs_freeuv_conserved,freeuv_conserved,FreeUV（已观测纹理保持）,D2-072,0.03689420639592059,9.40802263095975,0.03689420639592059,0.03407413001153983,0.042779905137185936,0.036470270770437574,0.04509581325977455
7,V03→V02,V03,V02,full_vs_freeuv_conserved,freeuv_conserved,FreeUV（已观测纹理保持）,D2-073,-0.0031711520919320557,-0.8086437834426742,0.011705747834753755,0.010339642699588758,-0.013829478084602775,-0.0031711520919320557,-0.014080877503489742
7,V03→V02,V03,V02,full_vs_freeuv_conserved,freeuv_conserved,FreeUV（已观测纹理保持）,D2-074,0.097203940890419,24.787004927056845,0.09128245204088409,0.097203940890419,0.0794067169772461,0.11747355877222226,0.10892421293759807
7,V03→V02,V03,V02,full_vs_freeuv_conserved,freeuv_conserved,FreeUV（已观测纹理保持）,D2-075,0.061464158850803696,15.673360506954943,0.07613162996999004,0.061464158850803696,0.09186488922620029,0.05346200461581088,0.05497220217397339
7,V03→V02,V03,V02,full_vs_freeuv_conserved,freeuv_conserved,FreeUV（已观测纹理保持）,D2-076,-0.017705658120466483,-4.514942820718953,-0.01341617582960336,-0.017705658120466483,-0.00013318245715288057,-0.049592272556842676,-0.023177554104345077
7,V03→V02,V03,V02,full_vs_freeuv_conserved,freeuv_conserved,FreeUV（已观测纹理保持）,D2-077,0.013908008655123677,3.5465422070565378,0.023299423792789153,0.003892783603981015,0.01479954798276542,0.00810668255526123,0.013908008655123677
7,V03→V02,V03,V02,full_vs_freeuv_conserved,freeuv_conserved,FreeUV（已观测纹理保持）,D2-078,-0.07105438522566321,-18.118868232544116,-0.07105438522566321,-0.11265662595115855,-0.07010098529615622,-0.07672032945114987,-0.0664587862703992
7,V03→V02,V03,V02,full_vs_freeuv_conserved,freeuv_conserved,FreeUV（已观测纹理保持）,D2-079,0.039965239253041185,10.191136009525502,0.039965239253041185,0.04716375356028768,0.020169832752834932,0.04652532316999983,0.022370015225354922
7,V03→V02,V03,V02,full_vs_freeuv_conserved,freeuv_conserved,FreeUV（已观测纹理保持）,D2-080,-0.031037367080564537,-7.914528605543957,-0.029541202457779525,-0.0655186155253211,-0.03250986051424748,-0.031037367080564537,-0.006307668289390639
7,V03→V02,V03,V02,full_vs_freeuv_conserved,freeuv_conserved,FreeUV（已观测纹理保持）,D2-081,0.027121087536215782,6.9158773217350245,0.025310615465665848,0.027121087536215782,0.01709071647686264,0.04194001678843051,0.030417017289437354
7,V03→V02,V03,V02,full_vs_freeuv_conserved,freeuv_conserved,FreeUV（已观测纹理保持）,D2-082,-0.014286582073610665,-3.6430784287707194,-0.014286582073610665,-0.01093552481486565,-0.0533363020771907,-0.0067887887513885525,-0.05541485659260714
7,V03→V02,V03,V02,full_vs_freeuv_conserved,freeuv_conserved,FreeUV（已观测纹理保持）,D2-083,-0.007009532940280325,-1.7874308997714827,0.023103470804992032,-0.01121408747391657,-0.03023257046132473,-0.007009532940280325,0.035922478448163285
7,V03→V02,V03,V02,full_vs_freeuv_conserved,freeuv_conserved,FreeUV（已观测纹理保持）,D2-084,0.0008923416145336927,0.22754711170609163,-0.01615410961974892,0.0016538943044650256,0.0096719277401765,0.0008923416145336927,-0.01959139189850062
7,V03→V02,V03,V02,full_vs_freeuv_conserved,freeuv_conserved,FreeUV（已观测纹理保持）,D2-085,0.012349353712282019,3.1490851966319147,0.055714230478545734,0.012349353712282019,0.029835307119805088,-0.007629149409447922,-0.008437463806735157
7,V03→V02,V03,V02,full_vs_freeuv_conserved,freeuv_conserved,FreeUV（已观测纹理保持）,D2-086,0.043753638288112184,11.157177763468606,0.032873583881835616,0.08674104196753929,0.026071292507212324,0.06180543198091226,0.043753638288112184
7,V03→V02,V03,V02,full_vs_freeuv_conserved,freeuv_conserved,FreeUV（已观测纹理保持）,D2-087,-0.024158511814233397,-6.160420512629516,-0.024158511814233397,-0.014110976712660733,-0.04146122180663786,0.0012897944396680627,-0.024595728932737232
7,V03→V02,V03,V02,full_vs_freeuv_conserved,freeuv_conserved,FreeUV（已观测纹理保持）,D2-088,-0.005467896059983324,-1.3943134952957474,0.009296394036047984,-0.030100876817272748,-0.005467896059983324,-0.025892764143645774,-0.0017710946707261699
7,V03→V02,V03,V02,full_vs_freeuv_conserved,freeuv_conserved,FreeUV（已观测纹理保持）,D2-089,0.05745718413816085,14.651581955231018,0.05745718413816085,0.05185291069071918,0.04976595510979967,0.07178344528767325,0.05759044365573024
7,V03→V02,V03,V02,full_vs_freeuv_conserved,freeuv_conserved,FreeUV（已观测纹理保持）,D2-090,-0.08858559131528243,-22.58932578539702,-0.08424929846924814,-0.07640438064500088,-0.09335437046853129,-0.10415460138741617,-0.08858559131528243
7,V03→V02,V03,V02,full_vs_freeuv_conserved,freeuv_conserved,FreeUV（已观测纹理保持）,D2-091,0.017435625092022955,4.446084398465853,0.01630933969799017,0.02852834518998862,0.005595975348518967,0.017435625092022955,0.03304002042859794
7,V03→V02,V03,V02,full_vs_freeuv_conserved,freeuv_conserved,FreeUV（已观测纹理保持）,D2-092,0.016351068237175553,4.169522400479766,0.030455038851747912,0.02141867264484365,0.006311391449222964,0.016351068237175553,-0.00025358066583672234
7,V03→V02,V03,V02,full_vs_freeuv_conserved,freeuv_conserved,FreeUV（已观测纹理保持）,D2-093,-0.02775702561246368,-7.078041531178239,-0.07589807767660645,-0.01332856131968091,-0.001425783068203068,-0.05420555262581295,-0.02775702561246368
7,V03→V02,V03,V02,full_vs_freeuv_conserved,freeuv_conserved,FreeUV（已观测纹理保持）,D2-094,0.08479896959835204,21.62373724757977,0.09831861849280371,0.05998622415506322,0.08479896959835204,0.059633978575036134,0.08744126072396402
7,V03→V02,V03,V02,full_vs_freeuv_conserved,freeuv_conserved,FreeUV（已观测纹理保持）,D2-095,-0.0455932830317089,-11.62628717308577,-0.05582687766171801,-0.04588765122044164,-0.0455932830317089,-0.03139170546992087,-0.023813910077875255
7,V03→V02,V03,V02,full_vs_freeuv_conserved,freeuv_conserved,FreeUV（已观测纹理保持）,D2-096,0.00939491464821407,2.395703235294588,0.00939491464821407,0.018821555702376758,0.004681851411628191,0.02089690086395707,0.009118815826237692
7,V03→V02,V03,V02,full_vs_freeuv_conserved,freeuv_conserved,FreeUV（已观测纹理保持）,D2-097,0.030436819559463896,7.7613889876632935,0.030436819559463896,0.01613990728172565,0.024609817592527283,0.032890596597265176,0.041818264731636634
7,V03→V02,V03,V02,full_vs_freeuv_conserved,freeuv_conserved,FreeUV（已观测纹理保持）,D2-098,0.04830627552355113,12.318100258505538,0.04896382888968007,0.05618423586576313,0.04067546620533086,0.04830627552355113,0.04131230831389193
7,V03→V02,V03,V02,full_vs_freeuv_conserved,freeuv_conserved,FreeUV（已观测纹理保持）,D2-099,-0.06610027560029164,-16.855570278074367,-0.08996693981459819,-0.06610027560029164,-0.056189673417902375,-0.07110279578580914,-0.0552403119703134
7,V03→V02,V03,V02,full_vs_freeuv_conserved,freeuv_conserved,FreeUV（已观测纹理保持）,D2-100,-0.08012868536786102,-20.432814768804562,-0.07296028904531196,-0.07487618032543139,-0.08012868536786102,-0.08529463838571791,-0.08483808697468934
8,V03→V04,V03,V04,full_vs_condition0,condition0,NoCond,D2-001,0.015070800956052094,3.8430542437932838,0.029894732464200408,0.008121020853137373,0.015070800956052094,0.010102200966614933,0.031306591577445864
8,V03→V04,V03,V04,full_vs_condition0,condition0,NoCond,D2-002,0.0016738529909740563,0.42683251269838435,0.057786552653168205,-0.004456776290228892,0.04531507122923027,0.0016738529909740563,-0.007920888811349863
8,V03→V04,V03,V04,full_vs_condition0,condition0,NoCond,D2-003,-0.01072093021745485,-2.7338372054509867,-0.015584674974282564,0.010455078057323874,-0.03981554678951699,0.02097010798752308,-0.01072093021745485
8,V03→V04,V03,V04,full_vs_condition0,condition0,NoCond,D2-004,-0.011141350889792206,-2.8410444768970127,-0.04721801418587157,-0.011141350889792206,-0.019342404836025395,-0.01099354883686443,-0.005117949566554536
8,V03→V04,V03,V04,full_vs_condition0,condition0,NoCond,D2-005,0.007541824954216458,1.9231653633251968,0.012716223026665141,0.008838685273144742,0.007541824954216458,-0.023863586181765983,0.0025806099421261663
8,V03→V04,V03,V04,full_vs_condition0,condition0,NoCond,D2-006,0.03061408611635366,7.806591959670183,-0.03924072156540859,0.0323073617540873,0.03061408611635366,0.03956559295646658,-0.004445041935795396
8,V03→V04,V03,V04,full_vs_condition0,condition0,NoCond,D2-007,0.003706203039848449,0.9450817751613545,0.003706203039848449,-0.0023347007656338153,-0.014182794349964223,0.013155079851246837,0.010470128796919428
8,V03→V04,V03,V04,full_vs_condition0,condition0,NoCond,D2-008,-0.0023124874710585136,-0.589684305119921,0.026481232718762113,-0.011702845804393291,0.00920957070069782,-0.02410128208893267,-0.0023124874710585136
8,V03→V04,V03,V04,full_vs_condition0,condition0,NoCond,D2-009,0.001681192144751542,0.42870399691164324,0.017808486558496955,0.011528898943215599,8.994663755096388e-05,0.001681192144751542,-0.0029189127745727905
8,V03→V04,V03,V04,full_vs_condition0,condition0,NoCond,D2-010,0.010136535805132685,2.5848166303088345,0.0014190993237274685,0.010136535805132685,0.011726846056127976,0.008777114459209978,0.03265090176352747
8,V03→V04,V03,V04,full_vs_condition0,condition0,NoCond,D2-011,-0.000885726668048592,-0.22586030035239096,-0.015470675543706486,0.028912469177790306,-0.000885726668048592,-0.003571277281836316,0.016633473147732628
8,V03→V04,V03,V04,full_vs_condition0,condition0,NoCond,D2-012,0.02012957325863718,5.133041180952481,0.010471810332753434,0.03623371191247546,0.03064219337521179,0.02012957325863718,-0.04249838024678859
8,V03→V04,V03,V04,full_vs_condition0,condition0,NoCond,D2-013,-0.011428534075981212,-2.914276189375209,-0.02391877544786386,0.01692789205448414,-0.0474464817623782,-0.011428534075981212,-0.003678138360259986
8,V03→V04,V03,V04,full_vs_condition0,condition0,NoCond,D2-014,0.007531152868812729,1.920443981547246,0.0281632968760801,0.0030700570028839858,0.007531152868812729,0.018503789423090028,0.004250362571893318
8,V03→V04,V03,V04,full_vs_condition0,condition0,NoCond,D2-015,0.0014386682257968297,0.36686039757819155,-0.029369369174550186,-0.01065080103521443,0.0014386682257968297,0.0016086345829931237,0.024208865299516796
8,V03→V04,V03,V04,full_vs_condition0,condition0,NoCond,D2-016,0.012487326748669147,3.1842683209106326,0.020939235058095695,-0.01984454825934434,-0.015694071021344902,0.035439216428332865,0.012487326748669147
8,V03→V04,V03,V04,full_vs_condition0,condition0,NoCond,D2-017,-0.03586887651019627,-9.146563510100048,-0.03662406683269173,-0.01767162192198965,-0.056354436101485994,0.01038877252075407,-0.03586887651019627
8,V03→V04,V03,V04,full_vs_condition0,condition0,NoCond,D2-018,0.007577946976475097,1.9323764790011497,0.010631742576758058,0.007577946976475097,0.004758972485644247,0.017899297069812165,-0.01785348444853141
8,V03→V04,V03,V04,full_vs_condition0,condition0,NoCond,D2-019,0.02724347456737801,6.947086014681393,0.02724347456737801,0.00942488000900657,0.05695464020525967,-0.021594338854889816,0.043981835751989745
8,V03→V04,V03,V04,full_vs_condition0,condition0,NoCond,D2-020,0.0009007216823515851,0.2296840289996542,0.0009007216823515851,0.008344457890742854,0.006732926004644715,-2.391461705986142e-05,-0.01792854226225024
8,V03→V04,V03,V04,full_vs_condition0,condition0,NoCond,D2-021,0.0025910352181885976,0.6607139806380924,0.00561470344976675,0.004281731201085992,-0.017563504042011124,-0.01705591220023303,0.0025910352181885976
8,V03→V04,V03,V04,full_vs_condition0,condition0,NoCond,D2-022,-0.006182811492019269,-1.5766169304649136,-0.0073993528882662085,0.06415453097886509,0.03932849458522264,-0.01179761191209161,-0.006182811492019269
8,V03→V04,V03,V04,full_vs_condition0,condition0,NoCond,D2-023,0.003119210627945984,0.795398710126226,-0.01970292714358579,0.04125955599275502,0.022207858323147783,-0.026622045484155116,0.003119210627945984
8,V03→V04,V03,V04,full_vs_condition0,condition0,NoCond,D2-024,0.0025858053172281292,0.659380355893173,-0.00816088637640311,-0.027640433332254744,0.010235219962837161,0.0025858053172281292,0.012925441008667604
8,V03→V04,V03,V04,full_vs_condition0,condition0,NoCond,D2-025,-0.008698292194341123,-2.2180645095569864,-0.059796955372238975,0.007144915839207594,-0.008698292194341123,-0.0012220125003107596,-0.02768630241097389
8,V03→V04,V03,V04,full_vs_condition0,condition0,NoCond,D2-026,-0.011086745754532196,-2.82712016740571,-0.011086745754532196,-0.012168618270020554,0.01938948499551718,-0.010272608719010298,-0.01923063122059987
8,V03→V04,V03,V04,full_vs_condition0,condition0,NoCond,D2-027,0.0028017403065473123,0.7144437781695646,0.02332966714754872,-0.01672893145988727,0.025768996655255894,0.0028017403065473123,0.0012277708999041959
8,V03→V04,V03,V04,full_vs_condition0,condition0,NoCond,D2-028,-0.0004840686296422869,-0.12343750055878316,-0.011845871806144714,0.009700616418073571,-0.0004840686296422869,-0.03527652087310951,0.0454695079475641
8,V03→V04,V03,V04,full_vs_condition0,condition0,NoCond,D2-029,0.02706098445413402,6.900551035804175,0.015535421299132657,0.03811384166716136,0.01648047100207961,0.02706098445413402,0.06490508689169297
8,V03→V04,V03,V04,full_vs_condition0,condition0,NoCond,D2-030,-0.026473093073110326,-6.750638733643133,-0.0010055390497048788,-0.04735745224464047,-0.05593760314959664,-0.026473093073110326,-0.00481625767172994
8,V03→V04,V03,V04,full_vs_condition0,condition0,NoCond,D2-031,-0.02093133313788309,-5.3374899501601885,-0.02093133313788309,-0.052119196133895096,-0.018992428781671622,-0.024528234203656518,0.026982263703313136
8,V03→V04,V03,V04,full_vs_condition0,condition0,NoCond,D2-032,0.008212447969936865,2.0941742323339003,0.008212447969936865,0.003038521563889951,0.052033082308138134,0.006169731272201939,0.02173797727799881
8,V03→V04,V03,V04,full_vs_condition0,condition0,NoCond,D2-033,0.015795716198912846,4.027907630722776,0.03988912910745851,0.015795716198912846,0.04585251264404833,0.014829421513958968,0.006357477945193923
8,V03→V04,V03,V04,full_vs_condition0,condition0,NoCond,D2-034,0.004648419579973917,1.1853469928933489,-0.008678000903240002,0.004648419579973917,0.061102016104592205,-0.01343685492045349,0.02618138699067965
8,V03→V04,V03,V04,full_vs_condition0,condition0,NoCond,D2-035,-0.026500237295351448,-6.757560510314619,-0.026592260805395396,-0.026500237295351448,-0.04358875185335426,0.0047010535237479445,0.011471930596619717
8,V03→V04,V03,V04,full_vs_condition0,condition0,NoCond,D2-036,0.007637704412142454,1.9476146250963258,-0.0015960324393666236,0.023536571665950412,0.007637704412142454,0.005937935271556838,0.07056661957092042
8,V03→V04,V03,V04,full_vs_condition0,condition0,NoCond,D2-037,0.0021678088454618327,0.5527912555927673,-0.010704388487197111,0.0264770774658592,-0.05011828414474925,0.0021678088454618327,0.016517128329724073
8,V03→V04,V03,V04,full_vs_condition0,condition0,NoCond,D2-038,-0.00884375397094897,-2.2551572625919873,-0.010839250801646771,0.01305901166577797,-0.020620849257135115,0.005367259016144765,-0.00884375397094897
8,V03→V04,V03,V04,full_vs_condition0,condition0,NoCond,D2-039,0.02843072256516843,7.24983425411795,0.005951093953280195,0.018826926747957884,0.02843072256516843,0.03336710695709502,0.03265999940534434
8,V03→V04,V03,V04,full_vs_condition0,condition0,NoCond,D2-040,0.004822962416880794,1.2298554163046025,0.0009531378239190369,0.004822962416880794,0.042650237476744624,0.0032740964167782827,0.017455185909255017
8,V03→V04,V03,V04,full_vs_condition0,condition0,NoCond,D2-041,0.03572841962178552,9.110747003555309,0.03572841962178552,0.007976554036140449,0.06199431300163269,0.05828380227088925,-0.08219542771577831
8,V03→V04,V03,V04,full_vs_condition0,condition0,NoCond,D2-042,0.011397245650490134,2.906297640874984,-0.020427859388291836,0.016295607101970505,-0.024583653757526053,0.01258037511503235,0.011397245650490134
8,V03→V04,V03,V04,full_vs_condition0,condition0,NoCond,D2-043,0.03826995005969096,9.758837265221194,0.045237593318301225,0.03826995005969096,0.009392678841120675,-0.004301049246418248,0.0543290284220819
8,V03→V04,V03,V04,full_vs_condition0,condition0,NoCond,D2-044,-0.005337364226579683,-1.361027877777819,-0.0408188016878234,0.008827660481135036,-0.005337364226579683,0.009941365404261493,-0.008470551835166068
8,V03→V04,V03,V04,full_vs_condition0,condition0,NoCond,D2-045,0.003286898213749112,0.8381590445060236,0.02081732895587468,-0.035551388385809124,0.0042551439255476,0.003286898213749112,-0.02614859107416123
8,V03→V04,V03,V04,full_vs_condition0,condition0,NoCond,D2-046,0.010705520525390727,2.7299077339746356,0.025785254682471698,-0.003088741183832844,-0.02891756765498421,0.023576768839524836,0.010705520525390727
8,V03→V04,V03,V04,full_vs_condition0,condition0,NoCond,D2-047,0.007552790230718143,1.9259615088331263,0.007552790230718143,-0.01748759470794392,0.0050289493011332065,0.017658739768225573,0.011903021184877405
8,V03→V04,V03,V04,full_vs_condition0,condition0,NoCond,D2-048,-0.019629187933686704,-5.00544292309011,0.07683276172934306,-0.03514260307161346,-0.034620327150656105,-0.019629187933686704,0.05386840438263285
8,V03→V04,V03,V04,full_vs_condition0,condition0,NoCond,D2-049,-0.007429554819678635,-1.894536479018052,-0.005635589313430667,0.042108340141100736,-0.014207027518214316,-0.01205321391805625,-0.007429554819678635
8,V03→V04,V03,V04,full_vs_condition0,condition0,NoCond,D2-050,0.0010598173054555682,0.2702534128911699,-0.0006565558267574434,0.0010598173054555682,-0.044724905242522595,0.01606399361409394,0.014893638061396097
8,V03→V04,V03,V04,full_vs_condition0,condition0,NoCond,D2-051,-0.013547454839167389,-3.4546009839876843,-0.013547454839167389,-0.03001349376163623,-0.01678025992452234,0.009036891054416046,-0.01112911213135373
8,V03→V04,V03,V04,full_vs_condition0,condition0,NoCond,D2-052,0.001596824689344939,0.4071902957829594,-0.0033910336970078836,0.006704324348406371,0.008227502306302398,-0.026119385554332936,0.001596824689344939
8,V03→V04,V03,V04,full_vs_condition0,condition0,NoCond,D2-053,0.014864939724055809,3.7905596296342314,0.026662938121898655,-0.010454371921333333,0.00494614985067518,0.016582379703510508,0.014864939724055809
8,V03→V04,V03,V04,full_vs_condition0,condition0,NoCond,D2-054,0.0010244784255822315,0.261241998523469,0.0034812779890166234,-0.02570967733239135,0.03318661368555492,-0.01985625074141556,0.0010244784255822315
8,V03→V04,V03,V04,full_vs_condition0,condition0,NoCond,D2-055,0.0003012113527141036,0.07680889494209642,0.0003012113527141036,-0.04279397470368579,0.004289528820663691,0.014172775120559089,-0.015305311708344205
8,V03→V04,V03,V04,full_vs_condition0,condition0,NoCond,D2-056,-0.006625368915222307,-1.6894690733816884,0.018058519051582733,0.022178500752758096,-0.009667292513229231,-0.010965300516949772,-0.006625368915222307
8,V03→V04,V03,V04,full_vs_condition0,condition0,NoCond,D2-057,-0.015818187320718963,-4.033637766783335,-0.015818187320718963,0.018003634246839123,0.019041947513616014,-0.01655326145035882,-0.03746453662510632
8,V03→V04,V03,V04,full_vs_condition0,condition0,NoCond,D2-058,-0.018894437189195673,-4.818081483244897,-0.0027667086790589823,-0.01847910442773032,-0.040638648703986535,-0.018894437189195673,-0.049703745390562465
8,V03→V04,V03,V04,full_vs_condition0,condition0,NoCond,D2-059,0.004698367168505996,1.198083627969029,0.004698367168505996,0.007913897163234651,-0.023759491120775536,-0.0051956179862221175,0.008185491935970873
8,V03→V04,V03,V04,full_vs_condition0,condition0,NoCond,D2-060,-0.033936542645096796,-8.653818374499682,-0.043854237720370295,-0.04378956307967502,-0.01181526885678369,-0.021723874720434355,-0.033936542645096796
8,V03→V04,V03,V04,full_vs_condition0,condition0,NoCond,D2-061,0.012891661293886525,3.287373629941064,-0.02128143236041069,-0.009182110974640195,0.030679345062691654,0.02718744281638455,0.012891661293886525
8,V03→V04,V03,V04,full_vs_condition0,condition0,NoCond,D2-062,-0.00031162731309411495,-0.07946496483899931,-0.00031162731309411495,-0.016310388032066553,0.02795357005770807,0.041212170104426085,-0.02343068488182562
8,V03→V04,V03,V04,full_vs_condition0,condition0,NoCond,D2-063,-0.03493895835202673,-8.909434379766816,-0.05937303311151007,0.022142294834813336,-0.03493895835202673,-0.0020282422664804622,-0.041883369138383336
8,V03→V04,V03,V04,full_vs_condition0,condition0,NoCond,D2-064,0.001941462171574454,0.4950728537514858,-0.03070223331451416,0.001941462171574454,0.021063180267810816,-0.024306193304558604,0.028901455986003077
8,V03→V04,V03,V04,full_vs_condition0,condition0,NoCond,D2-065,0.01535508717099826,3.9155472286045563,0.025414187577035702,0.0053183926228020095,-0.0036172161582443407,0.01535508717099826,0.040660424712631454
8,V03→V04,V03,V04,full_vs_condition0,condition0,NoCond,D2-066,-0.01169282213003947,-2.981669643160065,-0.015976579351858644,0.0017990949140353485,-0.01169282213003947,-0.012557077005204503,0.006468886302577137
8,V03→V04,V03,V04,full_vs_condition0,condition0,NoCond,D2-067,-0.006770778469563948,-1.726548509738807,-0.026331100025258625,-0.011683067439922257,-0.006770778469563948,0.01801825838074797,0.00627556270254509
8,V03→V04,V03,V04,full_vs_condition0,condition0,NoCond,D2-068,-0.03507329035521478,-8.94368904057977,-0.053009210457635514,-0.016670716883138176,-0.018128183720878877,-0.03507329035521478,-0.05514067102425785
8,V03→V04,V03,V04,full_vs_condition0,condition0,NoCond,D2-069,-0.002430669190707002,-0.6198206436302856,-0.02754823651026797,0.01749651324417853,0.00847647079715022,-0.002430669190707002,-0.04149042757021054
8,V03→V04,V03,V04,full_vs_condition0,condition0,NoCond,D2-070,0.03584090580222432,9.139430979567202,0.040456564676377094,0.03689177462490656,0.03584090580222432,0.008967114312033508,0.010196822705448305
8,V03→V04,V03,V04,full_vs_condition0,condition0,NoCond,D2-071,-0.010914711488617834,-2.7832514295975477,-0.04903656707869636,-0.05599079868859713,-0.010914711488617834,0.004924285825755881,0.023828995558950683
8,V03→V04,V03,V04,full_vs_condition0,condition0,NoCond,D2-072,0.004436590291914511,1.1313305244382001,0.005666230760869528,0.004436590291914511,-0.0024327500590256013,0.03976238121589021,-0.014758171318542346
8,V03→V04,V03,V04,full_vs_condition0,condition0,NoCond,D2-073,-0.013454269917772488,-3.4308388290319844,-0.040643037328224524,-0.020862439598483523,-0.013454269917772488,-0.0032539692348085847,0.021077251919869644
8,V03→V04,V03,V04,full_vs_condition0,condition0,NoCond,D2-074,0.008064440003147821,2.0564322008026945,-0.0522856983459658,0.008064440003147821,-0.0608329861942265,0.017928224160439432,0.021163290883931873
8,V03→V04,V03,V04,full_vs_condition0,condition0,NoCond,D2-075,0.00556353791656658,1.4187021687244779,0.005409584818487495,0.01628208647553739,0.00556353791656658,-0.008782986869924098,0.01480520317633438
8,V03→V04,V03,V04,full_vs_condition0,condition0,NoCond,D2-076,0.020363652890966866,5.192731487196551,0.02427300221698231,0.020363652890966866,0.03750049005183137,0.002500423454037004,0.015528763738251516
8,V03→V04,V03,V04,full_vs_condition0,condition0,NoCond,D2-077,0.006752072343937099,1.7217784477039602,0.005070318157474191,0.026080362689800768,0.01615119541589266,0.006752072343937099,-0.01350034224108243
8,V03→V04,V03,V04,full_vs_condition0,condition0,NoCond,D2-078,0.022100775606102407,5.635697779556114,0.02908714363972348,-0.022522252301375056,0.022100775606102407,0.020743106305599168,0.030144375065962514
8,V03→V04,V03,V04,full_vs_condition0,condition0,NoCond,D2-079,0.014817268138204637,3.778403375242182,0.031168912847836808,-0.003687189678795888,0.014817268138204637,0.0161588840668474,-0.0035845990204692313
8,V03→V04,V03,V04,full_vs_condition0,condition0,NoCond,D2-080,-0.0010061308838962557,-0.25656337539354523,0.01639253711875746,-0.014747796787156014,-0.0005920571731586055,-0.016704850190994797,-0.0010061308838962557
8,V03→V04,V03,V04,full_vs_condition0,condition0,NoCond,D2-081,0.017308666409614176,4.413709934451615,0.05021510389633477,-0.004230375712116569,0.017308666409614176,-0.011672881858733775,0.018944140368451684
8,V03→V04,V03,V04,full_vs_condition0,condition0,NoCond,D2-082,-0.02325476986426178,-5.929966315386754,-0.028239532584144217,-0.021671138223140457,-0.040151647762745935,-0.02325476986426178,-0.022602348237909298
8,V03→V04,V03,V04,full_vs_condition0,condition0,NoCond,D2-083,0.0016574528917931708,0.4226504874072585,-0.011426945919530432,0.02540437458899983,-0.01876676716563995,0.021630281484440753,0.0016574528917931708
8,V03→V04,V03,V04,full_vs_condition0,condition0,NoCond,D2-084,0.005315069730083138,1.3553427811712002,0.005315069730083138,0.05533389792297824,0.018289717648065446,-0.012293417401837592,-0.0013155963723406605
8,V03→V04,V03,V04,full_vs_condition0,condition0,NoCond,D2-085,-0.01876746656166184,-4.785703973223769,-0.018402621563937904,-0.04532094653925778,-0.01876746656166184,-0.0019159260102443731,-0.04549049047960174
8,V03→V04,V03,V04,full_vs_condition0,condition0,NoCond,D2-086,-0.00979987519054576,-2.4989681735891685,-0.031781355711235415,0.01392645847009516,-0.00979987519054576,-0.014565722524434666,0.008166201455497207
8,V03→V04,V03,V04,full_vs_condition0,condition0,NoCond,D2-087,0.007124162589510291,1.8166614603251243,0.009662975246707589,0.0018272861683120423,-0.004143598877514393,0.015982149867340936,0.007124162589510291
8,V03→V04,V03,V04,full_vs_condition0,condition0,NoCond,D2-088,0.01042243464032247,2.6577208332822297,0.0500244487059508,0.01928374996767357,-0.014810767322079116,0.005645142037403961,0.01042243464032247
8,V03→V04,V03,V04,full_vs_condition0,condition0,NoCond,D2-089,0.041903313249349594,10.685344878584146,0.029609997653298914,0.014223634871462054,0.04790152866570724,0.041903313249349594,0.045595197036625845
8,V03→V04,V03,V04,full_vs_condition0,condition0,NoCond,D2-090,0.004681026274017203,1.1936616998743868,0.04441564874830603,0.004681026274017203,0.0033911347881644682,-0.03338102279123904,0.0232347616304954
8,V03→V04,V03,V04,full_vs_condition0,condition0,NoCond,D2-091,-0.02733740396797657,-6.971038011834025,-0.034845692260811745,0.0016361610032618046,-0.049318692336479814,-0.02733740396797657,0.04792113555595279
8,V03→V04,V03,V04,full_vs_condition0,condition0,NoCond,D2-092,0.011048250687800742,2.817303925389189,0.030733427441701683,0.011048250687800742,0.0184087504337474,0.004838580947096771,-0.013557880753424068
8,V03→V04,V03,V04,full_vs_condition0,condition0,NoCond,D2-093,0.00378733816055149,0.9657712309406299,-0.024667510906091095,0.050627186607856034,0.024971847446301043,-0.048605277800025104,0.00378733816055149
8,V03→V04,V03,V04,full_vs_condition0,condition0,NoCond,D2-094,-0.013114145144503181,-3.344107011848311,-0.011031268494771734,-0.03677456773130605,-0.022015263557645437,0.0029280570910331927,-0.013114145144503181
8,V03→V04,V03,V04,full_vs_condition0,condition0,NoCond,D2-095,-0.024211664702378066,-6.173974499106407,-0.05288675797531028,0.02385391173214696,-0.04095617034076865,-0.024211664702378066,0.04068101533487728
8,V03→V04,V03,V04,full_vs_condition0,condition0,NoCond,D2-096,-0.004560612170964262,-1.1629561035958869,-0.004560612170964262,0.007076464131358984,-0.029718519412269884,0.0005735909176427245,-0.016900551729193025
8,V03→V04,V03,V04,full_vs_condition0,condition0,NoCond,D2-097,0.0013737667738739912,0.3503105273378677,0.0013737667738739912,-0.005719704380452301,-0.03701615362056618,0.02218546681716793,0.009567377060814647
8,V03→V04,V03,V04,full_vs_condition0,condition0,NoCond,D2-098,0.005109356679752763,1.3028859533369546,0.0415462054458319,0.037401659187732944,0.0010725672338522951,0.005109356679752763,-0.004162053975696661
8,V03→V04,V03,V04,full_vs_condition0,condition0,NoCond,D2-099,0.02337049015883702,5.95947499050344,0.048091192479174316,0.02337049015883702,0.02077141288952178,-0.003977452217784561,0.037518193818120105
8,V03→V04,V03,V04,full_vs_condition0,condition0,NoCond,D2-100,0.007581615500678901,1.9333119526731197,-0.005627089302347177,0.015473545839389174,0.007581615500678901,-0.00683715984676822,0.013636575691928748
8,V03→V04,V03,V04,full_vs_b_lite_ft,b_lite_ft,B-lite 同任务微调,D2-001,-0.025105156911871374,-6.401815012527201,-0.03616227185687956,-0.03147349616464895,-0.0009678466579852996,-0.025105156911871374,-0.009814562204365551
8,V03→V04,V03,V04,full_vs_b_lite_ft,b_lite_ft,B-lite 同任务微调,D2-002,0.0383418594345902,9.777174155820502,0.0383418594345902,-0.015797491236166528,0.07941800831167987,0.04788668679468558,0.03407960954037581
8,V03→V04,V03,V04,full_vs_b_lite_ft,b_lite_ft,B-lite 同任务微调,D2-003,-0.03656009421683851,-9.32282402529382,-0.02636980552536744,-0.023775614720458776,-0.06064248302330574,-0.03656009421683851,-0.04697532307667038
8,V03→V04,V03,V04,full_vs_b_lite_ft,b_lite_ft,B-lite 同任务微调,D2-004,-0.06543970346206524,-16.687124382826635,-0.06543970346206524,-0.0647154336825746,-0.06271340783502233,-0.07861215879764064,-0.07687490119960139
8,V03→V04,V03,V04,full_vs_b_lite_ft,b_lite_ft,B-lite 同任务微调,D2-005,-0.05933590939906841,-15.130656896762444,-0.05895407550351722,-0.06662607647723434,-0.0588991747635631,-0.05933590939906841,-0.062418836802943745
8,V03→V04,V03,V04,full_vs_b_lite_ft,b_lite_ft,B-lite 同任务微调,D2-006,0.027378200624997795,6.981441159374437,-0.02386489868737185,0.020765560655257642,0.0447032003161999,0.03711339683295825,0.027378200624997795
8,V03→V04,V03,V04,full_vs_b_lite_ft,b_lite_ft,B-lite 同任务微调,D2-007,-0.017943101173097428,-4.575490799139844,-0.02355131574652411,-0.017943101173097428,-0.013989789467869385,-0.012815274373449467,-0.02399431379756542
8,V03→V04,V03,V04,full_vs_b_lite_ft,b_lite_ft,B-lite 同任务微调,D2-008,0.026084550656378283,6.651560417376462,0.035570399130158345,-0.006505496771723934,0.026084550656378283,0.00869660704594219,0.04922253325242888
8,V03→V04,V03,V04,full_vs_b_lite_ft,b_lite_ft,B-lite 同任务微调,D2-009,0.03221761437753837,8.215491666272284,0.03221761437753837,0.03396726281071702,0.06335989867647487,0.007570235927899682,-0.0030714885517954815
8,V03→V04,V03,V04,full_vs_b_lite_ft,b_lite_ft,B-lite 同任务微调,D2-010,0.03760397192780618,9.589012841590575,0.009212236713480093,0.03760397192780618,0.04822497000848805,0.05216018200196598,0.03362082738291333
8,V03→V04,V03,V04,full_vs_b_lite_ft,b_lite_ft,B-lite 同任务微调,D2-011,0.02817156217128472,7.183748353677603,-0.0077702647911897516,0.01410219432327195,0.032493092119693756,0.02817156217128472,0.05343345625568992
8,V03→V04,V03,V04,full_vs_b_lite_ft,b_lite_ft,B-lite 同任务微调,D2-012,-0.09248738626789565,-23.584283498313393,-0.09248738626789565,-0.07510655098641761,-0.10911498169856843,-0.06720700579685995,-0.1463599746124913
8,V03→V04,V03,V04,full_vs_b_lite_ft,b_lite_ft,B-lite 同任务微调,D2-013,-0.07906292696915024,-20.16104637713331,-0.09542743878333063,-0.057805888597073585,-0.10081920778848291,-0.05420760745258349,-0.07906292696915024
8,V03→V04,V03,V04,full_vs_b_lite_ft,b_lite_ft,B-lite 同任务微调,D2-014,-0.0027295450933954857,-0.6960339988158488,-0.002953885010246071,-0.012529962724356941,-0.0027295450933954857,0.007022810704780336,0.006506895815784286
8,V03→V04,V03,V04,full_vs_b_lite_ft,b_lite_ft,B-lite 同任务微调,D2-015,-0.047979255872113366,-12.234710247388909,-0.047979255872113366,-0.035362150748165275,-0.05335863730331669,-0.06139212324708497,-0.0409823900380102
8,V03→V04,V03,V04,full_vs_b_lite_ft,b_lite_ft,B-lite 同任务微调,D2-016,0.03004584937459892,7.661691590522725,0.03004584937459892,0.021009480580687523,0.06271666619512772,0.019769203952617165,0.050095139692227064
8,V03→V04,V03,V04,full_vs_b_lite_ft,b_lite_ft,B-lite 同任务微调,D2-017,-0.051944032160922735,-13.245728201035297,-0.06037498438599134,-0.04095711638078546,-0.08774784220514274,-0.051944032160922735,-0.044767168886733794
8,V03→V04,V03,V04,full_vs_b_lite_ft,b_lite_ft,B-lite 同任务微调,D2-018,0.04971823817038018,12.678150733446946,0.054578505699401314,0.0331699982609438,0.05843320661696835,0.04971823817038018,0.04919276192136432
8,V03→V04,V03,V04,full_vs_b_lite_ft,b_lite_ft,B-lite 同任务微调,D2-019,0.1242030275824629,31.67177203352804,0.15418401921604885,0.07738810492518508,0.11836171545732169,0.1242030275824629,0.13963795876429405
8,V03→V04,V03,V04,full_vs_b_lite_ft,b_lite_ft,B-lite 同任务微调,D2-020,-0.0007403812442834667,-0.18879721729228402,-0.0007403812442834667,0.008219506113957123,0.007961201266600534,-0.008057867036961805,-0.02141817841992709
8,V03→V04,V03,V04,full_vs_b_lite_ft,b_lite_ft,B-lite 同任务微调,D2-021,-0.0509377517933704,-12.989126707309453,-0.03018263661770071,-0.054971787735991096,-0.0509377517933704,-0.08984182718641685,-0.04507018210387778
8,V03→V04,V03,V04,full_vs_b_lite_ft,b_lite_ft,B-lite 同任务微调,D2-022,0.07103174130121864,18.113094031810753,-0.0012480742401546618,0.07644551967581115,0.09937919643190168,0.07103174130121864,0.042503694362110545
8,V03→V04,V03,V04,full_vs_b_lite_ft,b_lite_ft,B-lite 同任务微调,D2-023,0.028708969741457646,7.3207872840717,-0.02231017048611786,0.028708969741457646,0.03456482949732528,0.011188155096588714,0.04267723308970228
8,V03→V04,V03,V04,full_vs_b_lite_ft,b_lite_ft,B-lite 同任务微调,D2-024,-0.006707375825837636,-1.7103808355885972,-0.006707375825837636,-0.01923380301211236,0.025316136751988128,-0.039717412041139266,0.007650037144505684
8,V03→V04,V03,V04,full_vs_b_lite_ft,b_lite_ft,B-lite 同任务微调,D2-025,-0.05836469764639249,-14.882997899830084,-0.07528176098719411,-0.053117956452328585,-0.05836469764639249,-0.04298865996386814,-0.05925081982866101
8,V03→V04,V03,V04,full_vs_b_lite_ft,b_lite_ft,B-lite 同任务微调,D2-026,0.04954948162902956,12.635117815402538,0.051562505031841385,0.020696602815735182,0.051007189828416566,0.03591153943452283,0.04954948162902956
8,V03→V04,V03,V04,full_vs_b_lite_ft,b_lite_ft,B-lite 同任务微调,D2-027,-0.014151981507224604,-3.608755284342274,-0.014151981507224604,-0.033035757384081016,0.00026579355371408875,-0.025256436104061947,-0.012511151275415522
8,V03→V04,V03,V04,full_vs_b_lite_ft,b_lite_ft,B-lite 同任务微调,D2-028,0.034097797734042035,8.69493842218072,0.01492576052745187,0.0037919903484483486,0.03623332139104607,0.034097797734042035,0.06658089086413382
8,V03→V04,V03,V04,full_vs_b_lite_ft,b_lite_ft,B-lite 同任务微调,D2-029,0.07759990257739324,19.787975157235277,0.05232629604768335,0.07333399433838694,0.07759990257739324,0.08238108589025267,0.14657960370270132
8,V03→V04,V03,V04,full_vs_b_lite_ft,b_lite_ft,B-lite 同任务微调,D2-030,-0.07695524152871724,-19.623586589822896,-0.08117034128523089,-0.06601716131643133,-0.12504329881421083,-0.07695524152871724,-0.07094136873881023
8,V03→V04,V03,V04,full_vs_b_lite_ft,b_lite_ft,B-lite 同任务微调,D2-031,0.0004764091223478095,0.12148432619869143,0.007130061296953094,-0.03114853407152829,-0.006443918382541991,0.0004764091223478095,0.012926387641992831
8,V03→V04,V03,V04,full_vs_b_lite_ft,b_lite_ft,B-lite 同任务微调,D2-032,0.009185936886305923,2.3424139060080105,0.009185936886305923,-0.0050781918506996315,0.06900112739965025,-0.002046884567129814,0.020131796014075165
8,V03→V04,V03,V04,full_vs_b_lite_ft,b_lite_ft,B-lite 同任务微调,D2-033,0.05628042994884025,14.351509636954264,0.03219358361603919,0.0615694633962815,0.10199052879684847,0.03597394912912133,0.05628042994884025
8,V03→V04,V03,V04,full_vs_b_lite_ft,b_lite_ft,B-lite 同任务微调,D2-034,0.022977143595064087,5.859171616741342,0.022977143595064087,0.001498698429376999,0.04176047913454195,0.016334330180176992,0.06212522800045986
8,V03→V04,V03,V04,full_vs_b_lite_ft,b_lite_ft,B-lite 同任务微调,D2-035,-0.05963149443689708,-15.206031081408756,-0.07850842937658736,-0.03996984725870656,-0.06926703648799559,-0.03889961429150762,-0.05963149443689708
8,V03→V04,V03,V04,full_vs_b_lite_ft,b_lite_ft,B-lite 同任务微调,D2-036,0.09202893742400664,23.467379043121692,0.03335497225972189,0.09491763641868811,0.08724616554336273,0.09202893742400664,0.11755878966895567
8,V03→V04,V03,V04,full_vs_b_lite_ft,b_lite_ft,B-lite 同任务微调,D2-037,0.017913405206941402,4.567918327770057,0.017913405206941402,0.01417160413361021,-0.00485596284713774,0.02827257325961477,0.021721782495400743
8,V03→V04,V03,V04,full_vs_b_lite_ft,b_lite_ft,B-lite 同任务微调,D2-038,-0.017327581042960533,-4.418533165954936,-0.008746702960655522,-0.00372035043724514,-0.017327581042960533,-0.03289902765872113,-0.037515212081919935
8,V03→V04,V03,V04,full_vs_b_lite_ft,b_lite_ft,B-lite 同任务微调,D2-039,-0.03140849691061748,-8.009166712207456,-0.08251727975550155,-0.050515535686697255,-0.029980290326334175,-0.03140849691061748,-0.02926179074815341
8,V03→V04,V03,V04,full_vs_b_lite_ft,b_lite_ft,B-lite 同任务微调,D2-040,0.1036187896416301,26.422791358615676,0.08543929341090781,0.1011098334882535,0.13182658114198112,0.1036187896416301,0.12710911755253668
8,V03→V04,V03,V04,full_vs_b_lite_ft,b_lite_ft,B-lite 同任务微调,D2-041,-0.1158910459280014,-29.552216711640355,-0.12253512332836786,-0.1158910459280014,-0.076697070201238,-0.09006557067235313,-0.14812203516562777
8,V03→V04,V03,V04,full_vs_b_lite_ft,b_lite_ft,B-lite 同任务微调,D2-042,0.08196399788860054,20.900819461593137,0.07564738729879969,0.09678004763000425,0.07698943998132435,0.09225541164743759,0.08196399788860054
8,V03→V04,V03,V04,full_vs_b_lite_ft,b_lite_ft,B-lite 同任务微调,D2-043,0.08867650761924409,22.612509442907243,0.07685416740261845,0.11661065895869223,0.09997376785786062,0.08867650761924409,0.08794757082230514
8,V03→V04,V03,V04,full_vs_b_lite_ft,b_lite_ft,B-lite 同任务微调,D2-044,0.0749559685587883,19.113771982491016,0.04016774147748947,0.0749559685587883,0.0794714907805125,0.08607069502274195,0.07213281326823764
8,V03→V04,V03,V04,full_vs_b_lite_ft,b_lite_ft,B-lite 同任务微调,D2-045,0.007301657796940864,1.8619227382199202,0.03165783105780268,-0.015894136546800552,0.007301657796940864,0.02164093798233402,-0.005458498515913041
8,V03→V04,V03,V04,full_vs_b_lite_ft,b_lite_ft,B-lite 同任务微调,D2-046,0.05942067885656413,15.152273108423852,0.05942067885656413,0.051940279794328,0.06442579967372214,0.07659852822069768,0.039010459338717246
8,V03→V04,V03,V04,full_vs_b_lite_ft,b_lite_ft,B-lite 同任务微调,D2-047,0.08456261456012726,21.56346671283245,0.07117480827474046,0.06616274550043305,0.10718873956765249,0.08456261456012726,0.09488967643387014
8,V03→V04,V03,V04,full_vs_b_lite_ft,b_lite_ft,B-lite 同任务微调,D2-048,0.10138648613873452,25.8535539653773,0.17521606866891185,0.07761615038745934,0.08915564769672024,0.10138648613873452,0.15990463411435485
8,V03→V04,V03,V04,full_vs_b_lite_ft,b_lite_ft,B-lite 同任务微调,D2-049,0.08948406206969267,22.81843582777163,0.08231110622485482,0.09887857314867851,0.08948406206969267,0.07982990986261612,0.09218025298263782
8,V03→V04,V03,V04,full_vs_b_lite_ft,b_lite_ft,B-lite 同任务微调,D2-050,-0.13783660757483224,-35.14833493158222,-0.13424050409858135,-0.08317740155639602,-0.13783660757483224,-0.150305447953881,-0.14691096115126911
8,V03→V04,V03,V04,full_vs_b_lite_ft,b_lite_ft,B-lite 同任务微调,D2-051,-0.033771685284117,-8.611779747449836,-0.0458023295454357,-0.033771685284117,-0.01798138934848964,-0.03777868721796118,-0.012779340795848665
8,V03→V04,V03,V04,full_vs_b_lite_ft,b_lite_ft,B-lite 同任务微调,D2-052,0.040468088680445546,10.319362613513615,0.05442337601473837,0.026714205139815206,0.040468088680445546,0.03677855635231192,0.04062902483374181
8,V03→V04,V03,V04,full_vs_b_lite_ft,b_lite_ft,B-lite 同任务微调,D2-053,0.06346427915101882,16.183391183509798,0.06346427915101882,0.050180773569944326,0.062162337553613056,0.07340622875192354,0.08074750597348235
8,V03→V04,V03,V04,full_vs_b_lite_ft,b_lite_ft,B-lite 同任务微调,D2-054,-0.013933141043202757,-3.552950966016703,-0.01696197026305729,-0.013933141043202757,0.01836978168123299,-0.024522960806886346,-0.009853576103018402
8,V03→V04,V03,V04,full_vs_b_lite_ft,b_lite_ft,B-lite 同任务微调,D2-055,-0.014317284154733934,-3.650907459457153,0.012997045971904764,-0.05808171175533172,-0.026077599278792274,0.003078295990373181,-0.014317284154733934
8,V03→V04,V03,V04,full_vs_b_lite_ft,b_lite_ft,B-lite 同任务微调,D2-056,-0.04314806505485819,-11.002756588988838,-0.05820754142823041,-0.04040393247096627,-0.03575526812562235,-0.051647302177217275,-0.04314806505485819
8,V03→V04,V03,V04,full_vs_b_lite_ft,b_lite_ft,B-lite 同任务微调,D2-057,-0.06636505888230138,-16.92309001498685,-0.07962335235610299,-0.06636505888230138,-0.0363007794533457,-0.06114198541154667,-0.06827322682555839
8,V03→V04,V03,V04,full_vs_b_lite_ft,b_lite_ft,B-lite 同任务微调,D2-058,-0.08111865716237648,-20.685257576406002,-0.07915783211515816,-0.10458379713635817,-0.14466229855429893,-0.047034584150156544,-0.08111865716237648
8,V03→V04,V03,V04,full_vs_b_lite_ft,b_lite_ft,B-lite 同任务微调,D2-059,0.04140163069435707,10.557415827061051,0.021473992383107543,0.04710016360816857,0.04140163069435707,0.04053794200687358,0.05666114785708487
8,V03→V04,V03,V04,full_vs_b_lite_ft,b_lite_ft,B-lite 同任务微调,D2-060,-0.09050085681180159,-23.077718487009406,-0.06668240415553253,-0.09050085681180159,-0.10633281338959931,-0.07572292294353246,-0.09246234533687434
8,V03→V04,V03,V04,full_vs_b_lite_ft,b_lite_ft,B-lite 同任务微调,D2-061,-0.05381103823364,-13.7218147495782,-0.06437890867501389,-0.049595818960622984,-0.05784357239529764,-0.05381103823364,-0.03096764467847654
8,V03→V04,V03,V04,full_vs_b_lite_ft,b_lite_ft,B-lite 同任务微调,D2-062,-0.01747548980738528,-4.456249900883247,-0.030030904508005538,-0.03832690600025397,-0.004015295205497621,0.017306515055718605,-0.01747548980738528
8,V03→V04,V03,V04,full_vs_b_lite_ft,b_lite_ft,B-lite 同任务微调,D2-063,-0.033523276286280684,-8.548435453001575,-0.04595689221784688,-0.014566289301475743,-0.033523276286280684,-0.026556415105427528,-0.054740481470050145
8,V03→V04,V03,V04,full_vs_b_lite_ft,b_lite_ft,B-lite 同任务微调,D2-064,0.05034683191527925,12.838442138396209,0.017364990400771302,0.05034683191527925,0.0677697842940688,0.040844878802696855,0.07083253034700951
8,V03→V04,V03,V04,full_vs_b_lite_ft,b_lite_ft,B-lite 同任务微调,D2-065,0.040326618187957325,10.283287637929117,0.040326618187957325,0.015733358719282692,0.04655998787946172,0.0777537606159846,0.039290449089474155
8,V03→V04,V03,V04,full_vs_b_lite_ft,b_lite_ft,B-lite 同任务微调,D2-066,-0.02708040843858861,-6.905504151840096,-0.02708040843858861,-0.019566113336218743,-0.05492119728164238,-0.04344656636392827,-0.018852850403448557
8,V03→V04,V03,V04,full_vs_b_lite_ft,b_lite_ft,B-lite 同任务微调,D2-067,-0.0728878476878717,-18.58640116040728,-0.0817246184285198,-0.07034225371621904,-0.07771563609795912,-0.0728878476878717,-0.06315639089526874
8,V03→V04,V03,V04,full_vs_b_lite_ft,b_lite_ft,B-lite 同任务微调,D2-068,-0.07464663404249408,-19.03489168083599,-0.07435342888961469,-0.04645291519488476,-0.1415608877012896,-0.07464663404249408,-0.0994170037524183
8,V03→V04,V03,V04,full_vs_b_lite_ft,b_lite_ft,B-lite 同任务微调,D2-069,0.034885103034752396,8.89570127386186,0.05425625288927996,0.029776102304458624,0.06404062172880878,0.00969638217378549,0.034885103034752396
8,V03→V04,V03,V04,full_vs_b_lite_ft,b_lite_ft,B-lite 同任务微调,D2-070,0.05577355543131468,14.222256634985243,0.05322761272871368,0.05577355543131468,0.06411372469637988,0.049752186783539376,0.07317966150660671
8,V03→V04,V03,V04,full_vs_b_lite_ft,b_lite_ft,B-lite 同任务微调,D2-071,-0.05234631548325219,-13.34831044822931,-0.041046685953107176,-0.05234631548325219,-0.07707426192031969,-0.0555843975394964,-0.05202433367570242
8,V03→V04,V03,V04,full_vs_b_lite_ft,b_lite_ft,B-lite 同任务微调,D2-072,0.0020639615399496436,0.5263101926871592,-0.0236005883131708,-0.005785445159389835,0.032996237100589854,0.0020639615399496436,0.03358740402119503
8,V03→V04,V03,V04,full_vs_b_lite_ft,b_lite_ft,B-lite 同任务微调,D2-073,-0.08537226132629963,-21.769926638206407,-0.08537226132629963,-0.08720589549130711,-0.07897813493309172,-0.10469766018375029,-0.05286972328657738
8,V03→V04,V03,V04,full_vs_b_lite_ft,b_lite_ft,B-lite 同任务微调,D2-074,-0.012014454817054432,-3.06368597834888,-0.021479612009392857,-0.012014454817054432,-0.041555046414335606,0.028996935631665943,0.01286060014670648
8,V03→V04,V03,V04,full_vs_b_lite_ft,b_lite_ft,B-lite 同任务微调,D2-075,0.011950410106497944,3.047354577156976,0.011950410106497944,0.018071217701221137,0.00978776818921423,-0.003091234809313087,0.021612410330110132
8,V03→V04,V03,V04,full_vs_b_lite_ft,b_lite_ft,B-lite 同任务微调,D2-076,0.042935576896334815,10.948572108565378,0.04519252825615022,0.042935576896334815,0.07719086919182033,0.01943434884612877,0.0416242097930391
8,V03→V04,V03,V04,full_vs_b_lite_ft,b_lite_ft,B-lite 同任务微调,D2-077,-0.01835786570341158,-4.681255754369953,-0.04370752717248905,-0.007401727617551118,-0.01835786570341158,-0.035018644271752775,-0.004971191525841356
8,V03→V04,V03,V04,full_vs_b_lite_ft,b_lite_ft,B-lite 同任务微调,D2-078,0.048636894921461726,12.40240820497274,0.03629761023653877,0.022140160534116937,0.06007641338639791,0.048636894921461726,0.06424057069751954
8,V03→V04,V03,V04,full_vs_b_lite_ft,b_lite_ft,B-lite 同任务微调,D2-079,0.004840433894105212,1.234310642996829,0.02617142668262644,-0.021292403896353146,0.021246668081081915,0.004840433894105212,-0.005563802590862421
8,V03→V04,V03,V04,full_vs_b_lite_ft,b_lite_ft,B-lite 同任务微调,D2-080,0.030641595766045693,7.813606920341652,0.028968040873996542,-0.022963650183740025,0.04842454920602002,0.030641595766045693,0.08281358034392586
8,V03→V04,V03,V04,full_vs_b_lite_ft,b_lite_ft,B-lite 同任务微调,D2-081,0.00777403424338749,1.98237873206381,0.00777403424338749,-0.009550222816566617,0.01559986814390868,0.005207423469983041,0.0179417118197307
8,V03→V04,V03,V04,full_vs_b_lite_ft,b_lite_ft,B-lite 同任务微调,D2-082,-0.02964915014723296,-7.560533287544405,-0.02964915014723296,-0.022251616482452663,-0.050464419367653085,-0.009425806222102956,-0.0476152837196345
8,V03→V04,V03,V04,full_vs_b_lite_ft,b_lite_ft,B-lite 同任务微调,D2-083,0.009209131723956057,2.3483285896087946,0.013124511887629836,-0.0168726640965855,-0.016853704591069316,0.009209131723956057,0.012350610996547495
8,V03→V04,V03,V04,full_vs_b_lite_ft,b_lite_ft,B-lite 同任务微调,D2-084,-0.025424105030569147,-6.483146782795132,-0.04053305411203342,-0.01383783465081996,0.0024911540024208367,-0.027956625728896164,-0.025424105030569147
8,V03→V04,V03,V04,full_vs_b_lite_ft,b_lite_ft,B-lite 同任务微调,D2-085,-0.10846376722609552,-27.65826064265436,-0.08279767301347521,-0.11161780256180115,-0.10294836704377774,-0.11194021255927689,-0.10846376722609552
8,V03→V04,V03,V04,full_vs_b_lite_ft,b_lite_ft,B-lite 同任务微调,D2-086,0.010921890365666376,2.785082043244926,-0.00884652360417379,0.010921890365666376,0.01933488836404923,0.009858814806773752,0.033798521320367675
8,V03→V04,V03,V04,full_vs_b_lite_ft,b_lite_ft,B-lite 同任务微调,D2-087,-0.018035753940542548,-4.59911725483835,-0.018035753940542548,-0.010012000178297356,-0.03080086813618739,0.0025080734242995673,-0.02175025696245332
8,V03→V04,V03,V04,full_vs_b_lite_ft,b_lite_ft,B-lite 同任务微调,D2-088,0.06188350478668167,15.780293720603826,0.07156241576716374,0.05299744247830529,0.06580231803963443,0.06188350478668167,0.05292107098399193
8,V03→V04,V03,V04,full_vs_b_lite_ft,b_lite_ft,B-lite 同任务微调,D2-089,0.09035791433046733,23.04126815426917,0.09035791433046733,0.06065940856933594,0.10601316108590081,0.0678004604719934,0.1061015535027735
8,V03→V04,V03,V04,full_vs_b_lite_ft,b_lite_ft,B-lite 同任务微调,D2-090,0.0022625841799823743,0.5769589658955054,0.017792515777822204,0.0015097636322694286,0.014884838845109799,-0.009212556712586306,0.0022625841799823743
8,V03→V04,V03,V04,full_vs_b_lite_ft,b_lite_ft,B-lite 同任务微调,D2-091,-0.03140688377122086,-8.00875536166132,-0.025747462641447783,-0.04367565565432113,-0.047927279335757106,-0.03140688377122086,0.014453011254469544
8,V03→V04,V03,V04,full_vs_b_lite_ft,b_lite_ft,B-lite 同任务微调,D2-092,0.005860621367043628,1.4944584485961252,0.02623875021207625,0.0034322656267057328,0.005860621367043628,0.006887924259271094,-0.0019382942861657648
8,V03→V04,V03,V04,full_vs_b_lite_ft,b_lite_ft,B-lite 同任务微调,D2-093,0.01802625363835919,4.596694677781594,6.593362643170231e-05,0.0407653832091735,0.04257696026410812,0.009667024876062691,0.01802625363835919
8,V03→V04,V03,V04,full_vs_b_lite_ft,b_lite_ft,B-lite 同任务微调,D2-094,0.013318806252581,3.396295594408155,0.030413928052000966,-0.01009688996676858,0.02701654977409554,-0.016909444427236603,0.013318806252581
8,V03→V04,V03,V04,full_vs_b_lite_ft,b_lite_ft,B-lite 同任务微调,D2-095,-0.026734597786189696,-6.817322435478372,-0.05868924306888207,-0.026734597786189696,-0.03077498604269585,-0.011529304720217903,-0.0054461550868414865
8,V03→V04,V03,V04,full_vs_b_lite_ft,b_lite_ft,B-lite 同任务微调,D2-096,-0.03667388943045638,-9.351841804766376,-0.029437154069427374,-0.035115567028753514,-0.07434140830192454,-0.03667388943045638,-0.04621779901343723
8,V03→V04,V03,V04,full_vs_b_lite_ft,b_lite_ft,B-lite 同任务微调,D2-097,0.03784611373325514,9.65075900198006,0.031009694897249113,0.02865709877405012,0.05024926372564556,0.03784611373325514,0.0543628424568906
8,V03→V04,V03,V04,full_vs_b_lite_ft,b_lite_ft,B-lite 同任务微调,D2-098,0.008351659920870086,2.129673279821872,0.016956658982763106,0.008351659920870086,0.014931895466996165,-0.01172723489649155,5.823359185697097e-07
8,V03→V04,V03,V04,full_vs_b_lite_ft,b_lite_ft,B-lite 同任务微调,D2-099,0.015098559479397478,3.8501326672463567,0.007849338206361578,0.015098559479397478,0.058323812248357365,0.011477069457970446,0.01936747895247004
8,V03→V04,V03,V04,full_vs_b_lite_ft,b_lite_ft,B-lite 同任务微调,D2-100,0.013820998709310167,3.5243546708740925,0.0008852481089457187,0.021308650497836312,0.0257745159771105,-0.0023577558723362757,0.013820998709310167
8,V03→V04,V03,V04,full_vs_freeuv_conserved,freeuv_conserved,FreeUV（已观测纹理保持）,D2-001,0.048214980592139245,12.294820050995508,0.03632685530166596,0.02888716000299424,0.060204719145519614,0.048214980592139245,0.05170978877979976
8,V03→V04,V03,V04,full_vs_freeuv_conserved,freeuv_conserved,FreeUV（已观测纹理保持）,D2-002,-0.03546814215228411,-9.044376248832448,-0.03602495122362265,-0.05913341069086031,0.007720482123620601,-0.009681330497066182,-0.03546814215228411
8,V03→V04,V03,V04,full_vs_freeuv_conserved,freeuv_conserved,FreeUV（已观测纹理保持）,D2-003,-0.016403973956281903,-4.183013358851885,-0.016403973956281903,-0.0009570797750105275,-0.035891507597019257,-0.011130273574963212,-0.022198797902092338
8,V03→V04,V03,V04,full_vs_freeuv_conserved,freeuv_conserved,FreeUV（已观测纹理保持）,D2-004,0.11904994551031317,30.35773610512986,0.11904994551031317,0.12993373522341578,0.1239518707241517,0.11226669802773193,0.11532878094032162
8,V03→V04,V03,V04,full_vs_freeuv_conserved,freeuv_conserved,FreeUV（已观测纹理保持）,D2-005,-0.028111211946802495,-7.168359046434636,-0.020913722920515743,-0.03780205431503586,-0.033800889374994314,-0.028111211946802495,-0.026233725380939488
8,V03→V04,V03,V04,full_vs_freeuv_conserved,freeuv_conserved,FreeUV（已观测纹理保持）,D2-006,0.01211094467017132,3.0882908908936866,-0.0287191154053196,0.0029664196026248923,0.020928376688598066,0.01211094467017132,0.013694887049496174
8,V03→V04,V03,V04,full_vs_freeuv_conserved,freeuv_conserved,FreeUV（已观测纹理保持）,D2-007,-0.04976311566853764,-12.689594495477097,-0.04486143220253665,-0.050542965305574006,-0.05652662976221605,-0.037914828369111725,-0.04976311566853764
8,V03→V04,V03,V04,full_vs_freeuv_conserved,freeuv_conserved,FreeUV（已观测纹理保持）,D2-008,0.04517841762439771,11.520496494221417,0.06651133439983382,0.025458151926145423,0.04517841762439771,0.042082090339990275,0.07366194163985325
8,V03→V04,V03,V04,full_vs_freeuv_conserved,freeuv_conserved,FreeUV（已观测纹理保持）,D2-009,-0.03681916926056146,-9.388888161443173,-0.03681916926056146,-0.03676318303371469,-0.035269664985438196,-0.04484918749580781,-0.06592598922550678
8,V03→V04,V03,V04,full_vs_freeuv_conserved,freeuv_conserved,FreeUV（已观测纹理保持）,D2-010,-0.025877599406090607,-6.598787848553105,-0.04825846489553373,-0.028976848185131382,-0.01435142435581871,-0.016729200232980995,-0.025877599406090607
8,V03→V04,V03,V04,full_vs_freeuv_conserved,freeuv_conserved,FreeUV（已观测纹理保持）,D2-011,0.009126517408783896,2.3272619392398934,-0.015473190020175942,0.009126517408783896,-0.00020623881963716117,0.011821715809080924,0.03331917877970399
8,V03→V04,V03,V04,full_vs_freeuv_conserved,freeuv_conserved,FreeUV（已观测纹理保持）,D2-012,-0.07149640436876906,-18.23158311403611,-0.07149640436876906,-0.060814615941107875,-0.09128921655843958,-0.06597812494470015,-0.13142776421525265
8,V03→V04,V03,V04,full_vs_freeuv_conserved,freeuv_conserved,FreeUV（已观测纹理保持）,D2-013,-0.053313347988012405,-13.594903736943163,-0.06913425726437472,-0.03866599818191879,-0.07395304924225421,-0.037345022129697536,-0.053313347988012405
8,V03→V04,V03,V04,full_vs_freeuv_conserved,freeuv_conserved,FreeUV（已观测纹理保持）,D2-014,0.01787056977098639,4.556995291601529,0.026725671000101342,0.011820365928790794,0.008722548965703347,0.022694401217229432,0.01787056977098639
8,V03→V04,V03,V04,full_vs_freeuv_conserved,freeuv_conserved,FreeUV（已观测纹理保持）,D2-015,-0.042363639287397156,-10.802728018286276,-0.04870573578237676,-0.03300807097939405,-0.042788060039890066,-0.042363639287397156,-0.022606359908775395
8,V03→V04,V03,V04,full_vs_freeuv_conserved,freeuv_conserved,FreeUV（已观测纹理保持）,D2-016,0.0076152204742861995,1.9418812209429808,0.0076152204742861995,-0.00495327610729468,0.025545569602400064,-0.019493220115287424,0.01956904933063519
8,V03→V04,V03,V04,full_vs_freeuv_conserved,freeuv_conserved,FreeUV（已观测纹理保持）,D2-017,-0.0070583062867323465,-1.7998681031167483,-0.010157438352553533,0.015958444789202525,-0.033267233276156466,-0.0070583062867323465,0.008049508876571743
8,V03→V04,V03,V04,full_vs_freeuv_conserved,freeuv_conserved,FreeUV（已观测纹理保持）,D2-018,-0.0016425344688089094,-0.4188462895462719,0.0018241503613366516,-0.020496861023855367,-0.011199761951423193,0.0019350479883344374,-0.0016425344688089094
8,V03→V04,V03,V04,full_vs_freeuv_conserved,freeuv_conserved,FreeUV（已观测纹理保持）,D2-019,0.08372424009405538,21.34968122398412,0.10615792704953088,0.022420252362887083,0.0944069305687775,0.055312954809194737,0.08372424009405538
8,V03→V04,V03,V04,full_vs_freeuv_conserved,freeuv_conserved,FreeUV（已观测纹理保持）,D2-020,0.041640076121049266,10.618219410867562,0.057385854856298726,0.046770299682496005,0.041640076121049266,0.03762092384349405,0.02964180608658673
8,V03→V04,V03,V04,full_vs_freeuv_conserved,freeuv_conserved,FreeUV（已观测纹理保持）,D2-021,0.09917706378175381,25.290151264347223,0.1157045994610508,0.08579039303193375,0.09917706378175381,0.06800921853646008,0.10282675383105819
8,V03→V04,V03,V04,full_vs_freeuv_conserved,freeuv_conserved,FreeUV（已观测纹理保持）,D2-022,0.15662996475067403,39.94064101142188,0.10670906408793401,0.1809673414876064,0.18641229441596402,0.15288688130676747,0.15662996475067403
8,V03→V04,V03,V04,full_vs_freeuv_conserved,freeuv_conserved,FreeUV（已观测纹理保持）,D2-023,0.0027022428547192057,0.6890719279533974,-0.027149964443812458,0.0027022428547192057,0.008111148602282153,-0.01773204810616344,0.018650901005274112
8,V03→V04,V03,V04,full_vs_freeuv_conserved,freeuv_conserved,FreeUV（已观测纹理保持）,D2-024,-0.11246650960556298,-28.67895994941856,-0.11246650960556298,-0.1487344066186469,-0.10001214610975845,-0.15894763841647513,-0.10290689004022024
8,V03→V04,V03,V04,full_vs_freeuv_conserved,freeuv_conserved,FreeUV（已观测纹理保持）,D2-025,0.06082381940200582,15.510073947511485,0.04065133942205501,0.06082381940200582,0.058869768014370355,0.0663054519354355,0.06614900335947843
8,V03→V04,V03,V04,full_vs_freeuv_conserved,freeuv_conserved,FreeUV（已观测纹理保持）,D2-026,0.0164204441294398,4.187213253007148,0.019441363125013697,-0.0029990073711867737,0.0164204441294398,0.008834121188661753,0.017756094649920007
8,V03→V04,V03,V04,full_vs_freeuv_conserved,freeuv_conserved,FreeUV（已观测纹理保持）,D2-027,0.008382513605315112,2.1375409693553533,0.015758945681582925,-0.0026247621267691534,0.008382513605315112,-0.0015561590934621838,0.013359746713747928
8,V03→V04,V03,V04,full_vs_freeuv_conserved,freeuv_conserved,FreeUV（已观测纹理保持）,D2-028,-0.06235419410901763,-15.900319497799495,-0.06235419410901763,-0.09564250647090375,-0.059800816994781264,-0.0696561950414131,-0.04409759564635654
8,V03→V04,V03,V04,full_vs_freeuv_conserved,freeuv_conserved,FreeUV（已观测纹理保持）,D2-029,0.06328830596778479,16.13851802178512,0.058735387922640436,0.06671833265463861,0.06328830596778479,0.05994258270931174,0.1313605662871
8,V03→V04,V03,V04,full_vs_freeuv_conserved,freeuv_conserved,FreeUV（已观测纹理保持）,D2-030,-0.01748152416165885,-4.457788661223007,-0.02273415455275829,-0.01021477992872935,-0.062029468482947575,-0.01748152416165885,-0.012072498700371748
8,V03→V04,V03,V04,full_vs_freeuv_conserved,freeuv_conserved,FreeUV（已观测纹理保持）,D2-031,0.06051097092115215,15.430297584893799,0.07541658834864695,0.04517502048984168,0.053406299247096,0.06051097092115215,0.06822065766900776
8,V03→V04,V03,V04,full_vs_freeuv_conserved,freeuv_conserved,FreeUV（已观测纹理保持）,D2-032,-0.08123832568526268,-20.715773049741983,-0.08123832568526268,-0.11049717255667146,-0.05159532790090526,-0.09133445646832972,-0.06681467621934184
8,V03→V04,V03,V04,full_vs_freeuv_conserved,freeuv_conserved,FreeUV（已观测纹理保持）,D2-033,0.07407360131803309,18.888768336098437,0.06160072485605872,0.07407360131803309,0.09420081319516163,0.04969663499740129,0.07623807118650067
8,V03→V04,V03,V04,full_vs_freeuv_conserved,freeuv_conserved,FreeUV（已观测纹理保持）,D2-034,0.021061392569983406,5.370655105345769,0.021889780061664366,-0.006643776747363606,0.021061392569983406,0.0034683317773872013,0.052324652188905946
8,V03→V04,V03,V04,full_vs_freeuv_conserved,freeuv_conserved,FreeUV（已观测纹理保持）,D2-035,-0.014147796452382178,-3.6076880953574553,-0.026705841265492525,-0.014147796452382178,-0.03324495967330232,-0.009380951439593443,-0.01404581364181079
8,V03→V04,V03,V04,full_vs_freeuv_conserved,freeuv_conserved,FreeUV（已观测纹理保持）,D2-036,0.11758611551013542,29.984459455084533,0.09693824175907217,0.12614504777003022,0.1066711834375409,0.11758611551013542,0.15931724208960496
8,V03→V04,V03,V04,full_vs_freeuv_conserved,freeuv_conserved,FreeUV（已观测纹理保持）,D2-037,0.022220191107841125,5.666148732499487,0.029202605536695375,0.022220191107841125,-0.0047497894736893975,0.028662982513196766,0.020237264761124696
8,V03→V04,V03,V04,full_vs_freeuv_conserved,freeuv_conserved,FreeUV（已观测纹理保持）,D2-038,0.018717122995584035,4.772866363873929,0.036804758896261974,0.030848969763281664,0.018717122995584035,0.014136847634773492,0.009072328859803386
8,V03→V04,V03,V04,full_vs_freeuv_conserved,freeuv_conserved,FreeUV（已观测纹理保持）,D2-039,-0.07164607516356877,-18.26974916671004,-0.11287357072745052,-0.10151808176721844,-0.04766728462917463,-0.07164607516356877,-0.051651563318002774
8,V03→V04,V03,V04,full_vs_freeuv_conserved,freeuv_conserved,FreeUV（已观测纹理保持）,D2-040,0.04252994577495417,10.845136172613314,0.03485670939189234,0.04065573205347772,0.05841877874062984,0.04252994577495417,0.08040426676573395
8,V03→V04,V03,V04,full_vs_freeuv_conserved,freeuv_conserved,FreeUV（已观测纹理保持）,D2-041,-0.06008924181262654,-15.322756662219767,-0.07951671625177065,-0.056324736922979346,-0.03796713516116143,-0.06008924181262654,-0.11825508341193197
8,V03→V04,V03,V04,full_vs_freeuv_conserved,freeuv_conserved,FreeUV（已观测纹理保持）,D2-042,0.017458415994908494,4.451896078701666,0.01024062929874553,0.02915928427994785,-0.0073744007774318165,0.017458415994908494,0.024507890993152703
8,V03→V04,V03,V04,full_vs_freeuv_conserved,freeuv_conserved,FreeUV（已观测纹理保持）,D2-043,0.0997891145137449,25.446224201004952,0.10868066426849475,0.1070546300874816,0.0997891145137449,0.08983320127137834,0.0915737631385801
8,V03→V04,V03,V04,full_vs_freeuv_conserved,freeuv_conserved,FreeUV（已观测纹理保持）,D2-044,0.10366399851110247,26.43431962033113,0.07689453280634351,0.10380051566494836,0.09425272709793514,0.11437399999962913,0.10366399851110247
8,V03→V04,V03,V04,full_vs_freeuv_conserved,freeuv_conserved,FreeUV（已观测纹理保持）,D2-045,0.07403240722811055,18.87826384316819,0.10155406856857654,0.05666057460217011,0.07403240722811055,0.08348096513913736,0.06001782884252155
8,V03→V04,V03,V04,full_vs_freeuv_conserved,freeuv_conserved,FreeUV（已观测纹理保持）,D2-046,0.042109368127529245,10.737888872519958,0.042109368127529245,0.05222332855847514,0.0235060951155093,0.07445823678309901,0.03341369243499673
8,V03→V04,V03,V04,full_vs_freeuv_conserved,freeuv_conserved,FreeUV（已观测纹理保持）,D2-047,-0.0254664376549337,-6.493941602008094,-0.0254664376549337,-0.047922251553371015,-0.02488026168497129,-0.02989843196567446,-0.01068939936572108
8,V03→V04,V03,V04,full_vs_freeuv_conserved,freeuv_conserved,FreeUV（已观测纹理保持）,D2-048,-0.019856397217760502,-5.063381290528928,0.07433480386518768,-0.042427625662336765,-0.03460595782639253,-0.019856397217760502,0.04404569137841463
8,V03→V04,V03,V04,full_vs_freeuv_conserved,freeuv_conserved,FreeUV（已观测纹理保持）,D2-049,-0.03547382096831614,-9.045824346920615,-0.03547382096831614,-0.028331490567861467,-0.02685478145782,-0.05021088436628002,-0.03913278147005117
8,V03→V04,V03,V04,full_vs_freeuv_conserved,freeuv_conserved,FreeUV（已观测纹理保持）,D2-050,0.03469500188514879,8.847225480712941,0.05556015515079099,0.08129846193261586,0.03469500188514879,0.03306756853399906,0.032261109892644135
8,V03→V04,V03,V04,full_vs_freeuv_conserved,freeuv_conserved,FreeUV（已观测纹理保持）,D2-051,0.05403257884841037,13.778307606344644,0.0440575347106526,0.06336112865719243,0.05403257884841037,0.04889005730333537,0.07788365523236387
8,V03→V04,V03,V04,full_vs_freeuv_conserved,freeuv_conserved,FreeUV（已观测纹理保持）,D2-052,0.04313116208320916,10.998446331218336,0.0659014992415905,0.04208118961465479,0.04040113900496503,0.04313116208320916,0.05042290608539726
8,V03→V04,V03,V04,full_vs_freeuv_conserved,freeuv_conserved,FreeUV（已观测纹理保持）,D2-053,0.05618423211252746,14.326979188694501,0.05618423211252746,0.04072893195798699,0.05583174031735025,0.061114599499764,0.06478137790527141
8,V03→V04,V03,V04,full_vs_freeuv_conserved,freeuv_conserved,FreeUV（已观测纹理保持）,D2-054,-0.05511759497070065,-14.054986717528665,-0.05355125206470904,-0.0781245880579162,-0.037650513113476336,-0.08379258656512117,-0.05511759497070065
8,V03→V04,V03,V04,full_vs_freeuv_conserved,freeuv_conserved,FreeUV（已观测纹理保持）,D2-055,0.008113987165305647,2.06906672715294,0.04003742362626572,-0.004718684986459498,0.008113987165305647,0.030214081744127208,0.004067942443670647
8,V03→V04,V03,V04,full_vs_freeuv_conserved,freeuv_conserved,FreeUV（已观测纹理保持）,D2-056,0.1419554966398411,36.19865164315949,0.13969883691795446,0.14006140576330597,0.15091436256275131,0.1419554966398411,0.1427549613225791
8,V03→V04,V03,V04,full_vs_freeuv_conserved,freeuv_conserved,FreeUV（已观测纹理保持）,D2-057,-0.02812460273326864,-7.171773696983503,-0.03596195979614039,-0.02812460273326864,-0.00413607614000841,-0.02296707430081507,-0.031241296004934777
8,V03→V04,V03,V04,full_vs_freeuv_conserved,freeuv_conserved,FreeUV（已观测纹理保持）,D2-058,-0.035330931984764696,-9.009387656114997,-0.035330931984764696,-0.05313029622330384,-0.08612249258394336,-0.020067514906473016,-0.02927550008776142
8,V03→V04,V03,V04,full_vs_freeuv_conserved,freeuv_conserved,FreeUV（已观测纹理保持）,D2-059,-0.0050084228472163095,-1.277147826040159,-0.0050084228472163095,-0.0010585359608133449,-0.011049029921802372,-0.008664287199887127,0.01714655718145272
8,V03→V04,V03,V04,full_vs_freeuv_conserved,freeuv_conserved,FreeUV（已观测纹理保持）,D2-060,0.04954665685460591,12.634397497924507,0.07217422336107118,0.04392858455345655,0.029824549739714712,0.06719697878773634,0.04954665685460591
8,V03→V04,V03,V04,full_vs_freeuv_conserved,freeuv_conserved,FreeUV（已观测纹理保持）,D2-061,0.04993599547489441,12.733678846098075,0.048291687270278466,0.05233423420715902,0.0413415996842223,0.04993599547489441,0.0714420414164717
8,V03→V04,V03,V04,full_vs_freeuv_conserved,freeuv_conserved,FreeUV（已观测纹理保持）,D2-062,0.005351433620577856,1.3646155732473533,-0.0047645520178540846,-0.016283866268412384,0.013607832513028578,0.03681270720096687,0.005351433620577856
8,V03→V04,V03,V04,full_vs_freeuv_conserved,freeuv_conserved,FreeUV（已观测纹理保持）,D2-063,-0.016863407742610026,-4.3001689743655565,-0.024562997001128795,0.009256309141283448,-0.016863407742610026,-0.005343184914385929,-0.03289475572713907
8,V03→V04,V03,V04,full_vs_freeuv_conserved,freeuv_conserved,FreeUV（已观测纹理保持）,D2-064,0.020358777977526193,5.19148838426918,-0.004437145031988637,0.020358777977526193,0.03968996014446019,0.009085529545942939,0.04202753957360983
8,V03→V04,V03,V04,full_vs_freeuv_conserved,freeuv_conserved,FreeUV（已观测纹理保持）,D2-065,0.03368866135676701,8.590608645975589,0.019645918409029628,0.011295198392536898,0.03368866135676701,0.05503844963179694,0.04101266142394808
8,V03→V04,V03,V04,full_vs_freeuv_conserved,freeuv_conserved,FreeUV（已观测纹理保持）,D2-066,0.005325490209001166,1.3580000032952972,0.005654878119439488,0.005325490209001166,-0.022703459359366795,-0.012275665833831134,0.008938601668547791
8,V03→V04,V03,V04,full_vs_freeuv_conserved,freeuv_conserved,FreeUV（已观测纹理保持）,D2-067,-7.169567314641023e-05,-0.01828239665233461,-0.002123757598123388,-7.169567314641023e-05,-0.00400679888913319,0.008751890200766776,0.013059588991815141
8,V03→V04,V03,V04,full_vs_freeuv_conserved,freeuv_conserved,FreeUV（已观测纹理保持）,D2-068,-0.10997609360966573,-28.04390387046476,-0.10997609360966573,-0.08069014514601508,-0.15745431866294654,-0.10488786764962729,-0.1203005388090315
8,V03→V04,V03,V04,full_vs_freeuv_conserved,freeuv_conserved,FreeUV（已观测纹理保持）,D2-069,-0.1156039771106508,-29.479014163215954,-0.10221598920998749,-0.1156039771106508,-0.10237845447328354,-0.1607859878628342,-0.12822138625714513
8,V03→V04,V03,V04,full_vs_freeuv_conserved,freeuv_conserved,FreeUV（已观测纹理保持）,D2-070,0.07871592882019218,20.072561849149007,0.07524938484834087,0.07871592882019218,0.09878477562339077,0.05527102847092896,0.09361943358214952
8,V03→V04,V03,V04,full_vs_freeuv_conserved,freeuv_conserved,FreeUV（已观测纹理保持）,D2-071,-0.09163866643276483,-23.367859940355032,-0.084535647287137,-0.10185675997700958,-0.09163866643276483,-0.11525827124714852,-0.08132856496506266
8,V03→V04,V03,V04,full_vs_freeuv_conserved,freeuv_conserved,FreeUV（已观测纹理保持）,D2-072,-0.020808834280996114,-5.306252741654009,-0.03128742279396168,-0.03277013175899074,0.0023995337209531398,-0.020808834280996114,0.005410471469873501
8,V03→V04,V03,V04,full_vs_freeuv_conserved,freeuv_conserved,FreeUV（已观测纹理保持）,D2-073,0.11569722558019424,29.50279252294953,0.11569722558019424,0.11180214340055594,0.11972640330243983,0.09102668708420536,0.13144486253446297
8,V03→V04,V03,V04,full_vs_freeuv_conserved,freeuv_conserved,FreeUV（已观测纹理保持）,D2-074,0.10575029683834014,26.966325693776735,0.10575029683834014,0.09978338764307815,0.08354988758434989,0.14010835554950907,0.13267264237920584
8,V03→V04,V03,V04,full_vs_freeuv_conserved,freeuv_conserved,FreeUV（已观测纹理保持）,D2-075,0.06479444338852525,16.522583064073938,0.06479444338852525,0.07582177810816684,0.062258234072444796,0.04967003131014669,0.07383713938104802
8,V03→V04,V03,V04,full_vs_freeuv_conserved,freeuv_conserved,FreeUV（已观测纹理保持）,D2-076,0.02620219658742584,6.681560129793589,0.03383847568617315,0.022437450901944545,0.050256536046201894,-0.002746682180914728,0.02620219658742584
8,V03→V04,V03,V04,full_vs_freeuv_conserved,freeuv_conserved,FreeUV（已观测纹理保持）,D2-077,0.02547096184048897,6.495095269324687,0.012567718202869088,0.03727411297269356,0.02547096184048897,0.008588786308582008,0.02681084870336911
8,V03→V04,V03,V04,full_vs_freeuv_conserved,freeuv_conserved,FreeUV（已观测纹理保持）,D2-078,-0.07046281157268419,-17.968016951034468,-0.07046281157268419,-0.10973845331205262,-0.06637786817219521,-0.07334819394681191,-0.06551503597034347
8,V03→V04,V03,V04,full_vs_freeuv_conserved,freeuv_conserved,FreeUV（已观测纹理保持）,D2-079,-0.013512636937979439,-3.445722419184757,0.0069597921616847275,-0.03423696360666656,-0.013512636937979439,-0.0009483377083172317,-0.026818185627682872
8,V03→V04,V03,V04,full_vs_freeuv_conserved,freeuv_conserved,FreeUV（已观测纹理保持）,D2-080,-0.044032531674780884,-11.228295577069126,-0.04650969820377096,-0.08688331926180648,-0.044032531674780884,-0.044011681054542284,-0.0062896920964608805
8,V03→V04,V03,V04,full_vs_freeuv_conserved,freeuv_conserved,FreeUV（已观测纹理保持）,D2-081,0.013574800880936294,3.461574224638755,0.01697503620137772,-0.007539248016352446,0.02319370792247355,0.008194484786751388,0.013574800880936294
8,V03→V04,V03,V04,full_vs_freeuv_conserved,freeuv_conserved,FreeUV（已观测纹理保持）,D2-082,0.0598433332377544,15.260049975627371,0.0598433332377544,0.0655276916160058,0.04440968007009516,0.06984244417198884,0.04402426648284158
8,V03→V04,V03,V04,full_vs_freeuv_conserved,freeuv_conserved,FreeUV（已观测纹理保持）,D2-083,-0.01982080112946661,-5.054304288013985,-0.0190156966839966,-0.04752795430913307,-0.049615545296355305,-0.018825333500117593,-0.01982080112946661
8,V03→V04,V03,V04,full_vs_freeuv_conserved,freeuv_conserved,FreeUV（已观测纹理保持）,D2-084,-0.03703702715310184,-9.444441924040968,-0.04310681428195853,-0.022168704731897887,-0.021583574965144653,-0.03703702715310184,-0.038617713941317605
8,V03→V04,V03,V04,full_vs_freeuv_conserved,freeuv_conserved,FreeUV（已观测纹理保持）,D2-085,-0.010807572323598968,-2.755930942517737,0.026265285449263487,-0.010807572323598968,-0.0006848875387215347,-0.03790375361517989,-0.02695721295880682
8,V03→V04,V03,V04,full_vs_freeuv_conserved,freeuv_conserved,FreeUV（已观测纹理保持）,D2-086,-0.02387213420080042,-6.087394221204107,-0.03498388355833362,-0.02975599442062707,-0.02387213420080042,-0.0222103927156021,-0.007996122085157487
8,V03→V04,V03,V04,full_vs_freeuv_conserved,freeuv_conserved,FreeUV（已观测纹理保持）,D2-087,0.012925927294418216,3.296111460076645,0.010444317323466124,0.024138214842726782,0.0021258476190268993,0.026870977909614638,0.012925927294418216
8,V03→V04,V03,V04,full_vs_freeuv_conserved,freeuv_conserved,FreeUV（已观测纹理保持）,D2-088,-0.001950495015007797,-0.4973762288269883,0.013413064006908393,-0.012345309128783677,-0.00968646660377162,-0.001950495015007797,-0.0003796099846911649
8,V03→V04,V03,V04,full_vs_freeuv_conserved,freeuv_conserved,FreeUV（已观测纹理保持）,D2-089,0.08223977999850399,20.971143899618518,0.08223977999850399,0.0680121582681461,0.10280535874208288,0.05597325220763211,0.08921836598938893
8,V03→V04,V03,V04,full_vs_freeuv_conserved,freeuv_conserved,FreeUV（已观测纹理保持）,D2-090,-0.07367641488946547,-18.787485796813694,-0.07367641488946547,-0.07026479196809662,-0.07733543226281289,-0.08624805025649313,-0.07261531251407732
8,V03→V04,V03,V04,full_vs_freeuv_conserved,freeuv_conserved,FreeUV（已观测纹理保持）,D2-091,0.0214499817811884,5.469745354203042,0.0203558835783042,0.036420010088477284,0.0033420323355433934,0.0214499817811884,0.05571872032790756
8,V03→V04,V03,V04,full_vs_freeuv_conserved,freeuv_conserved,FreeUV（已观测纹理保持）,D2-092,0.07768619336127264,19.80997930712452,0.10564578527478666,0.08144626502947105,0.06750839436805345,0.07768619336127264,0.06819158117097568
8,V03→V04,V03,V04,full_vs_freeuv_conserved,freeuv_conserved,FreeUV（已观测纹理保持）,D2-093,-0.01780339128648245,-4.539864778053025,-0.029352866387806653,0.0012069677050488004,0.0010347094219655406,-0.026980961446101126,-0.01780339128648245
8,V03→V04,V03,V04,full_vs_freeuv_conserved,freeuv_conserved,FreeUV（已观测纹理保持）,D2-094,0.06865992529172424,17.508280949389682,0.08813253420253173,0.0510030487644757,0.07408313241833492,0.04479412153257545,0.06865992529172424
8,V03→V04,V03,V04,full_vs_freeuv_conserved,freeuv_conserved,FreeUV（已观测纹理保持）,D2-095,-0.07005039540429908,-17.862850828096267,-0.08642044328640097,-0.07005039540429908,-0.07189242138825597,-0.060167053811787774,-0.047685015983149115
8,V03→V04,V03,V04,full_vs_freeuv_conserved,freeuv_conserved,FreeUV（已观测纹理保持）,D2-096,0.026690544300647656,6.806088796665152,0.037341227408411864,0.01932045512709968,-0.004598878482862057,0.04116108122664364,0.026690544300647656
8,V03→V04,V03,V04,full_vs_freeuv_conserved,freeuv_conserved,FreeUV（已观测纹理保持）,D2-097,0.024420294096398232,6.227174994581549,0.02023367775105389,0.01285541226547926,0.02570259341043854,0.024420294096398232,0.037481232724391716
8,V03→V04,V03,V04,full_vs_freeuv_conserved,freeuv_conserved,FreeUV（已观测纹理保持）,D2-098,-0.028109456058226373,-7.167911294847725,-0.02477779860297838,-0.028109456058226373,-0.02745844415005516,-0.05300289946151715,-0.04389047759274642
8,V03→V04,V03,V04,full_vs_freeuv_conserved,freeuv_conserved,FreeUV（已观测纹理保持）,D2-099,-0.10596146103907306,-27.02017256496363,-0.12345063013873664,-0.10830857293553142,-0.08650419042711277,-0.10596146103907306,-0.09415084421335457
8,V03→V04,V03,V04,full_vs_freeuv_conserved,freeuv_conserved,FreeUV（已观测纹理保持）,D2-100,-0.030363265914146342,-7.7426328081073175,-0.030363265914146342,-0.025188190467429872,-0.02070002803447271,-0.04805854339190202,-0.032949719276994166
9,V04→V01,V04,V01,full_vs_condition0,condition0,NoCond,D2-001,-0.011167831520239507,-2.847797037661074,-0.033735717833042134,-0.00769798343380293,-0.03580987428625426,-0.007414202243089668,-0.011167831520239507
9,V04→V01,V04,V01,full_vs_condition0,condition0,NoCond,D2-002,-0.0004227737134153142,-0.10780729692090513,-0.06201439870126321,-0.0004227737134153142,0.01360800343029428,0.013332805624513916,-0.04565074464136906
9,V04→V01,V04,V01,full_vs_condition0,condition0,NoCond,D2-003,-0.008620338284490936,-2.198186262545189,-0.04012037003067914,-0.008620338284490936,-0.07296960503092886,0.012590511173101948,0.023223425204187298
9,V04→V01,V04,V01,full_vs_condition0,condition0,NoCond,D2-004,0.005494347738998928,1.4010586734447266,-0.0288032216629312,0.005494347738998928,0.0050471762172233925,0.04547768209221553,0.010443952854400751
9,V04→V01,V04,V01,full_vs_condition0,condition0,NoCond,D2-005,-0.020150486255685496,-5.138373995199801,-0.0519275415412806,-0.010602080725409357,-0.031302833695102616,-0.020150486255685496,0.00676751633485162
9,V04→V01,V04,V01,full_vs_condition0,condition0,NoCond,D2-006,-0.010075994860873627,-2.569378689522775,-0.010075994860873627,-0.0008089126102507893,-0.04368743536964298,0.029642399814393816,-0.04002511923117613
9,V04→V01,V04,V01,full_vs_condition0,condition0,NoCond,D2-007,-0.00021380289056438517,-0.05451973709391822,-0.010696971016686152,-0.006799964945975345,0.0012477492171574234,-0.00021380289056438517,0.02892760247961293
9,V04→V01,V04,V01,full_vs_condition0,condition0,NoCond,D2-008,-0.016413382046362945,-4.1854124218225515,-0.023504826777121596,-0.0016776718783612365,-0.022191834668902788,-0.016413382046362945,0.0011934089310028928
9,V04→V01,V04,V01,full_vs_condition0,condition0,NoCond,D2-009,-0.005738231902703228,-1.463249135189323,-0.026207320328451633,-0.0011061806964058896,-0.005738231902703228,-0.016046956054165784,0.0050852326755850275
9,V04→V01,V04,V01,full_vs_condition0,condition0,NoCond,D2-010,-0.009125048553364157,-2.32688738110786,-0.00449218114631042,0.0032123601478007136,-0.009333480304727942,-0.009125048553364157,-0.014458353010316699
9,V04→V01,V04,V01,full_vs_condition0,condition0,NoCond,D2-011,-0.013489654043778054,-3.439861781163404,-0.024174070310971102,-0.029209682850965424,0.02486309828975844,-0.013489654043778054,-0.010140980519945664
9,V04→V01,V04,V01,full_vs_condition0,condition0,NoCond,D2-012,0.003279431392260612,0.8362550050264561,0.003279431392260612,-0.03198578265683899,0.0024145844855595067,0.01058060895712648,0.0069484772577963205
9,V04→V01,V04,V01,full_vs_condition0,condition0,NoCond,D2-013,-0.02360588147376594,-6.019499775810314,-0.025745761871306033,-0.02360588147376594,-0.03322284493563524,0.006415273655906439,-0.015399013383266241
9,V04→V01,V04,V01,full_vs_condition0,condition0,NoCond,D2-014,-0.023633806308110544,-6.026620608568189,-0.05081021785736084,-0.01239456494649252,-0.0034465372562408336,-0.023633806308110544,-0.05220849533875785
9,V04→V01,V04,V01,full_vs_condition0,condition0,NoCond,D2-015,-0.019253048986669574,-4.909527491600741,-0.012490217647855267,-0.021864377021316495,0.0011767859141978143,-0.019253048986669574,-0.020271353896648164
9,V04→V01,V04,V01,full_vs_condition0,condition0,NoCond,D2-016,-0.009946131388898244,-2.536263504169052,-0.02253961218176065,0.03574554987803655,-0.009946131388898244,-0.0190072657747401,0.0016607740135104743
9,V04→V01,V04,V01,full_vs_condition0,condition0,NoCond,D2-017,-0.018215165488303653,-4.6448671995174315,-0.020347397005747225,-0.011022517802538684,-0.018215165488303653,0.013234834033976128,-0.033688702438243484
9,V04→V01,V04,V01,full_vs_condition0,condition0,NoCond,D2-018,0.013253207293038832,3.379567859724902,0.013253207293038832,-0.020997467527135466,-0.029236334432018257,0.06382225337819977,0.018140210948192348
9,V04→V01,V04,V01,full_vs_condition0,condition0,NoCond,D2-019,0.010121550691384124,2.5809954263029513,0.011268203056627707,0.020579536275197097,0.010121550691384124,-0.026246294859916947,-0.020309847529216468
9,V04→V01,V04,V01,full_vs_condition0,condition0,NoCond,D2-020,-0.00014574664334456033,-0.037165394052862885,0.0029924892509977097,-0.004480074470241874,-0.00014574664334456033,0.011776908921698734,-0.015477011352777487
9,V04→V01,V04,V01,full_vs_condition0,condition0,NoCond,D2-021,0.033979961086833294,8.66489007714249,-0.03317569219876851,0.033979961086833294,-0.04381250696522848,0.06714524210445466,0.06688670364637224
9,V04→V01,V04,V01,full_vs_condition0,condition0,NoCond,D2-022,-0.006002032443096744,-1.5305182729896698,-0.027140811869972636,-0.004570982304581417,0.007581682058802802,-0.006002032443096744,-0.05614494414705981
9,V04→V01,V04,V01,full_vs_condition0,condition0,NoCond,D2-023,-0.004572931963663832,-1.166097650734277,0.00030369970660942824,-0.004572931963663832,-0.000643490789792478,-0.015806808399084285,-0.03567170523680173
9,V04→V01,V04,V01,full_vs_condition0,condition0,NoCond,D2-024,-0.011852089900012103,-3.022282924503086,-0.05137745926485343,-0.030091322520199942,0.007555537765809112,0.008093347079029284,-0.011852089900012103
9,V04→V01,V04,V01,full_vs_condition0,condition0,NoCond,D2-025,0.0065017719792886675,1.6579518547186103,0.010311970184756158,-0.037348307159721345,0.041676042092024745,0.0065017719792886675,-0.017631590589244128
9,V04→V01,V04,V01,full_vs_condition0,condition0,NoCond,D2-026,0.01134668731441102,2.8934052651748097,0.020245395476619396,-0.01862846867491802,0.01134668731441102,0.019403831195086263,0.00593208506082496
9,V04→V01,V04,V01,full_vs_condition0,condition0,NoCond,D2-027,0.0037526821698805057,0.9569339533195289,0.0037526821698805057,-0.03282286444998753,0.011618092430360383,-0.004828573326871866,0.024192279148282425
9,V04→V01,V04,V01,full_vs_condition0,condition0,NoCond,D2-028,-0.0036825088659922234,-0.939039760828017,-0.0036825088659922234,0.023811402556796868,-0.03210809794565042,-0.014880328948299104,0.030873063976566
9,V04→V01,V04,V01,full_vs_condition0,condition0,NoCond,D2-029,-0.01197188268832075,-3.0528300855217916,-0.01197188268832075,-0.024491857464720573,-0.005450886802944699,-0.01514255576502016,-0.008072006205717741
9,V04→V01,V04,V01,full_vs_condition0,condition0,NoCond,D2-030,-0.0163538244863351,-4.170225244015451,-0.0163538244863351,-0.016801161070664733,-0.010934574598515462,-0.005937261989823084,-0.031607756805088774
9,V04→V01,V04,V01,full_vs_condition0,condition0,NoCond,D2-031,-0.0032581106753520883,-0.8308182222147825,0.027469377429072378,-0.01300303199711969,-0.002152512215223973,-0.0032581106753520883,-0.012436410132186854
9,V04→V01,V04,V01,full_vs_condition0,condition0,NoCond,D2-032,-0.011534794278088067,-2.9413725409124574,-0.015696065234286433,0.02871295942791871,-0.011534794278088067,0.023283871112480065,-0.025616011937104527
9,V04→V01,V04,V01,full_vs_condition0,condition0,NoCond,D2-033,0.010236583412921385,2.610328770294953,-0.012039081908567117,0.010236583412921385,0.013737673421254329,0.02436160749654645,-0.024986730393175782
9,V04→V01,V04,V01,full_vs_condition0,condition0,NoCond,D2-034,-0.004762944803662517,-1.2145509249339417,-0.018127118173527385,0.004536800120519158,-0.004762944803662517,0.010621462272454613,-0.0234929493300991
9,V04→V01,V04,V01,full_vs_condition0,condition0,NoCond,D2-035,-0.013990066256374112,-3.5674668953753983,-0.013990066256374112,-0.0004959267502029907,-0.023978627858062596,-0.02066926828275123,0.012010495234280827
9,V04→V01,V04,V01,full_vs_condition0,condition0,NoCond,D2-036,-0.02681226638101397,-6.837127927158563,-0.017456179750817147,-0.034035943005056635,0.0030138612325702474,-0.07134894707373207,-0.02681226638101397
9,V04→V01,V04,V01,full_vs_condition0,condition0,NoCond,D2-037,0.0011541671072593795,0.2943126123511418,-0.010398271766425382,-0.0034589556732562976,0.02282399556251488,0.0011541671072593795,0.0037257828081798117
9,V04→V01,V04,V01,full_vs_condition0,condition0,NoCond,D2-038,0.003822104501965906,0.974636648001306,0.006104419997952026,0.0009871497750282288,-0.010670291024956646,0.003822104501965906,0.024479356200039937
9,V04→V01,V04,V01,full_vs_condition0,condition0,NoCond,D2-039,0.005346607233657208,1.363384844582588,-0.03825953761573697,0.015916097502076565,0.005346607233657208,-0.002451971967200761,0.006902639016183348
9,V04→V01,V04,V01,full_vs_condition0,condition0,NoCond,D2-040,-0.011594749114534869,-2.9566610242063915,-0.013468838758296797,-0.011594749114534869,-0.014991551100670769,-0.005535457585308989,-0.011403209991283247
9,V04→V01,V04,V01,full_vs_condition0,condition0,NoCond,D2-041,-0.02760963721407786,-7.040457489589854,-0.04274260087145701,-0.019031907121340425,0.038787528044647634,-0.02760963721407786,-0.03951615922980839
9,V04→V01,V04,V01,full_vs_condition0,condition0,NoCond,D2-042,0.0006478272504016058,0.16519594885240949,0.0006478272504016058,-0.0057089456011739925,0.011563496678118873,-0.015011701530564137,0.0007058228069588557
9,V04→V01,V04,V01,full_vs_condition0,condition0,NoCond,D2-043,0.01740104921894975,4.437267550832186,-0.0005243513427797275,0.01740104921894975,0.02448304612800234,-0.008316791713074895,0.026524098946259955
9,V04→V01,V04,V01,full_vs_condition0,condition0,NoCond,D2-044,-0.01529764272789988,-3.9008988956144695,-0.01529764272789988,-0.022046073846932912,0.0008060737202565116,-0.01522274060795703,-0.020858914798332573
9,V04→V01,V04,V01,full_vs_condition0,condition0,NoCond,D2-045,0.02881237141676804,7.34715471127585,0.02881237141676804,0.09260080085687378,0.019780486599722924,0.04619269658677019,0.011902646916867488
9,V04→V01,V04,V01,full_vs_condition0,condition0,NoCond,D2-046,-0.033546051991883125,-8.554243257930196,-0.03515775613887337,-0.033546051991883125,0.039622389661368496,0.0022367596305826465,-0.07549153252314497
9,V04→V01,V04,V01,full_vs_condition0,condition0,NoCond,D2-047,-0.008103333652401568,-2.0663500813624,-0.025966497233662844,-0.016958239918144852,0.011735116513684779,-0.008103333652401568,0.018901293946063907
9,V04→V01,V04,V01,full_vs_condition0,condition0,NoCond,D2-048,-0.049311976656954526,-12.574554047523405,-0.057363880368379444,-0.03640322170705876,0.06392240817220804,-0.08886882102387583,-0.049311976656954526
9,V04→V01,V04,V01,full_vs_condition0,condition0,NoCond,D2-049,-0.019536226271436752,-4.981737699216372,-0.03392608614208606,-0.00190394602190605,-0.01885512499855116,-0.019536226271436752,-0.04801573664045489
9,V04→V01,V04,V01,full_vs_condition0,condition0,NoCond,D2-050,0.002327421321555473,0.5934924369966456,-0.0009380812175187048,-0.012768109429610208,0.00588637197766223,0.008292900337159903,0.002327421321555473
9,V04→V01,V04,V01,full_vs_condition0,condition0,NoCond,D2-051,0.0007891319583208101,0.20122864937180657,0.0007891319583208101,-0.054439103622969776,0.002327054570162135,0.006730661531420101,-0.016975405010563605
9,V04→V01,V04,V01,full_vs_condition0,condition0,NoCond,D2-052,0.0016567763080125308,0.42247795854319536,-0.008546747874227656,-0.02013644765580619,0.0016567763080125308,0.028365400513235606,0.014190579732110853
9,V04→V01,V04,V01,full_vs_condition0,condition0,NoCond,D2-053,-0.035974534422469645,-9.173506277729759,0.010873408949313074,-0.05875628488138321,-0.0826306122277553,0.01789404172450304,-0.035974534422469645
9,V04→V01,V04,V01,full_vs_condition0,condition0,NoCond,D2-054,-0.019004893385701715,-4.846247813353937,-0.03473530374467371,0.0007038278712166723,-0.019004893385701715,-0.000297353996170896,-0.04900913768344456
9,V04→V01,V04,V01,full_vs_condition0,condition0,NoCond,D2-055,-0.027603629257595297,-7.038925460686801,-0.010323590092491675,-0.02945882003558309,0.0006778045443066594,-0.06534494472700253,-0.027603629257595297
9,V04→V01,V04,V01,full_vs_condition0,condition0,NoCond,D2-056,-0.03135034342066967,-7.994337572270766,-0.012481369726035918,-0.03135034342066967,-0.06534777533100997,-0.02467283228601236,-0.038489704978638795
9,V04→V01,V04,V01,full_vs_condition0,condition0,NoCond,D2-057,0.002927926043048479,0.7466211409773621,-0.03255628236414243,-0.025538358371704817,0.012812318621824192,0.010224023158662054,0.002927926043048479
9,V04→V01,V04,V01,full_vs_condition0,condition0,NoCond,D2-058,0.020942293737943374,5.340284903175561,-0.026177488401150112,0.027069764794447476,0.007424700546723145,0.07143140540291104,0.020942293737943374
9,V04→V01,V04,V01,full_vs_condition0,condition0,NoCond,D2-059,-0.0018252495530189372,-0.465438636019829,0.009015668384438652,-0.0031264666467905045,-0.006406913566238764,-0.0018252495530189372,0.02471487302625297
9,V04→V01,V04,V01,full_vs_condition0,condition0,NoCond,D2-060,0.01119259400779464,2.854111471987633,-0.005491420147888143,0.03488987791969117,0.010415408446128122,0.020935147970795154,0.01119259400779464
9,V04→V01,V04,V01,full_vs_condition0,condition0,NoCond,D2-061,-0.014602735609740236,-3.72369758048376,-0.04422062976184743,-0.014602735609740236,-0.000623714409826337,-0.010790174552636589,-0.050485186105550695
9,V04→V01,V04,V01,full_vs_condition0,condition0,NoCond,D2-062,0.0012602666461909162,0.3213679947786836,0.004479334613791214,-0.03203370774647704,0.015594272005061305,0.0012602666461909162,-0.04495452852850712
9,V04→V01,V04,V01,full_vs_condition0,condition0,NoCond,D2-063,0.005285504619990056,1.3478036780974643,0.005285504619990056,-0.015238694491840538,0.02471196195554165,0.015178478757540387,-0.0225674781504841
9,V04→V01,V04,V01,full_vs_condition0,condition0,NoCond,D2-064,0.039005485032835296,9.946398683373001,0.020759619011353425,0.0862545366248777,0.039005485032835296,0.05038936544329886,0.019063462092671346
9,V04→V01,V04,V01,full_vs_condition0,condition0,NoCond,D2-065,-0.0049912061920200645,-1.2727575789651164,0.0003528195986713112,-0.010447554722212371,-0.0049912061920200645,-0.04070221347248423,0.02600720241341903
9,V04→V01,V04,V01,full_vs_condition0,condition0,NoCond,D2-066,-0.009715447512765707,-2.477439115755255,-0.03833496518733298,-0.009004072003039265,-0.05384932106340323,-0.009715447512765707,0.015173625146403857
9,V04→V01,V04,V01,full_vs_condition0,condition0,NoCond,D2-067,-0.026451965272426603,-6.745251144468784,-0.008472415804862965,-0.026451965272426603,0.051568949172894146,-0.038643498619397476,-0.0705209294954936
9,V04→V01,V04,V01,full_vs_condition0,condition0,NoCond,D2-068,-0.04562977236651239,-11.63559195346066,-0.04562977236651239,-0.0535960996612197,-0.07811210542207672,0.008511393197945194,-0.04160043737363245
9,V04→V01,V04,V01,full_vs_condition0,condition0,NoCond,D2-069,-0.0078052375465631485,-1.9903355743736029,-0.009835160440868795,0.004286405030224066,0.017831520974222165,-0.021927519142627694,-0.0078052375465631485
9,V04→V01,V04,V01,full_vs_condition0,condition0,NoCond,D2-070,-0.027132853747360325,-6.918877705576882,-0.08223440282283323,0.015530221578147652,0.03729009852995946,-0.05968324772067485,-0.027132853747360325
9,V04→V01,V04,V01,full_vs_condition0,condition0,NoCond,D2-071,0.009296940571882517,2.370719845830042,0.02017223429160586,-0.03795801469435295,-0.05243287693822024,0.024212106390658683,0.009296940571882517
9,V04→V01,V04,V01,full_vs_condition0,condition0,NoCond,D2-072,-0.01410503201186658,-3.596783163025978,-0.015363729745149629,-0.013261641189455997,-0.0002287264913320708,-0.01410503201186658,-0.06652857673664886
9,V04→V01,V04,V01,full_vs_condition0,condition0,NoCond,D2-073,-0.0043992752867255125,-1.1218151981150057,-0.02625205097210348,0.009929774783143941,-0.001059508145745125,-0.0043992752867255125,-0.012206096072398614
9,V04→V01,V04,V01,full_vs_condition0,condition0,NoCond,D2-074,0.04361681247404381,11.122287180881171,0.02447451795487443,0.04707068245309265,0.05386696455552595,0.04361681247404381,-0.01847322669255641
9,V04→V01,V04,V01,full_vs_condition0,condition0,NoCond,D2-075,-0.029970715100737816,-7.642532350688143,-0.0344588842200137,-0.029970715100737816,0.029827902457494865,-0.0007344478762698059,-0.04213917204018297
9,V04→V01,V04,V01,full_vs_condition0,condition0,NoCond,D2-076,-0.008307070959182011,-2.118303094591413,-0.01639162316208792,-0.008307070959182011,0.00582904631183262,-0.026930980171476104,0.0024104501519884303
9,V04→V01,V04,V01,full_vs_condition0,condition0,NoCond,D2-077,-0.0618585215929227,-15.773923006195288,-0.06258563513939197,-0.04447505707160021,-0.01929461658000947,-0.0618585215929227,-0.06764197395398068
9,V04→V01,V04,V01,full_vs_condition0,condition0,NoCond,D2-078,-0.0171999180790528,-4.385979110158464,-0.0171999180790528,-0.03019702088001161,-0.002611850236737434,-0.030952621742274367,-0.003887613152348701
9,V04→V01,V04,V01,full_vs_condition0,condition0,NoCond,D2-079,-0.0011458670900713896,-0.2921961079682044,-0.007391792772117489,-0.000524475970255428,0.022472823739692727,-0.0011458670900713896,-0.02298241058584824
9,V04→V01,V04,V01,full_vs_condition0,condition0,NoCond,D2-080,0.018789378130379952,4.7912914232468875,-0.0024767303620705783,0.021822332041644132,0.03546739387120437,-0.017137744407138944,0.018789378130379952
9,V04→V01,V04,V01,full_vs_condition0,condition0,NoCond,D2-081,0.0012462188800176355,0.31778581440449705,-0.010130587344368308,0.0012462188800176355,0.0058882745603720255,0.009467526649435343,-0.10667943581938746
9,V04→V01,V04,V01,full_vs_condition0,condition0,NoCond,D2-082,-0.007382145581337152,-1.8824471232409736,-0.007382145581337152,0.013871716359295905,-0.03527726755978966,0.00022685776154202086,-0.012459861329541744
9,V04→V01,V04,V01,full_vs_condition0,condition0,NoCond,D2-083,-0.008833017476178984,-2.252419456425641,-0.01457150328766417,0.005636151190157285,-0.008833017476178984,-0.027318035838780563,0.04701344441208574
9,V04→V01,V04,V01,full_vs_condition0,condition0,NoCond,D2-084,-0.005804407191381117,-1.4801238338021847,-0.005804407191381117,0.004959415726102229,-0.010298848652133819,0.04421203373032703,-0.0062236966336505495
9,V04→V01,V04,V01,full_vs_condition0,condition0,NoCond,D2-085,0.0003383751135579427,0.08628565395727539,0.0003383751135579427,-0.01401032769489427,0.019449747550164098,0.046677120845736,-0.009325952557919126
9,V04→V01,V04,V01,full_vs_condition0,condition0,NoCond,D2-086,0.005392639436806082,1.375123056385551,0.012230630973448064,0.011712246000616239,-0.020945212530969357,0.005392639436806082,-0.007632038527817436
9,V04→V01,V04,V01,full_vs_condition0,condition0,NoCond,D2-087,-0.015014090615770137,-3.828593107021385,-0.042549568673838745,0.05395467773727747,-0.015014090615770137,-0.001799367260241852,-0.04308872702329053
9,V04→V01,V04,V01,full_vs_condition0,condition0,NoCond,D2-088,-0.014849721419590511,-3.7866789619955803,-0.014849721419590511,-0.050259924873157794,0.006163390008387726,-0.025717576620755384,0.014812537641436974
9,V04→V01,V04,V01,full_vs_condition0,condition0,NoCond,D2-089,0.0011301640767217291,0.28819183956404093,-0.01647885274040245,0.006061919481376465,0.02291465432591777,-0.00032268513421543354,0.0011301640767217291
9,V04→V01,V04,V01,full_vs_condition0,condition0,NoCond,D2-090,0.01517475429072715,3.869562344135423,0.00021585985495332916,0.011961867085151498,0.07017582394618388,0.01517475429072715,0.027188260870718822
9,V04→V01,V04,V01,full_vs_condition0,condition0,NoCond,D2-091,-0.02647458019571891,-6.751017949908322,-0.057958896042428154,0.004691591810273066,-0.02839873574566154,-0.0058598658474890986,-0.02647458019571891
9,V04→V01,V04,V01,full_vs_condition0,condition0,NoCond,D2-092,0.006668579880318604,1.700487869481244,0.00813302066591054,0.0010474390940728717,0.006668579880318604,0.012874027409779498,-0.012726203483693743
9,V04→V01,V04,V01,full_vs_condition0,condition0,NoCond,D2-093,-0.00035799379434642287,-0.09128841755833783,-0.007868079413634016,-0.022567365289432928,0.011470864824433297,0.014153798990365535,-0.00035799379434642287
9,V04→V01,V04,V01,full_vs_condition0,condition0,NoCond,D2-094,-0.012748620009575162,-3.2508981024416665,0.021989114964619666,0.0218908980488777,-0.027220238305819322,-0.115366201599439,-0.012748620009575162
9,V04→V01,V04,V01,full_vs_condition0,condition0,NoCond,D2-095,-0.02116762574702974,-5.397744565492584,-0.02116762574702974,0.015619282132734058,0.01833900844766978,-0.027853044173704877,-0.02218201583024687
9,V04→V01,V04,V01,full_vs_condition0,condition0,NoCond,D2-096,-0.0151101978180187,-3.8531004435947684,-0.018273005160233363,0.02578793395351356,-0.02824558123762977,-0.0151101978180187,-0.006941221634058359
9,V04→V01,V04,V01,full_vs_condition0,condition0,NoCond,D2-097,-0.01659938522878987,-4.232843233341417,-0.01659938522878987,-0.02070887589160307,-0.011828784957344157,-0.010605808669402264,-0.059585113124347014
9,V04→V01,V04,V01,full_vs_condition0,condition0,NoCond,D2-098,-0.0063727969407207374,-1.625063219883788,-0.010178857327749327,-0.0063727969407207374,0.011481293373637722,0.009280338417738676,-0.01409999270819956
9,V04→V01,V04,V01,full_vs_condition0,condition0,NoCond,D2-099,-0.01484916478040671,-3.786537019003711,-0.01244113250147727,-0.01484916478040671,0.00849030775328477,-0.04808833659404799,-0.018740641591804358
9,V04→V01,V04,V01,full_vs_condition0,condition0,NoCond,D2-100,0.006484403430173813,1.6535228746943222,0.0058154212310910225,0.009285544821371644,0.018467538757249713,0.006484403430173813,-0.0645193341188133
9,V04→V01,V04,V01,full_vs_b_lite_ft,b_lite_ft,B-lite 同任务微调,D2-001,0.02449396113554636,6.245960089564322,-0.03957004060347874,0.02720412582159043,0.015762942880392095,0.04202750578522685,0.02449396113554636
9,V04→V01,V04,V01,full_vs_b_lite_ft,b_lite_ft,B-lite 同任务微调,D2-002,0.05524460847179097,14.087375160306697,-0.019141856919635436,0.05524460847179097,0.07598864761265844,0.065168470370047,0.01382903788577422
9,V04→V01,V04,V01,full_vs_b_lite_ft,b_lite_ft,B-lite 同任务微调,D2-003,-0.005362953743494936,-1.3675532045912087,-0.03348529477385276,0.0024612088526748677,-0.014734961207450215,-0.005362953743494936,0.07141091808515754
9,V04→V01,V04,V01,full_vs_b_lite_ft,b_lite_ft,B-lite 同任务微调,D2-004,0.025825008657979376,6.585377207784741,0.027241505406520983,0.025825008657979376,0.0162390671486472,0.01594898592174787,0.056169923578883396
9,V04→V01,V04,V01,full_vs_b_lite_ft,b_lite_ft,B-lite 同任务微调,D2-005,-0.01821666888340756,-4.6452505652689275,-0.01821666888340756,0.012428520399111298,-0.03656564890234559,-0.039142644053532016,0.006946020697553956
9,V04→V01,V04,V01,full_vs_b_lite_ft,b_lite_ft,B-lite 同任务微调,D2-006,-0.006751946001141151,-1.7217462302909936,-0.006751946001141151,0.05472575695741744,-0.012077107000603271,0.04872963423766791,-0.010265741477567702
9,V04→V01,V04,V01,full_vs_b_lite_ft,b_lite_ft,B-lite 同任务微调,D2-007,3.533755860676835e-05,0.009011077444725929,-0.01580560819162588,0.0025615647919778883,-0.0055203016211347045,0.009247234863478948,3.533755860676835e-05
9,V04→V01,V04,V01,full_vs_b_lite_ft,b_lite_ft,B-lite 同任务微调,D2-008,0.001027097173181224,0.2619097791612121,-0.029497710630005475,0.005689432282073831,-0.01892335822477062,0.001027097173181224,0.020212893407134475
9,V04→V01,V04,V01,full_vs_b_lite_ft,b_lite_ft,B-lite 同任务微调,D2-009,0.0066990061129769685,1.708246558809127,-0.024295878716004193,0.05122778494643354,0.023332950587456047,0.0066990061129769685,-0.001323366617290378
9,V04→V01,V04,V01,full_vs_b_lite_ft,b_lite_ft,B-lite 同任务微调,D2-010,0.045193142412851245,11.524251315277068,0.0337848552606172,0.05164097435772419,0.04608431862046322,0.004389437432918281,0.045193142412851245
9,V04→V01,V04,V01,full_vs_b_lite_ft,b_lite_ft,B-lite 同任务微调,D2-011,-0.04031540697351807,-10.280428778247108,-0.043652372597347194,-0.022485355129613277,-0.0109701829459814,-0.04031540697351807,-0.04072900790174211
9,V04→V01,V04,V01,full_vs_b_lite_ft,b_lite_ft,B-lite 同任务微调,D2-012,-0.049148169310529344,-12.532783174184983,-0.049148169310529344,-0.06530953512165716,-0.019486904266427768,-0.09955925636929894,0.021612558066030657
9,V04→V01,V04,V01,full_vs_b_lite_ft,b_lite_ft,B-lite 同任务微调,D2-013,0.023572710207384884,6.011041102883145,-0.01002481208445552,0.038249339311359765,0.030965329044395,-0.02754536815560782,0.023572710207384884
9,V04→V01,V04,V01,full_vs_b_lite_ft,b_lite_ft,B-lite 同任务微调,D2-014,-0.00997977425654728,-2.5448424354195565,-0.049960896372795105,-0.0037255128224690792,0.007565926710764587,-0.00997977425654728,-0.05341306348641714
9,V04→V01,V04,V01,full_vs_b_lite_ft,b_lite_ft,B-lite 同任务微调,D2-015,0.025838651886535058,6.58885623106644,0.02823235727255305,0.025838651886535058,0.04602286320120569,0.02511186566617754,0.012324811388102791
9,V04→V01,V04,V01,full_vs_b_lite_ft,b_lite_ft,B-lite 同任务微调,D2-016,-0.031223293600810886,-7.961939868206776,-0.05189286406945301,-0.009115430836876243,-0.03455845508034583,-0.031223293600810886,-0.016720891964656315
9,V04→V01,V04,V01,full_vs_b_lite_ft,b_lite_ft,B-lite 同任务微调,D2-017,0.029315968196858777,7.475571890198988,0.019058902427632973,0.03221141897812091,0.04995284994285576,0.029315968196858777,0.0032864280794032696
9,V04→V01,V04,V01,full_vs_b_lite_ft,b_lite_ft,B-lite 同任务微调,D2-018,0.004940017691401177,1.2597045113073002,0.01940415661191683,0.003844466101113553,0.004940017691401177,0.03324497387301725,-0.011328429268683216
9,V04→V01,V04,V01,full_vs_b_lite_ft,b_lite_ft,B-lite 同任务微调,D2-019,0.002817739722549284,0.7185236292500674,-0.013232222087280726,0.02007338773178796,0.03233476015188361,0.002817739722549284,-0.007874193531210716
9,V04→V01,V04,V01,full_vs_b_lite_ft,b_lite_ft,B-lite 同任务微调,D2-020,-0.012377741125722722,-3.156323987059294,-0.012377741125722722,-0.01567130188147227,0.01358645459016164,0.006155135575681925,-0.0280302823210756
9,V04→V01,V04,V01,full_vs_b_lite_ft,b_lite_ft,B-lite 同任务微调,D2-021,0.020530010499651474,5.235152677411126,0.023845347620192026,0.010578829854253735,-0.02176506509856574,0.020530010499651474,0.054453035195668534
9,V04→V01,V04,V01,full_vs_b_lite_ft,b_lite_ft,B-lite 同任务微调,D2-022,-0.02056397863647394,-5.243814552300854,-0.06168128641550999,-0.02056397863647394,-0.00438729033135532,-0.01895069147933992,-0.06903559139423204
9,V04→V01,V04,V01,full_vs_b_lite_ft,b_lite_ft,B-lite 同任务微调,D2-023,0.009738424649605393,2.4832982856493753,-0.041330260153000176,0.009738424649605393,0.01513652981091769,0.01251373506891422,-0.025443509794198543
9,V04→V01,V04,V01,full_vs_b_lite_ft,b_lite_ft,B-lite 同任务微调,D2-024,-0.01922360811309487,-4.9020200688391915,-0.0270124189555645,-0.011967782990313036,-0.00745517055631853,-0.01922360811309487,-0.026574947232124835
9,V04→V01,V04,V01,full_vs_b_lite_ft,b_lite_ft,B-lite 同任务微调,D2-025,-0.06465048073894447,-16.48587258843084,-0.06547345528299481,-0.06760511620559242,-0.03198337924276662,-0.012139461966406584,-0.06465048073894447
9,V04→V01,V04,V01,full_vs_b_lite_ft,b_lite_ft,B-lite 同任务微调,D2-026,0.0076417893792192215,1.9486562917009014,0.015425291222830609,0.007236245212455583,0.0076417893792192215,0.029012228890011704,-0.026640023011714226
9,V04→V01,V04,V01,full_vs_b_lite_ft,b_lite_ft,B-lite 同任务微调,D2-027,-0.020416113538573505,-5.206108952336244,-0.013249191972944468,-0.022549415026048236,-0.02256921046611035,-0.020416113538573505,-0.002506113375979252
9,V04→V01,V04,V01,full_vs_b_lite_ft,b_lite_ft,B-lite 同任务微调,D2-028,-0.011357366144657127,-2.8961283668875675,0.03335876529415449,-0.011357366144657127,-0.038173780118425676,-0.05677088238298894,0.005461501479148867
9,V04→V01,V04,V01,full_vs_b_lite_ft,b_lite_ft,B-lite 同任务微调,D2-029,0.0037199203076401233,0.9485796784482314,-0.017486789604512637,0.0037199203076401233,0.0063687258861898355,0.004781304336175685,0.001998672216403763
9,V04→V01,V04,V01,full_vs_b_lite_ft,b_lite_ft,B-lite 同任务微调,D2-030,-0.04183425243805956,-10.667734371705189,-0.05463905018512848,-0.04183425243805956,-0.04141108057013264,-0.03265092301147955,-0.057340169463444626
9,V04→V01,V04,V01,full_vs_b_lite_ft,b_lite_ft,B-lite 同任务微调,D2-031,-0.02721536206994571,-6.939917327836156,-0.013226108808143455,-0.03236121837707129,-0.010382900513659893,-0.02721536206994571,-0.04507123856665263
9,V04→V01,V04,V01,full_vs_b_lite_ft,b_lite_ft,B-lite 同任务微调,D2-032,0.013926118080105104,3.551160110426802,-0.01460707719836915,0.013926118080105104,0.015352810289533364,0.021286931953259897,-0.049429126970824744
9,V04→V01,V04,V01,full_vs_b_lite_ft,b_lite_ft,B-lite 同任务微调,D2-033,-0.021523336457848985,-5.488450796751491,-0.017994040016377916,0.0023903294504805106,-0.021523336457848985,-0.02820407355043772,-0.030204045526990284
9,V04→V01,V04,V01,full_vs_b_lite_ft,b_lite_ft,B-lite 同任务微调,D2-034,-0.024954363193413986,-6.363362614320566,-0.05691114622572241,0.004832709182615136,-0.024954363193413986,-0.01337589650121454,-0.03404680816414149
9,V04→V01,V04,V01,full_vs_b_lite_ft,b_lite_ft,B-lite 同任务微调,D2-035,0.027169374444832417,6.9281904834322665,0.009771882270773247,0.04315290917952852,0.027169374444832417,-0.014871074163044506,0.04982200646772983
9,V04→V01,V04,V01,full_vs_b_lite_ft,b_lite_ft,B-lite 同任务微调,D2-036,0.0500177928202209,12.754537169156329,0.017392882456382153,0.0500177928202209,0.07321409419888542,0.04792660669911475,0.053096833151011213
9,V04→V01,V04,V01,full_vs_b_lite_ft,b_lite_ft,B-lite 同任务微调,D2-037,0.06810639932224846,17.367131827173356,0.07234074150898842,0.06757015928701318,0.10326783685484014,0.06810639932224846,0.061633373996374585
9,V04→V01,V04,V01,full_vs_b_lite_ft,b_lite_ft,B-lite 同任务微调,D2-038,0.04188054682569464,10.679539440552134,0.07330130497077564,-0.0348932256099877,-0.009216228046932728,0.04737698327045181,0.04188054682569464
9,V04→V01,V04,V01,full_vs_b_lite_ft,b_lite_ft,B-lite 同任务微调,D2-039,0.01362392722623923,3.4741014426910035,0.013417633128215062,0.01362392722623923,0.023655344370772935,0.007057860717584519,0.0446185249316155
9,V04→V01,V04,V01,full_vs_b_lite_ft,b_lite_ft,B-lite 同任务微调,D2-040,0.011558384777189373,2.9473881181832904,-0.012251649488199928,0.016785983566765333,0.017584098888947075,-0.003623642765723911,0.011558384777189373
9,V04→V01,V04,V01,full_vs_b_lite_ft,b_lite_ft,B-lite 同任务微调,D2-041,-0.023320068915685027,-5.946617573499682,-0.05451681382126278,-0.022283852514293462,-0.022934267918268858,-0.02985031820005843,-0.023320068915685027
9,V04→V01,V04,V01,full_vs_b_lite_ft,b_lite_ft,B-lite 同任务微调,D2-042,-0.016273313526357164,-4.149694949221077,-0.030661220023973618,-0.016273313526357164,-0.011884616080964527,0.005809899524189116,-0.02159191040873304
9,V04→V01,V04,V01,full_vs_b_lite_ft,b_lite_ft,B-lite 同任务微调,D2-043,0.04338700389438638,11.063685993068527,0.0005219719408314227,0.04338700389438638,0.04703741863146019,0.028020037490813443,0.04832557323159742
9,V04→V01,V04,V01,full_vs_b_lite_ft,b_lite_ft,B-lite 同任务微调,D2-044,0.003239875881829196,0.826168349866445,0.003239875881829196,0.008193565770569788,0.016240390679902517,-0.010084420721977932,-0.00035761094445155295
9,V04→V01,V04,V01,full_vs_b_lite_ft,b_lite_ft,B-lite 同任务微调,D2-045,0.040813819889850306,10.407524071911828,0.040813819889850306,0.026479675420629456,0.06688408827900294,0.028417774369541682,0.10726689651089522
9,V04→V01,V04,V01,full_vs_b_lite_ft,b_lite_ft,B-lite 同任务微调,D2-046,0.08653865690513327,22.067357510808982,-0.0021185075403541698,0.08653865690513327,0.11793965726129471,0.13107331802127178,-0.01215472032306017
9,V04→V01,V04,V01,full_vs_b_lite_ft,b_lite_ft,B-lite 同任务微调,D2-047,-0.013031809598716915,-3.3231114476728134,-0.016230293334676682,-0.032660342784773616,0.00247213893179965,-0.013031809598716915,-0.00937344883687985
9,V04→V01,V04,V01,full_vs_b_lite_ft,b_lite_ft,B-lite 同任务微调,D2-048,-0.011979901000984727,-3.0548747552511055,-0.01669003980027306,0.036910765700870096,0.1081993205425067,-0.015257945745928675,-0.011979901000984727
9,V04→V01,V04,V01,full_vs_b_lite_ft,b_lite_ft,B-lite 同任务微调,D2-049,-0.005310482106720776,-1.354172937213798,0.00242240512027192,0.038073319440277725,-0.009149078781215042,-0.005310482106720776,-0.016575387607400238
9,V04→V01,V04,V01,full_vs_b_lite_ft,b_lite_ft,B-lite 同任务微调,D2-050,0.028665271272856563,7.309644174578423,0.03241173613011977,-0.009332414078110862,0.01175098793642343,0.028665271272856563,0.052382126800331136
9,V04→V01,V04,V01,full_vs_b_lite_ft,b_lite_ft,B-lite 同任务微调,D2-051,0.001247600123983339,0.31813803161575144,0.013153368116993636,-0.04137986554214129,-0.006098726208795591,0.001247600123983339,0.01612997747826994
9,V04→V01,V04,V01,full_vs_b_lite_ft,b_lite_ft,B-lite 同任务微调,D2-052,-0.007697156750926026,-1.9627749714861367,0.00661480738619219,-0.013046291313917213,-0.007697156750926026,-0.008581876296049618,0.03272892409629785
9,V04→V01,V04,V01,full_vs_b_lite_ft,b_lite_ft,B-lite 同任务微调,D2-053,0.07523538824170828,19.18502400163561,0.08613659041778496,0.07523538824170828,0.07045897981151938,0.1484623203286901,0.06624827933652949
9,V04→V01,V04,V01,full_vs_b_lite_ft,b_lite_ft,B-lite 同任务微调,D2-054,0.012459583746062375,3.1771938552459056,0.030502476005090623,-0.0011226203706529436,0.012459583746062375,0.006782411452796705,0.013748188565174735
9,V04→V01,V04,V01,full_vs_b_lite_ft,b_lite_ft,B-lite 同任务微调,D2-055,0.018379706562611065,4.686825173465821,-0.014536444816672989,0.018379706562611065,0.06448877968809064,0.003302281232256621,0.05787384810677748
9,V04→V01,V04,V01,full_vs_b_lite_ft,b_lite_ft,B-lite 同任务微调,D2-056,-0.03889940452316534,-9.919348153407162,-0.011486679423546448,-0.03889940452316534,-0.045237233781296265,-0.031000408843375626,-0.06502320099136102
9,V04→V01,V04,V01,full_vs_b_lite_ft,b_lite_ft,B-lite 同任务微调,D2-057,0.051254346702868714,13.069858409231522,0.04432166939756521,0.051254346702868714,0.085740278257678,0.028931011337166024,0.06209071725606918
9,V04→V01,V04,V01,full_vs_b_lite_ft,b_lite_ft,B-lite 同任务微调,D2-058,0.08101325816450974,20.658380831949984,0.07277921938743348,0.08050841708213854,0.08101325816450974,0.09482495769476279,0.12947437014335242
9,V04→V01,V04,V01,full_vs_b_lite_ft,b_lite_ft,B-lite 同任务微调,D2-059,-0.024661997881005815,-6.288809459656483,-0.019670951052331437,-0.04734058225271748,-0.040172531287751945,-0.024661997881005815,-0.011480518361078745
9,V04→V01,V04,V01,full_vs_b_lite_ft,b_lite_ft,B-lite 同任务微调,D2-060,0.0003412307266250636,0.08701383528939122,0.0003412307266250636,-0.0009982442879772624,0.00424057538490219,-0.014281513266654389,0.017366122499287845
9,V04→V01,V04,V01,full_vs_b_lite_ft,b_lite_ft,B-lite 同任务微调,D2-061,-0.008082970861316652,-2.0611575696357463,0.015582114284814763,-0.011797304763350336,0.02543515166224436,-0.03310995829082275,-0.008082970861316652
9,V04→V01,V04,V01,full_vs_b_lite_ft,b_lite_ft,B-lite 同任务微调,D2-062,-0.02265050642330338,-5.775879137942361,-0.03297930205309835,-0.02265050642330338,-0.0030842669929067312,-0.010936688162662384,-0.03029132702698309
9,V04→V01,V04,V01,full_vs_b_lite_ft,b_lite_ft,B-lite 同任务微调,D2-063,0.0012568802439740512,0.320504462213383,0.0012568802439740512,-0.02603697342177233,0.036968678360184026,0.02307311032144796,-0.03201115908367294
9,V04→V01,V04,V01,full_vs_b_lite_ft,b_lite_ft,B-lite 同任务微调,D2-064,-0.020680329572128953,-5.273484040892883,-0.020680329572128953,0.0032703689830277383,-0.02260280736992437,-0.08712941496282497,0.0123606106286408
9,V04→V01,V04,V01,full_vs_b_lite_ft,b_lite_ft,B-lite 同任务微调,D2-065,0.01781267203066661,4.542231367819985,0.01781267203066661,0.008711866062620394,0.020981404768384004,-0.004572084544739424,0.036825358921634965
9,V04→V01,V04,V01,full_vs_b_lite_ft,b_lite_ft,B-lite 同任务微调,D2-066,0.033644237299705615,8.579280511424932,0.04070833672329294,0.033644237299705615,0.026755180414561375,0.018258735561409056,0.05267025543984044
9,V04→V01,V04,V01,full_vs_b_lite_ft,b_lite_ft,B-lite 同任务微调,D2-067,0.02341404775778455,5.970582178235061,-0.031179224004348083,0.030180236349503176,0.04494878421227136,0.02341404775778455,-0.0220454070965449
9,V04→V01,V04,V01,full_vs_b_lite_ft,b_lite_ft,B-lite 同任务微调,D2-068,0.0065796693609583845,1.677815687044388,-0.04395061311799853,0.01795125558440175,-0.04404914740118243,0.012242370879366249,0.0065796693609583845
9,V04→V01,V04,V01,full_vs_b_lite_ft,b_lite_ft,B-lite 同任务微调,D2-069,0.0030440381003750683,0.7762297155956424,-0.016416901846726728,0.018106154104073846,0.0064989919360313175,0.0030440381003750683,-0.01876655274795161
9,V04→V01,V04,V01,full_vs_b_lite_ft,b_lite_ft,B-lite 同任务微调,D2-070,0.0897811334875841,22.894189039333945,0.024283952064930447,0.06875131149140612,0.0897811334875841,0.12210881529701134,0.1002781424553148
9,V04→V01,V04,V01,full_vs_b_lite_ft,b_lite_ft,B-lite 同任务微调,D2-071,0.0034160866373867393,0.8711020925336186,0.013250947004240565,-0.0041112397091858655,0.0034160866373867393,-0.0018668180331587458,0.04925120818908468
9,V04→V01,V04,V01,full_vs_b_lite_ft,b_lite_ft,B-lite 同任务微调,D2-072,-0.024024802446365345,-6.126324623823163,-0.0392689327398936,-0.024024802446365345,-0.022844190026323014,0.04143714594344297,-0.05435394893089929
9,V04→V01,V04,V01,full_vs_b_lite_ft,b_lite_ft,B-lite 同任务微调,D2-073,-0.01679233191025198,-4.282044637114255,-0.04880810199092278,0.033406020841788286,-0.01679233191025198,-0.014300442194167678,-0.0335553594637866
9,V04→V01,V04,V01,full_vs_b_lite_ft,b_lite_ft,B-lite 同任务微调,D2-074,0.062113189427254245,15.838863303949832,0.07051967698069972,0.062113189427254245,0.08968656277645007,0.058085679726371964,0.02040760799549346
9,V04→V01,V04,V01,full_vs_b_lite_ft,b_lite_ft,B-lite 同任务微调,D2-075,0.01655656596024832,4.221924319863322,-0.015497095369059466,0.01655656596024832,0.06437919785579047,0.0349910423245238,0.00814271752519169
9,V04→V01,V04,V01,full_vs_b_lite_ft,b_lite_ft,B-lite 同任务微调,D2-076,0.00021296711195081808,0.05430661354745861,-0.03654540252117883,0.02985007762908934,0.010895802719252473,-0.019291375648407716,0.00021296711195081808
9,V04→V01,V04,V01,full_vs_b_lite_ft,b_lite_ft,B-lite 同任务微调,D2-077,-0.00847108948689243,-2.16012781915757,-0.05565568533463355,0.028351623507646417,-0.00847108948689243,0.008706584343543433,-0.014589924193345594
9,V04→V01,V04,V01,full_vs_b_lite_ft,b_lite_ft,B-lite 同任务微调,D2-078,-0.02693615053859788,-6.86871838734246,-0.02914216785236845,-0.019914025484129405,-0.02693615053859788,-0.04585247019002603,-0.00925513501315156
9,V04→V01,V04,V01,full_vs_b_lite_ft,b_lite_ft,B-lite 同任务微调,D2-079,0.027731159000947914,7.071445545241718,0.002766941103243048,0.04181964122640189,0.04026348137807459,0.027731159000947914,0.008152734147765295
9,V04→V01,V04,V01,full_vs_b_lite_ft,b_lite_ft,B-lite 同任务微调,D2-080,-0.0313089536109441,-7.983783170790746,-0.03379610439701261,-0.0313089536109441,0.03277761415696481,-0.059397070760458304,0.01435349556341975
9,V04→V01,V04,V01,full_vs_b_lite_ft,b_lite_ft,B-lite 同任务微调,D2-081,0.02686633728444579,6.850916007533677,0.01008803459505242,0.03445158836742246,0.02686633728444579,0.05341101561983427,-0.06082513866325223
9,V04→V01,V04,V01,full_vs_b_lite_ft,b_lite_ft,B-lite 同任务微调,D2-082,0.01418005844625908,3.6159149037960656,0.01418005844625908,0.03680128857302356,-0.03154134098440409,0.030800141322498142,-0.005229750122779431
9,V04→V01,V04,V01,full_vs_b_lite_ft,b_lite_ft,B-lite 同任务微调,D2-083,0.027539018058666487,7.022449604959954,0.02778342386914623,0.03772671051599362,0.009604889692531676,0.02385799593671606,0.027539018058666487
9,V04→V01,V04,V01,full_vs_b_lite_ft,b_lite_ft,B-lite 同任务微调,D2-084,0.03370298233798197,8.594260496185402,-0.006196852132939468,0.04769514351756424,0.03370298233798197,0.04687102962481349,0.023754749479785287
9,V04→V01,V04,V01,full_vs_b_lite_ft,b_lite_ft,B-lite 同任务微调,D2-085,-0.07688682451266651,-19.60614025072996,-0.11483502992277228,-0.03831144455502661,-0.09200019429820452,-0.07688682451266651,-0.053294346263531134
9,V04→V01,V04,V01,full_vs_b_lite_ft,b_lite_ft,B-lite 同任务微调,D2-086,-0.007765964200400349,-1.980320871102089,-0.02840353918233604,-0.007765964200400349,-0.0019595750579328164,-0.0003304087716822779,-0.026171711997853384
9,V04→V01,V04,V01,full_vs_b_lite_ft,b_lite_ft,B-lite 同任务微调,D2-087,-0.062164762421794584,-15.85201441755762,-0.15266441780587903,-0.06007226437762164,-0.062164762421794584,-0.012701066507809389,-0.07799711845059323
9,V04→V01,V04,V01,full_vs_b_lite_ft,b_lite_ft,B-lite 同任务微调,D2-088,-0.038050278193420856,-9.702820939322319,-0.04443603381514549,-0.038050278193420856,-0.030213349671275536,-0.04007917311456469,-0.005970567050907344
9,V04→V01,V04,V01,full_vs_b_lite_ft,b_lite_ft,B-lite 同任务微调,D2-089,0.006064284531796582,1.5463925556081284,-0.026207225203839807,0.0073070901094889895,0.008287425086797917,0.006064284531796582,-0.0054451433198699495
9,V04→V01,V04,V01,full_vs_b_lite_ft,b_lite_ft,B-lite 同任务微调,D2-090,0.044396405353357926,11.32108336510627,0.048004899854766345,0.06915747774601506,0.044396405353357926,0.007615781884792977,0.03811877390249954
9,V04→V01,V04,V01,full_vs_b_lite_ft,b_lite_ft,B-lite 同任务微调,D2-091,-0.033562778103826685,-8.558508416475805,-0.04839584342055564,-0.033562778103826685,-0.022071936964124905,-0.05849151938235847,-0.013993694298509218
9,V04→V01,V04,V01,full_vs_b_lite_ft,b_lite_ft,B-lite 同任务微调,D2-092,-0.08792591966639934,-22.421109514931832,-0.0828332035662302,-0.06261824149321885,-0.10513085796455154,-0.09926554499790557,-0.08792591966639934
9,V04→V01,V04,V01,full_vs_b_lite_ft,b_lite_ft,B-lite 同任务微调,D2-093,-0.000994539247282461,-0.2536075080570276,-0.002886552832529171,-0.000994539247282461,0.01594815415511322,0.024805655321365028,-0.004261775608433188
9,V04→V01,V04,V01,full_vs_b_lite_ft,b_lite_ft,B-lite 同任务微调,D2-094,-0.09882877668700157,-25.201338055185403,-0.05825585818443543,-0.06885516500243774,-0.09882877668700157,-0.11631892493520027,-0.10933656391616053
9,V04→V01,V04,V01,full_vs_b_lite_ft,b_lite_ft,B-lite 同任务微调,D2-095,-0.027457051806979715,-7.001548210779827,-0.05336583977338494,-0.027457051806979715,-0.03535139347825733,-0.013931942916421025,-0.013587002795209357
9,V04→V01,V04,V01,full_vs_b_lite_ft,b_lite_ft,B-lite 同任务微调,D2-096,0.0003183034141777119,0.08116737061531654,0.0003183034141777119,0.02997445426067044,-0.010207737017361829,0.019816941413723033,-0.0003889942022620718
9,V04→V01,V04,V01,full_vs_b_lite_ft,b_lite_ft,B-lite 同任务微调,D2-097,-0.012721305920018092,-3.2439330096046133,-0.013003037391621383,-0.012721305920018092,-0.011768100346312121,0.008723259340097878,-0.03227745051737184
9,V04→V01,V04,V01,full_vs_b_lite_ft,b_lite_ft,B-lite 同任务微调,D2-098,-0.01125726497007741,-2.8706025673697395,-0.04280223593943648,0.0025850172258085613,-0.003651855927374631,-0.01125726497007741,-0.026078604472180217
9,V04→V01,V04,V01,full_vs_b_lite_ft,b_lite_ft,B-lite 同任务微调,D2-099,0.007559671252965916,1.9277161695063085,-0.027621234385740157,0.007559671252965916,0.027628047196638,-0.0023703907926876933,0.02409093576882565
9,V04→V01,V04,V01,full_vs_b_lite_ft,b_lite_ft,B-lite 同任务微调,D2-100,0.006793550681322813,1.7323554237373173,-0.005431630493452161,0.006793550681322813,0.018395731380830227,0.0522850708415111,-0.03976167334864539
9,V04→V01,V04,V01,full_vs_freeuv_conserved,freeuv_conserved,FreeUV（已观测纹理保持）,D2-001,-0.026402997821569435,-6.732764444500206,-0.08427191977699597,-0.026402997821569435,-0.04434636622667312,-0.02287834922472634,-0.020993122011423088
9,V04→V01,V04,V01,full_vs_freeuv_conserved,freeuv_conserved,FreeUV（已观测纹理保持）,D2-002,0.012319317143974856,3.1414258717135883,-0.03827997387358639,0.016112059129006928,0.02138688415288925,0.012319317143974856,-0.026447300996744305
9,V04→V01,V04,V01,full_vs_freeuv_conserved,freeuv_conserved,FreeUV（已观测纹理保持）,D2-003,-0.09988051701199119,-25.469531838057755,-0.12471535016587121,-0.09535310371422467,-0.11173104383281351,-0.09988051701199119,-0.029525656276095047
9,V04→V01,V04,V01,full_vs_freeuv_conserved,freeuv_conserved,FreeUV（已观测纹理保持）,D2-004,0.07945474163617616,20.26095911722492,0.05632700049030931,0.10355003260903889,0.06276636437317473,0.07945474163617616,0.1006676466376693
9,V04→V01,V04,V01,full_vs_freeuv_conserved,freeuv_conserved,FreeUV（已观测纹理保持）,D2-005,0.026187874722570448,6.6779080542554645,0.026187874722570448,0.07617060068943021,0.024168714385100265,0.016195081527068944,0.05321042886848942
9,V04→V01,V04,V01,full_vs_freeuv_conserved,freeuv_conserved,FreeUV（已观测纹理保持）,D2-006,-0.05157094389673267,-13.15059069366683,-0.05930122453226616,-0.010922544138141421,-0.05157094389673267,-0.0034417423306318806,-0.056912226336342964
9,V04→V01,V04,V01,full_vs_freeuv_conserved,freeuv_conserved,FreeUV（已观测纹理保持）,D2-007,0.04688337487660771,11.955260593534966,0.0311805849395147,0.04031561109108653,0.05334074922451157,0.04835866803560798,0.04688337487660771
9,V04→V01,V04,V01,full_vs_freeuv_conserved,freeuv_conserved,FreeUV（已观测纹理保持）,D2-008,0.0061470248170342745,1.56749132834374,-0.004734943390769131,0.014143587860698775,0.0061470248170342745,-0.0003766104944196713,0.028787910814086576
9,V04→V01,V04,V01,full_vs_freeuv_conserved,freeuv_conserved,FreeUV（已观测纹理保持）,D2-009,-0.18523543181582391,-47.235035113035096,-0.20074388687299866,-0.16024221323876298,-0.17798883120855713,-0.18523543181582391,-0.19445606461192805
9,V04→V01,V04,V01,full_vs_freeuv_conserved,freeuv_conserved,FreeUV（已观测纹理保持）,D2-010,0.08234980536831751,20.999200368920967,0.08234980536831751,0.10625397745105958,0.09413595332039729,0.054363169189956456,0.07901456243255073
9,V04→V01,V04,V01,full_vs_freeuv_conserved,freeuv_conserved,FreeUV（已观测纹理保持）,D2-011,0.061067924036511345,15.572320629310394,0.061067924036511345,0.0677328503853272,0.08518159257928057,0.05456890655858887,0.05859949361784236
9,V04→V01,V04,V01,full_vs_freeuv_conserved,freeuv_conserved,FreeUV（已观测纹理保持）,D2-012,-0.046835335755283064,-11.943010617597182,-0.06266982979624647,-0.046835335755283064,-0.0025703180683115112,-0.0696214231474152,0.02222500334346228
9,V04→V01,V04,V01,full_vs_freeuv_conserved,freeuv_conserved,FreeUV（已观测纹理保持）,D2-013,0.036782236222543896,9.379470236748693,0.010151718765035539,0.054571625181577266,0.036782236222543896,0.0012469986855633552,0.03726395182351336
9,V04→V01,V04,V01,full_vs_freeuv_conserved,freeuv_conserved,FreeUV（已观测纹理保持）,D2-014,0.12533667162060738,31.96085126325488,0.09808571492632231,0.12601869717240333,0.13968988989790282,0.12533667162060738,0.09314794614911079
9,V04→V01,V04,V01,full_vs_freeuv_conserved,freeuv_conserved,FreeUV（已观测纹理保持）,D2-015,0.011850845837403867,3.021965688537986,0.02357741859224108,0.011850845837403867,0.031844547166237774,0.006092978079640682,-0.006899399712445242
9,V04→V01,V04,V01,full_vs_freeuv_conserved,freeuv_conserved,FreeUV（已观测纹理保持）,D2-016,-0.019642623900263417,-5.008869094567172,-0.019642623900263417,-0.003927003247318456,-0.03736161875228089,-0.04887480902727004,-0.010372884985473424
9,V04→V01,V04,V01,full_vs_freeuv_conserved,freeuv_conserved,FreeUV（已观测纹理保持）,D2-017,0.09727163041237169,24.80426575515478,0.09163461089449582,0.10249133991501319,0.09727163041237169,0.12457652764503285,0.07868963558837849
9,V04→V01,V04,V01,full_vs_freeuv_conserved,freeuv_conserved,FreeUV（已观测纹理保持）,D2-018,0.041829612615004286,10.666551216826093,0.05073825404292251,0.03407410110850806,0.041829612615004286,0.06862349765466866,0.03239494820680128
9,V04→V01,V04,V01,full_vs_freeuv_conserved,freeuv_conserved,FreeUV（已观测纹理保持）,D2-019,0.05349284746954516,13.640676104734016,0.05488340869065253,0.05349284746954516,0.05832342066431556,0.0363757466116259,0.03241376274375504
9,V04→V01,V04,V01,full_vs_freeuv_conserved,freeuv_conserved,FreeUV（已观测纹理保持）,D2-020,0.12004498317837715,30.611470710486174,0.10756095908582211,0.12004498317837715,0.123366870606939,0.13196628031631313,0.10081732459366322
9,V04→V01,V04,V01,full_vs_freeuv_conserved,freeuv_conserved,FreeUV（已观测纹理保持）,D2-021,0.13392415595433071,34.15065976835433,0.11281777066843851,0.13392415595433071,0.10141712072349732,0.14444275862640807,0.18608117411060943
9,V04→V01,V04,V01,full_vs_freeuv_conserved,freeuv_conserved,FreeUV（已观测纹理保持）,D2-022,0.014641005349786684,3.7334563641956047,-0.011650253021926182,0.019186567319066927,0.03514459454699567,0.014641005349786684,-0.029308944548431193
9,V04→V01,V04,V01,full_vs_freeuv_conserved,freeuv_conserved,FreeUV（已观测纹理保持）,D2-023,0.06776236527814315,17.279403145926505,0.029582995587052435,0.06776236527814315,0.0687762114386528,0.06780512903172237,0.049192650912281796
9,V04→V01,V04,V01,full_vs_freeuv_conserved,freeuv_conserved,FreeUV（已观测纹理保持）,D2-024,0.03015189022556239,7.688732007518409,0.0323410217522406,0.03015189022556239,0.04238909654611464,0.028908255893517948,0.02308051193169519
9,V04→V01,V04,V01,full_vs_freeuv_conserved,freeuv_conserved,FreeUV（已观测纹理保持）,D2-025,0.02640903378144288,6.734303614267935,0.02640903378144288,-0.005537950123349844,0.04760720079334879,0.05728612227253932,0.000302022577733041
9,V04→V01,V04,V01,full_vs_freeuv_conserved,freeuv_conserved,FreeUV（已观测纹理保持）,D2-026,0.00993771000454824,2.534116051159801,0.034672390731672456,0.0013983859991033853,0.00993771000454824,0.0319120979246994,-0.009393557130048663
9,V04→V01,V04,V01,full_vs_freeuv_conserved,freeuv_conserved,FreeUV（已观测纹理保持）,D2-027,0.05895210230591319,15.032786088007864,0.05104632020899741,0.05224528344291626,0.05919291635956425,0.05895210230591319,0.06406717645851046
9,V04→V01,V04,V01,full_vs_freeuv_conserved,freeuv_conserved,FreeUV（已观测纹理保持）,D2-028,-0.029571281348665546,-7.540676743909714,-0.029571281348665546,-0.028633807922403,-0.06596138283610342,-0.07645419607559839,-0.02492129114766914
9,V04→V01,V04,V01,full_vs_freeuv_conserved,freeuv_conserved,FreeUV（已观测纹理保持）,D2-029,0.04429607668785543,11.295499555403135,0.037737501345998875,0.046769723053870144,0.050934030151948695,0.02835571317653346,0.04429607668785543
9,V04→V01,V04,V01,full_vs_freeuv_conserved,freeuv_conserved,FreeUV（已观测纹理保持）,D2-030,0.009271616047179243,2.364262092030707,0.0043303550531466894,0.009271616047179243,0.013389696539552132,0.015464406874444753,0.0032255937241845722
9,V04→V01,V04,V01,full_vs_freeuv_conserved,freeuv_conserved,FreeUV（已观测纹理保持）,D2-031,0.08525530626279074,21.740103097011637,0.10563135081354308,0.0769990774395029,0.09943796643147279,0.08525530626279074,0.06865391169303381
9,V04→V01,V04,V01,full_vs_freeuv_conserved,freeuv_conserved,FreeUV（已观测纹理保持）,D2-032,0.0006064328231981941,0.1546403699155395,-0.009320804228385271,0.01566652448049613,0.0006064328231981941,0.013160894314448057,-0.046685749221415745
9,V04→V01,V04,V01,full_vs_freeuv_conserved,freeuv_conserved,FreeUV（已观测纹理保持）,D2-033,0.02938407487916142,7.492939094186162,0.026348858541540426,0.05367688109142503,0.03656533787424644,0.02938407487916142,0.024667766126577312
9,V04→V01,V04,V01,full_vs_freeuv_conserved,freeuv_conserved,FreeUV（已观测纹理保持）,D2-034,0.006798192705601863,1.7335391399284752,-0.011664329071159218,0.02820155335819885,0.006798192705601863,0.01614810875085393,-0.007265121816364045
9,V04→V01,V04,V01,full_vs_freeuv_conserved,freeuv_conserved,FreeUV（已观测纹理保持）,D2-035,-0.010785616983970014,-2.7503323309123537,-0.019559878918031848,0.011497762836515879,-0.010785616983970014,-0.03331441920250655,0.009849879307051501
9,V04→V01,V04,V01,full_vs_freeuv_conserved,freeuv_conserved,FreeUV（已观测纹理保持）,D2-036,0.044941803883938536,11.460159990404327,0.03618568288428442,0.044941803883938536,0.06267623150987284,0.021168572207291902,0.04554030068573495
9,V04→V01,V04,V01,full_vs_freeuv_conserved,freeuv_conserved,FreeUV（已观测纹理保持）,D2-037,0.12750132867332659,32.51283881169828,0.1274562015320466,0.12750132867332659,0.14919090488304693,0.12701112197505102,0.1332190753797991
9,V04→V01,V04,V01,full_vs_freeuv_conserved,freeuv_conserved,FreeUV（已观测纹理保持）,D2-038,0.030833516186019316,7.862546627434925,0.039917801313840595,0.007248845354125288,-0.009738389838923223,0.030833516186019316,0.041804312250098674
9,V04→V01,V04,V01,full_vs_freeuv_conserved,freeuv_conserved,FreeUV（已观测纹理保持）,D2-039,0.03222459906844494,8.217272762453458,0.019526481323066308,0.04768408767756868,0.03222459906844494,0.02913289409273309,0.05236842464960989
9,V04→V01,V04,V01,full_vs_freeuv_conserved,freeuv_conserved,FreeUV（已观测纹理保持）,D2-040,0.13772559233076936,35.12002604434619,0.12034571143957945,0.14358053510790472,0.15140705374447072,0.11636730290210998,0.13772559233076936
9,V04→V01,V04,V01,full_vs_freeuv_conserved,freeuv_conserved,FreeUV（已观测纹理保持）,D2-041,0.1051431107852194,26.811493250230946,0.08634300198819903,0.10157485802968344,0.14546152121490902,0.1051431107852194,0.11339789380629858
9,V04→V01,V04,V01,full_vs_freeuv_conserved,freeuv_conserved,FreeUV（已观测纹理保持）,D2-042,0.08454368791581318,21.558640418532363,0.09402301023654946,0.06536370561866278,0.08454368791581318,0.10200100471631865,0.08123623263718707
9,V04→V01,V04,V01,full_vs_freeuv_conserved,freeuv_conserved,FreeUV（已观测纹理保持）,D2-043,0.11715139616586145,29.87360602229467,0.09921785902048719,0.11715139616586145,0.13785876439059855,0.11376493003809712,0.13835765409176465
9,V04→V01,V04,V01,full_vs_freeuv_conserved,freeuv_conserved,FreeUV（已观测纹理保持）,D2-044,0.1748610179974801,44.58955958935743,0.17769929268397391,0.1748610179974801,0.18597894664853812,0.15883941903917326,0.16958928817572694
9,V04→V01,V04,V01,full_vs_freeuv_conserved,freeuv_conserved,FreeUV（已观测纹理保持）,D2-045,0.10979978552097408,27.99894530784839,0.08751708418316212,0.10979978552097408,0.12950482420549167,0.07715526650386365,0.1349163588173502
9,V04→V01,V04,V01,full_vs_freeuv_conserved,freeuv_conserved,FreeUV（已观测纹理保持）,D2-046,0.20289053391384823,51.7370861480313,0.13742025020301982,0.20289053391384823,0.23563900493806408,0.2400884429613749,0.12352920668099515
9,V04→V01,V04,V01,full_vs_freeuv_conserved,freeuv_conserved,FreeUV（已观测纹理保持）,D2-047,0.06452660128856316,16.454283328583607,0.057159282028292985,0.06265416636298862,0.07216634782047099,0.06452660128856316,0.0827220242916264
9,V04→V01,V04,V01,full_vs_freeuv_conserved,freeuv_conserved,FreeUV（已观测纹理保持）,D2-048,0.08779479696964604,22.38767322725974,0.08779479696964604,0.09722103872615045,0.14538116122667605,0.06374231738667199,0.08306800446703899
9,V04→V01,V04,V01,full_vs_freeuv_conserved,freeuv_conserved,FreeUV（已观测纹理保持）,D2-049,0.06770321650382799,17.26432020847614,0.07104776673114452,0.09333441917521831,0.06770321650382799,0.06125953186972019,0.04331072649130452
9,V04→V01,V04,V01,full_vs_freeuv_conserved,freeuv_conserved,FreeUV（已观测纹理保持）,D2-050,0.13234673726411772,33.74841800235002,0.1409899184410351,0.10092750722498678,0.12135764235901719,0.13234673726411772,0.1539984133461831
9,V04→V01,V04,V01,full_vs_freeuv_conserved,freeuv_conserved,FreeUV（已观测纹理保持）,D2-051,0.15407141102532373,39.288209811457556,0.15407141102532373,0.11681560654062456,0.1357268141691535,0.1615539156172795,0.16262019767115515
9,V04→V01,V04,V01,full_vs_freeuv_conserved,freeuv_conserved,FreeUV（已观测纹理保持）,D2-052,-0.006973612307575483,-1.7782711384317482,0.0032790370878592046,-0.016859379875014957,-0.006973612307575483,-0.010189677445004819,0.02366856604221451
9,V04→V01,V04,V01,full_vs_freeuv_conserved,freeuv_conserved,FreeUV（已观测纹理保持）,D2-053,0.018511822059129657,4.720514625078063,0.03437936146898815,0.018511822059129657,-0.008602888711417733,0.06904539407696575,0.011786192073486745
9,V04→V01,V04,V01,full_vs_freeuv_conserved,freeuv_conserved,FreeUV（已观测纹理保持）,D2-054,-0.022042161309056812,-5.620751133809487,-0.020707361275951047,-0.017970774819453555,-0.030279311041037232,-0.022042161309056812,-0.024397099432018066
9,V04→V01,V04,V01,full_vs_freeuv_conserved,freeuv_conserved,FreeUV（已观测纹理保持）,D2-055,-0.013698583632184735,-3.4931388262071077,-0.013698583632184735,-0.036173413458623405,0.039398896197477995,-0.04747986179171948,0.007969923056008521
9,V04→V01,V04,V01,full_vs_freeuv_conserved,freeuv_conserved,FreeUV（已观测纹理保持）,D2-056,-0.06922810773054758,-17.65316747128963,-0.009605414409568358,-0.04445591525755069,-0.08000980080037876,-0.06922810773054758,-0.07122667360564935
9,V04→V01,V04,V01,full_vs_freeuv_conserved,freeuv_conserved,FreeUV（已观测纹理保持）,D2-057,0.011052923075233867,2.818495384184636,0.0025340954385076886,0.012488336736957206,0.03400780782103541,-0.014340990579997492,0.011052923075233867
9,V04→V01,V04,V01,full_vs_freeuv_conserved,freeuv_conserved,FreeUV（已观测纹理保持）,D2-058,0.04426808120348516,11.288360706888716,0.007651414683996105,0.04426808120348516,0.02682256838067984,0.057898628214995085,0.06414816637451834
9,V04→V01,V04,V01,full_vs_freeuv_conserved,freeuv_conserved,FreeUV（已观测纹理保持）,D2-059,0.02233677320912772,5.695877168327568,0.026744743589969255,0.004660065998049356,0.007313074178847606,0.02233677320912772,0.03345085656745178
9,V04→V01,V04,V01,full_vs_freeuv_conserved,freeuv_conserved,FreeUV（已观测纹理保持）,D2-060,0.013062227502405405,3.330868013113378,-0.003554699531041955,0.017119200413964364,0.013062227502405405,-0.003614548279578439,0.029723660653853512
9,V04→V01,V04,V01,full_vs_freeuv_conserved,freeuv_conserved,FreeUV（已观测纹理保持）,D2-061,-0.03657079918324485,-9.325553791727437,-0.04183547331612242,-0.03657079918324485,-0.023975114605223502,-0.05392169704039895,-0.035250115128912685
9,V04→V01,V04,V01,full_vs_freeuv_conserved,freeuv_conserved,FreeUV（已观测纹理保持）,D2-062,0.02783849669827354,7.098816658059753,0.02783849669827354,0.021357409662946497,0.04862591554583223,0.03155839178297254,0.017521366180369147
9,V04→V01,V04,V01,full_vs_freeuv_conserved,freeuv_conserved,FreeUV（已观测纹理保持）,D2-063,0.10267130604812075,26.181183042270792,0.10267130604812075,0.06625443757289931,0.11623441456329253,0.12198296758745397,0.06590682993687333
9,V04→V01,V04,V01,full_vs_freeuv_conserved,freeuv_conserved,FreeUV（已观测纹理保持）,D2-064,0.03258273193752892,8.308596644069874,0.019782459423426657,0.08139145458417552,0.03258273193752892,-0.00037199487128569686,0.07581890522632545
9,V04→V01,V04,V01,full_vs_freeuv_conserved,freeuv_conserved,FreeUV（已观测纹理保持）,D2-065,0.03327334126916484,8.484702023637034,0.037272493692411895,0.025535710884825036,0.03327334126916484,0.017008090128555253,0.050732064857215126
9,V04→V01,V04,V01,full_vs_freeuv_conserved,freeuv_conserved,FreeUV（已观测纹理保持）,D2-066,-0.0053433193774013454,-1.3625464412373431,-0.008637753093526435,-0.004666527972007395,-0.0053433193774013454,-0.020390245411886165,0.010080712959989135
9,V04→V01,V04,V01,full_vs_freeuv_conserved,freeuv_conserved,FreeUV（已观测纹理保持）,D2-067,0.07077052235603332,18.046483200788497,0.061373346894979475,0.07352941776315369,0.10469991664091746,0.07077052235603332,0.0238791888952255
9,V04→V01,V04,V01,full_vs_freeuv_conserved,freeuv_conserved,FreeUV（已观测纹理保持）,D2-068,-0.012700994525636944,-3.2387536040374205,-0.04224235112113611,-0.0024140602421193202,-0.042971934112054966,-0.0049900241018761005,-0.012700994525636944
9,V04→V01,V04,V01,full_vs_freeuv_conserved,freeuv_conserved,FreeUV（已观测纹理保持）,D2-069,0.10616659575866327,27.072481918459136,0.09847393391860854,0.11647135217984517,0.12633710055508546,0.09196349481741586,0.10616659575866327
9,V04→V01,V04,V01,full_vs_freeuv_conserved,freeuv_conserved,FreeUV（已观测纹理保持）,D2-070,-0.008277874351257403,-2.110857959570638,-0.0603240320370311,-0.04198124342494544,-0.0006822433973115716,-0.005405155527922839,-0.008277874351257403
9,V04→V01,V04,V01,full_vs_freeuv_conserved,freeuv_conserved,FreeUV（已观测纹理保持）,D2-071,-0.0519072975173141,-13.236360866915096,-0.04225006970492279,-0.055500510865540253,-0.05450497179320368,-0.0519072975173141,-0.0025951461697166778
9,V04→V01,V04,V01,full_vs_freeuv_conserved,freeuv_conserved,FreeUV（已观测纹理保持）,D2-072,0.008213713516791649,2.0944969467818706,0.008213713516791649,0.006024429698785139,0.01174283710618812,0.015081059063474317,-0.02138732845584551
9,V04→V01,V04,V01,full_vs_freeuv_conserved,freeuv_conserved,FreeUV（已观测纹理保持）,D2-073,0.038815006205988156,9.89782658252698,0.016400293405376243,0.08730104046674508,0.029269367011625358,0.05588785766517343,0.038815006205988156
9,V04→V01,V04,V01,full_vs_freeuv_conserved,freeuv_conserved,FreeUV（已观测纹理保持）,D2-074,0.12798294136228489,32.63565004738265,0.12798294136228489,0.14404216148825577,0.15955778240233429,0.10811700544847075,0.09384893842561298
9,V04→V01,V04,V01,full_vs_freeuv_conserved,freeuv_conserved,FreeUV（已观测纹理保持）,D2-075,0.11058635971155661,28.199521726446935,0.08083773147443246,0.11097089937706106,0.14298435857241185,0.11058635971155661,0.09722811762971442
9,V04→V01,V04,V01,full_vs_freeuv_conserved,freeuv_conserved,FreeUV（已观测纹理保持）,D2-076,-0.06616272273517791,-16.871494297470367,-0.08100335754099346,-0.054728773094358904,-0.05835396604878561,-0.07637147761526562,-0.06616272273517791
9,V04→V01,V04,V01,full_vs_freeuv_conserved,freeuv_conserved,FreeUV（已观测纹理保持）,D2-077,0.017543346606768095,4.473553384725864,0.001238488463255083,0.03242591787607241,0.030525116049326367,0.017543346606768095,0.01675974130630492
9,V04→V01,V04,V01,full_vs_freeuv_conserved,freeuv_conserved,FreeUV（已观测纹理保持）,D2-078,0.0023744835467763847,0.6054933044279781,-0.00169121577989223,0.011140582981959801,0.0023744835467763847,-0.020883533843727986,0.02667078456675359
9,V04→V01,V04,V01,full_vs_freeuv_conserved,freeuv_conserved,FreeUV（已观测纹理保持）,D2-079,0.205019768708015,52.28004102054383,0.19610704259286002,0.21042979903198697,0.22126070153649133,0.205019768708015,0.18487517225245634
9,V04→V01,V04,V01,full_vs_freeuv_conserved,freeuv_conserved,FreeUV（已观测纹理保持）,D2-080,-0.06344425008400506,-16.17828377142129,-0.06344425008400506,-0.07454919082248157,-0.017883206144884728,-0.09186243204653544,-0.04117736904204172
9,V04→V01,V04,V01,full_vs_freeuv_conserved,freeuv_conserved,FreeUV（已观测纹理保持）,D2-081,0.06945040728896856,17.709853858686984,0.06945040728896856,0.06448581783721846,0.07417091944565377,0.10174293226251999,-0.002827899220089136
9,V04→V01,V04,V01,full_vs_freeuv_conserved,freeuv_conserved,FreeUV（已观测纹理保持）,D2-082,0.04634371337791282,11.817646911367769,0.04634371337791282,0.048529319799481274,-0.009153846722955883,0.04754600124672437,0.01512473888504201
9,V04→V01,V04,V01,full_vs_freeuv_conserved,freeuv_conserved,FreeUV（已观测纹理保持）,D2-083,0.06692781934031736,17.066593931780925,0.0770784686147063,0.08359893701142736,0.06087371762152072,0.05169985346772055,0.06692781934031736
9,V04→V01,V04,V01,full_vs_freeuv_conserved,freeuv_conserved,FreeUV（已观测纹理保持）,D2-084,0.059446027999122936,15.158737139776349,0.01632451870593063,0.08672198377745716,0.056566374118260127,0.06450473729586392,0.059446027999122936
9,V04→V01,V04,V01,full_vs_freeuv_conserved,freeuv_conserved,FreeUV（已观测纹理保持）,D2-085,-0.0038746912754321072,-0.9880462752351873,-0.04386922232662288,0.029099932835661202,-0.02340079711158144,-0.0038746912754321072,0.02313833440430174
9,V04→V01,V04,V01,full_vs_freeuv_conserved,freeuv_conserved,FreeUV（已观测纹理保持）,D2-086,0.10217056547602019,26.05349419638515,0.09954122833042134,0.12718842434461672,0.09360752081630208,0.11268949329928317,0.10217056547602019
9,V04→V01,V04,V01,full_vs_freeuv_conserved,freeuv_conserved,FreeUV（已观测纹理保持）,D2-087,-0.07235528960608054,-18.450598849550538,-0.1123623612566271,-0.05693541423998019,-0.08430747731008395,-0.023888440451760223,-0.07235528960608054
9,V04→V01,V04,V01,full_vs_freeuv_conserved,freeuv_conserved,FreeUV（已观测纹理保持）,D2-088,-0.0231478277731825,-5.902696082161538,-0.025658021232596168,-0.0231478277731825,-0.009029267838707694,-0.031768198366518396,0.013578904999626995
9,V04→V01,V04,V01,full_vs_freeuv_conserved,freeuv_conserved,FreeUV（已观测纹理保持）,D2-089,0.015203883616976416,3.876990322328986,0.006675897766657862,0.017132810271177135,0.03101747100307642,0.008797604733151831,0.015203883616976416
9,V04→V01,V04,V01,full_vs_freeuv_conserved,freeuv_conserved,FreeUV（已观测纹理保持）,D2-090,0.07678227446842611,19.57947998944866,0.08690096529974052,0.08361659106956414,0.07678227446842611,0.05451666746746031,0.06900059439960801
9,V04→V01,V04,V01,full_vs_freeuv_conserved,freeuv_conserved,FreeUV（已观测纹理保持）,D2-091,-0.03478162986752781,-8.869315616219591,-0.08312221800071606,-0.03285881458525208,-0.03478162986752781,-0.07345544367326773,-0.028071641490079347
9,V04→V01,V04,V01,full_vs_freeuv_conserved,freeuv_conserved,FreeUV（已观测纹理保持）,D2-092,-0.07352685589903318,-18.749348254253462,-0.057834305015264764,-0.04370049357998604,-0.07511322563088019,-0.07352685589903318,-0.07632007776132593
9,V04→V01,V04,V01,full_vs_freeuv_conserved,freeuv_conserved,FreeUV（已观测纹理保持）,D2-093,0.02092847814654103,5.336761927367963,0.01300136927360046,0.02092847814654103,0.021614716921855376,0.03951635136359577,0.016223714638423786
9,V04→V01,V04,V01,full_vs_freeuv_conserved,freeuv_conserved,FreeUV（已观测纹理保持）,D2-094,0.054036028874226094,13.779187362927654,0.09975576656751142,0.0682019616357791,0.054036028874226094,0.01785659541686374,0.04951254247854914
9,V04→V01,V04,V01,full_vs_freeuv_conserved,freeuv_conserved,FreeUV（已观测纹理保持）,D2-095,-0.036997030415232224,-9.434242755884217,-0.0517268616055685,-0.019465324661088357,-0.0476556317043052,-0.036997030415232224,-0.03441479723289531
9,V04→V01,V04,V01,full_vs_freeuv_conserved,freeuv_conserved,FreeUV（已观测纹理保持）,D2-096,0.09416809192059633,24.012863439752063,0.09416809192059633,0.12073467476446123,0.08940627891061415,0.09607922349919062,0.08926253972442749
9,V04→V01,V04,V01,full_vs_freeuv_conserved,freeuv_conserved,FreeUV（已观测纹理保持）,D2-097,0.014488134027263275,3.694474176952135,0.014488134027263275,0.008745844993326396,0.019617154826352623,0.015910289537759484,-0.016616270222045745
9,V04→V01,V04,V01,full_vs_freeuv_conserved,freeuv_conserved,FreeUV（已观测纹理保持）,D2-098,0.040918626305129796,10.434249707808098,0.03607712530841431,0.040918626305129796,0.05809937044978142,0.04926126595172617,0.03736810344788763
9,V04→V01,V04,V01,full_vs_freeuv_conserved,freeuv_conserved,FreeUV（已观测纹理保持）,D2-099,-0.14048127329775265,-35.822724690926925,-0.1512088567728088,-0.14048127329775265,-0.10726963231960934,-0.14180738088630493,-0.12761575574321407
9,V04→V01,V04,V01,full_vs_freeuv_conserved,freeuv_conserved,FreeUV（已观测纹理保持）,D2-100,0.025828309046725423,6.5862188069149825,-0.0014580499070386277,0.03220439640184242,0.025828309046725423,0.036055668412397296,-0.030641390321155426
10,V04→V02,V04,V02,full_vs_condition0,condition0,NoCond,D2-001,0.0019405583540598598,0.4948423802852642,0.004154930512110383,-0.0011390447616577148,0.0019405583540598598,-0.00869353612263997,0.0028282205263773508
10,V04→V02,V04,V02,full_vs_condition0,condition0,NoCond,D2-002,-0.00811672139735449,-2.069763956325395,-0.005395478435925069,-0.04093712142535618,-0.00811672139735449,0.004571130587941133,-0.012376350306329262
10,V04→V02,V04,V02,full_vs_condition0,condition0,NoCond,D2-003,-0.02069737119516274,-5.2778296547664985,-0.02069737119516274,-0.03036395255644042,-0.03412178952481831,0.01846408285200596,0.023189491583957333
10,V04→V02,V04,V02,full_vs_condition0,condition0,NoCond,D2-004,-0.014938547310453854,-3.8093295641657328,-0.014938547310453854,0.006083311306105732,-0.011959068891074925,-0.05248110017014873,-0.028561049175483216
10,V04→V02,V04,V02,full_vs_condition0,condition0,NoCond,D2-005,-0.014840448896090153,-3.784314468502989,-0.019327817144252912,0.005057325126022416,-0.014840448896090153,0.0026367277267478895,-0.029090787614545532
10,V04→V02,V04,V02,full_vs_condition0,condition0,NoCond,D2-006,0.005949441152505397,1.5171074938888762,-0.025983796478846133,0.02729319227047458,0.03280029197533926,0.005949441152505397,-0.027961107400747476
10,V04→V02,V04,V02,full_vs_condition0,condition0,NoCond,D2-007,-0.008740649179176052,-2.228865540689893,0.002965846547374029,-0.0026280780633290562,-0.008740649179176052,-0.009189702294490953,-0.023564760331754336
10,V04→V02,V04,V02,full_vs_condition0,condition0,NoCond,D2-008,0.0011848868831755566,0.30214615520976695,0.004514755710722906,0.0011848868831755566,-0.005328907380028364,0.009921609172745344,-0.007031363627267251
10,V04→V02,V04,V02,full_vs_condition0,condition0,NoCond,D2-009,-0.007811577423759125,-1.991952243058577,-0.007811577423759125,0.0201471596011433,-0.016012633462315018,0.0018545842689016434,-0.028719432867955474
10,V04→V02,V04,V02,full_vs_condition0,condition0,NoCond,D2-010,-0.004148457272380002,-1.0578566044569004,-0.004148457272380002,-0.0033491304984279713,-0.010541186028835803,0.024377682337573925,-0.020625867972186962
10,V04→V02,V04,V02,full_vs_condition0,condition0,NoCond,D2-011,-0.0013312828924619824,-0.3394771375778055,-0.0013312828924619824,-0.013377351065476745,0.005621050004706252,0.02088254633726494,-0.029244472018697037
10,V04→V02,V04,V02,full_vs_condition0,condition0,NoCond,D2-012,0.005441689816040873,1.3876309030904226,-0.00988318551427278,0.023423369973897934,0.003054203417820811,0.012733042717744142,0.005441689816040873
10,V04→V02,V04,V02,full_vs_condition0,condition0,NoCond,D2-013,-0.02887995171346769,-7.36438768693426,-0.010102086302022695,-0.02887995171346769,-0.035406206159931175,-0.001353818682295782,-0.0398214796085411
10,V04→V02,V04,V02,full_vs_condition0,condition0,NoCond,D2-014,0.024607413896807928,6.274890543686022,0.017863348126411438,0.05286685846470021,0.012965022413818916,0.024607413896807928,0.05641380393946613
10,V04→V02,V04,V02,full_vs_condition0,condition0,NoCond,D2-015,0.0101237975888782,2.581568385163941,0.01673725909656948,0.0018749352958467164,0.014484893530607224,0.0101237975888782,-0.04384998894400066
10,V04→V02,V04,V02,full_vs_condition0,condition0,NoCond,D2-016,-0.03841532678121612,-9.79590832921011,-0.00800268210115887,-0.03841532678121612,-0.06912571120829808,-0.012046361608164635,-0.04636901155823753
10,V04→V02,V04,V02,full_vs_condition0,condition0,NoCond,D2-017,0.0014139939513471422,0.3605684575935213,-0.004897974845435887,0.007609935684336544,-0.017690892434782446,0.014773196644253223,0.0014139939513471422
10,V04→V02,V04,V02,full_vs_condition0,condition0,NoCond,D2-018,0.006876872438523501,1.7536024718234928,-0.024792201610075115,-0.015222503596709847,0.0215717326435778,0.024646015009946287,0.006876872438523501
10,V04→V02,V04,V02,full_vs_condition0,condition0,NoCond,D2-019,0.007485524440805108,1.9088087324053025,0.04573973237226407,0.03670855363210043,-0.0009674609949191226,-0.06316248389581838,0.007485524440805108
10,V04→V02,V04,V02,full_vs_condition0,condition0,NoCond,D2-020,0.005712486493090779,1.4566840557381486,0.0059276052440206395,0.003743428736925125,0.011410217111309379,0.005712486493090779,-0.05084782155851522
10,V04→V02,V04,V02,full_vs_condition0,condition0,NoCond,D2-021,-0.018219289680321993,-4.645918868482108,-0.02672919713788563,0.001618891954421997,-0.02449387808640799,0.00767102589209874,-0.018219289680321993
10,V04→V02,V04,V02,full_vs_condition0,condition0,NoCond,D2-022,0.019610698024431883,5.00072799623013,0.019610698024431883,0.006133757531642914,0.05235016345977783,0.06800016760826112,-0.05898568282524744
10,V04→V02,V04,V02,full_vs_condition0,condition0,NoCond,D2-023,-0.025392211145824878,-6.475013842185344,-0.025392211145824878,0.05338062842686972,0.0221805837419298,-0.025572485393948033,-0.027115649647182882
10,V04→V02,V04,V02,full_vs_condition0,condition0,NoCond,D2-024,-0.02514792551045064,-6.412721005164913,0.03576707881357938,-0.03842833638191223,-0.02514792551045064,0.02965386239466844,-0.027056476032292442
10,V04→V02,V04,V02,full_vs_condition0,condition0,NoCond,D2-025,-0.0033623460857641063,-0.8573982518698471,-0.028815970179580513,0.003139456822758624,-0.01301187040313842,0.01615724068075891,-0.0033623460857641063
10,V04→V02,V04,V02,full_vs_condition0,condition0,NoCond,D2-026,-0.01300343746940294,-3.31587655469775,-0.023890748102631837,0.01769005983240074,-0.01300343746940294,0.0052042301330301605,-0.019069407342208772
10,V04→V02,V04,V02,full_vs_condition0,condition0,NoCond,D2-027,-0.00101045829554397,-0.25766686536371236,-0.04660994124909243,-0.00101045829554397,0.006591799668967724,-0.02083000106116137,0.0012896310848494186
10,V04→V02,V04,V02,full_vs_condition0,condition0,NoCond,D2-028,0.016889871585936744,4.30691725441387,0.06756949779533206,0.016889871585936744,-0.025859904431161457,0.008823377035913016,0.03009349391573951
10,V04→V02,V04,V02,full_vs_condition0,condition0,NoCond,D2-029,-0.021902575379326217,-5.585156721728185,-0.004746404432115103,0.04272604840142388,-0.021902575379326217,-0.023971449761163638,-0.0490142238282022
10,V04→V02,V04,V02,full_vs_condition0,condition0,NoCond,D2-030,-0.03446759636043217,-8.789237071910204,0.006705284439107395,-0.04903366889363975,-0.03446759636043217,0.00424732732516464,-0.054199255922789236
10,V04→V02,V04,V02,full_vs_condition0,condition0,NoCond,D2-031,-0.03932421871771416,-10.02767577301711,0.03980091710885367,-0.03932421871771416,0.036706831927100836,-0.0936977971966068,-0.08309733991821608
10,V04→V02,V04,V02,full_vs_condition0,condition0,NoCond,D2-032,-0.005513326989279851,-1.4058983822663622,-0.029477265973885836,0.05913889904816946,-0.014072633451885641,-0.005513326989279851,0.008473149604267538
10,V04→V02,V04,V02,full_vs_condition0,condition0,NoCond,D2-033,0.018804617737438134,4.795177523046724,0.02527641329695196,0.018804617737438134,-0.0157757478893972,0.010687928281578357,0.022247643885659252
10,V04→V02,V04,V02,full_vs_condition0,condition0,NoCond,D2-034,-0.006121040954266077,-1.5608654433378497,-0.03471351690866328,0.009834344740267148,-0.006121040954266077,-0.013793712228904548,0.03224213356957026
10,V04→V02,V04,V02,full_vs_condition0,condition0,NoCond,D2-035,0.012674920701531978,3.2321047788906543,-0.0023652770536481404,0.012674920701531978,0.012764661007070077,0.029921980189179576,-0.027798204217106104
10,V04→V02,V04,V02,full_vs_condition0,condition0,NoCond,D2-036,-0.03420427447241364,-8.722089990465479,0.0006601693616672399,-0.03420427447241364,-0.04766122793609445,-0.05143609355119144,-0.0254808162536585
10,V04→V02,V04,V02,full_vs_condition0,condition0,NoCond,D2-037,0.002498800969786108,0.6371942472954575,-0.004266343182987659,0.020304145912329374,0.02585778219832316,0.002498800969786108,-0.03707198426127434
10,V04→V02,V04,V02,full_vs_condition0,condition0,NoCond,D2-038,-0.0008909360648275411,-0.22718869653102297,-0.005400297945147153,-0.0008909360648275411,0.0031702504703053636,0.011718897434236764,-0.015328461052598163
10,V04→V02,V04,V02,full_vs_condition0,condition0,NoCond,D2-039,0.0037108348613535957,0.9462628896451669,-0.008189012193017514,0.01665346729166714,0.004784970279829021,-0.004780679389282505,0.0037108348613535957
10,V04→V02,V04,V02,full_vs_condition0,condition0,NoCond,D2-040,-0.0035410219370716756,-0.9029605939532772,-0.00689706191270037,0.0004713091284337667,-0.004614467271650685,-0.0035410219370716756,-0.002734263286446076
10,V04→V02,V04,V02,full_vs_condition0,condition0,NoCond,D2-041,-0.024445741644336105,-6.233664119305707,-0.07327457579473656,-0.024445741644336105,-0.006499054117335201,0.00022481671637958334,-0.03571171396308476
10,V04→V02,V04,V02,full_vs_condition0,condition0,NoCond,D2-042,-0.007842680315176653,-1.9998834803700465,-0.024000157912572234,-0.007842680315176653,-0.026631791392962123,0.02392976125702262,0.02298613811532657
10,V04→V02,V04,V02,full_vs_condition0,condition0,NoCond,D2-043,0.0002304419392236967,0.05876269450204266,0.0019651472016617155,0.0002304419392236967,-0.0026221073887966184,-0.015462262348996267,0.01743523231535045
10,V04→V02,V04,V02,full_vs_condition0,condition0,NoCond,D2-044,0.013290214995906616,3.389004823956187,-6.555232817564982e-05,0.01613997652884422,0.013529346740948467,-0.003704999308518253,0.013290214995906616
10,V04→V02,V04,V02,full_vs_condition0,condition0,NoCond,D2-045,-0.03269799069191018,-8.337987626437096,-0.054743694958456796,-0.03269799069191018,-0.00524930930451345,-0.0546247184341937,0.0026121836221008887
10,V04→V02,V04,V02,full_vs_condition0,condition0,NoCond,D2-046,-0.030349160482486093,-7.739035923033954,-0.043385877211888635,-0.02424928024411202,-0.08777860005696617,-0.022140189508597058,-0.030349160482486093
10,V04→V02,V04,V02,full_vs_condition0,condition0,NoCond,D2-047,0.017493725261267495,4.460899941623211,-0.03354092512060616,0.024255043461772735,-0.017928501992833384,0.017493725261267495,0.019106706860018724
10,V04→V02,V04,V02,full_vs_condition0,condition0,NoCond,D2-048,-0.014811586766015905,-3.7769546253340556,-0.019585159208093395,0.010759977357728157,0.036445173834051436,-0.0250642079682577,-0.014811586766015905
10,V04→V02,V04,V02,full_vs_condition0,condition0,NoCond,D2-049,-0.02340172976255417,-5.967441089451313,-0.03856122576528126,-0.02340172976255417,-0.01704249779383342,-0.025021383331881628,0.03620956424209806
10,V04→V02,V04,V02,full_vs_condition0,condition0,NoCond,D2-050,0.007012045537733061,1.7880716121219304,0.009033922595207147,0.008578960482746062,0.007012045537733061,-0.013626515188000413,-0.01198989814241426
10,V04→V02,V04,V02,full_vs_condition0,condition0,NoCond,D2-051,0.00678342313338548,1.7297728990132974,0.00890537609274572,0.00678342313338548,-0.007156196695107669,0.009790242004853011,-0.006984209259733171
10,V04→V02,V04,V02,full_vs_condition0,condition0,NoCond,D2-052,0.00029320021470387314,0.07476605474948765,0.00029320021470387314,0.010016567785950267,0.042531157533327736,-0.01704531144715992,-0.030602119863033295
10,V04→V02,V04,V02,full_vs_condition0,condition0,NoCond,D2-053,0.04057431221008301,10.346449613571167,-0.04010278979937236,0.10328313708305357,0.04057431221008301,-0.028236726919809982,0.05645035455624262
10,V04→V02,V04,V02,full_vs_condition0,condition0,NoCond,D2-054,-0.016571442286173493,-4.2257177829742405,0.08249699572722119,0.03177836537361145,-0.13895607988039652,-0.03317037224769592,-0.016571442286173493
10,V04→V02,V04,V02,full_vs_condition0,condition0,NoCond,D2-055,0.010473970406585292,2.6708624536792493,-0.00017709599600895798,0.05286486579312219,0.01871416353517108,0.010473970406585292,0.008558356099658534
10,V04→V02,V04,V02,full_vs_condition0,condition0,NoCond,D2-056,-0.013854272663593292,-3.5328395292162895,-0.009582423294583947,-0.014869948849081993,-0.017678066777686283,-0.013854272663593292,0.004735143441292972
10,V04→V02,V04,V02,full_vs_condition0,condition0,NoCond,D2-057,-0.005124680241387292,-1.3067934615537593,-0.03440420934017385,0.005453611997997043,-0.02935353520454148,0.017559185770212482,-0.005124680241387292
10,V04→V02,V04,V02,full_vs_condition0,condition0,NoCond,D2-058,-0.012789028577315509,-3.261202287215455,-0.006979231842053291,0.040705703389950304,-0.059648739794890104,-0.017351532402711034,-0.012789028577315509
10,V04→V02,V04,V02,full_vs_condition0,condition0,NoCond,D2-059,0.00787061935773603,2.0070079362226876,0.024025477441372678,-0.0006089621120028976,-0.009033439556757644,0.012094461090034897,0.00787061935773603
10,V04→V02,V04,V02,full_vs_condition0,condition0,NoCond,D2-060,-0.014706364033198138,-3.7501228284655252,-0.014706364033198138,0.014256609208656096,-0.02327740357981789,-0.0033518519967493388,-0.026762861645582947
10,V04→V02,V04,V02,full_vs_condition0,condition0,NoCond,D2-061,-0.04063404682609767,-10.361681940654906,-0.054317407310009,-0.025024851163228362,-0.06992162764072418,-0.008549911280473055,-0.04063404682609767
10,V04→V02,V04,V02,full_vs_condition0,condition0,NoCond,D2-062,0.02003132480268295,5.107987824684153,0.024128825761950926,0.027642292376512126,0.02003132480268295,-0.012721064906471818,0.013692249997686104
10,V04→V02,V04,V02,full_vs_condition0,condition0,NoCond,D2-063,-0.0020885791939993514,-0.5325876944698347,-0.01844031224027276,-0.015674153187622636,0.012048731558024883,-0.0020885791939993514,0.02560728823300451
10,V04→V02,V04,V02,full_vs_condition0,condition0,NoCond,D2-064,-0.006581372197936558,-1.6782499104738222,-0.006581372197936558,-0.04869090780323626,-0.002477832868987437,0.0011134425214692628,-0.0097713017580556
10,V04→V02,V04,V02,full_vs_condition0,condition0,NoCond,D2-065,0.026709955599572927,6.811038677891096,0.026709955599572927,0.03881892120396649,-0.036449856504246037,0.051999402542908996,-0.012107791172133536
10,V04→V02,V04,V02,full_vs_condition0,condition0,NoCond,D2-066,-0.011232645729103596,-2.864324660921417,-0.01824329602154523,-0.011232645729103596,-0.015178360347006759,0.014265946523697504,0.03670221147639258
10,V04→V02,V04,V02,full_vs_condition0,condition0,NoCond,D2-067,-0.011037665660734525,-2.814604743487304,-0.016715451523109714,0.005278751805976589,-0.011037665660734525,0.010508274038632706,-0.020209935252313252
10,V04→V02,V04,V02,full_vs_condition0,condition0,NoCond,D2-068,0.022240789891738028,5.671401422393197,0.03868828100773197,0.0219359294925299,0.048638440616842776,-0.0020236464915797114,0.022240789891738028
10,V04→V02,V04,V02,full_vs_condition0,condition0,NoCond,D2-069,-0.003659106436229881,-0.9330721412386196,-0.007462655504544585,0.018063233721823918,-0.003659106436229881,-0.05857429759843008,0.018551094191414985
10,V04→V02,V04,V02,full_vs_condition0,condition0,NoCond,D2-070,-0.006021559238433838,-1.5354976058006287,-0.02140488227208455,-0.004407505194346115,-0.03103628754615785,0.007767637570699065,-0.006021559238433838
10,V04→V02,V04,V02,full_vs_condition0,condition0,NoCond,D2-071,0.0003894263602517295,0.09930372186419102,-0.026848418845070735,0.0003894263602517295,0.022642806275851204,-0.003137239634438807,0.01708781422564276
10,V04→V02,V04,V02,full_vs_condition0,condition0,NoCond,D2-072,0.02087487777074179,5.323093831539157,0.02087487777074179,0.04481195658445358,0.04575056085983914,-0.033330127596855164,-0.07180497298638028
10,V04→V02,V04,V02,full_vs_condition0,condition0,NoCond,D2-073,-0.014380207178236404,-3.666952830450283,-0.014380207178236404,-0.0009783775299445074,-0.015779870080536773,0.004630183608367533,-0.01929517501387107
10,V04→V02,V04,V02,full_vs_condition0,condition0,NoCond,D2-074,0.0065356134264557275,1.6665814237462104,-0.04427053310253001,0.0065356134264557275,0.018191082610024334,0.023560149802102,-0.010582066244549215
10,V04→V02,V04,V02,full_vs_condition0,condition0,NoCond,D2-075,0.011838380247354507,3.0187869630753994,-0.02817532978951931,0.012248016893863678,0.011838380247354507,0.021122131496667862,-0.019449446971217782
10,V04→V02,V04,V02,full_vs_condition0,condition0,NoCond,D2-076,-0.0046318505925160985,-1.1811219010916052,-0.031696179398783934,-0.003349440793196351,-0.003342190826380695,-0.029271768199072935,-0.0046318505925160985
10,V04→V02,V04,V02,full_vs_condition0,condition0,NoCond,D2-077,-0.014831591397523866,-3.782055806368586,-0.014831591397523866,0.04822028055787088,0.02733095859487851,-0.02103337148825328,-0.03452139347791672
10,V04→V02,V04,V02,full_vs_condition0,condition0,NoCond,D2-078,-0.004470499025450797,-1.1399772514899533,-0.014521958927313491,-0.023051812416977346,0.03509436299403507,-0.004470499025450797,0.015304864280753672
10,V04→V02,V04,V02,full_vs_condition0,condition0,NoCond,D2-079,-0.0042829825070457295,-1.092160539296661,-0.0042829825070457295,-0.011155879907849914,-0.006052689059920929,0.00966496398483499,0.0027965764258650605
10,V04→V02,V04,V02,full_vs_condition0,condition0,NoCond,D2-080,0.014174013872418484,3.6143735374667134,-0.02237460311306151,0.029107393991006036,0.03300859060203819,0.014174013872418484,-0.00773194432258606
10,V04→V02,V04,V02,full_vs_condition0,condition0,NoCond,D2-081,-0.0016425471930276991,-0.4188495342220633,-0.00862093766530353,0.06966568529605863,-0.0016425471930276991,0.036250151339031395,-0.00820895532766977
10,V04→V02,V04,V02,full_vs_condition0,condition0,NoCond,D2-082,-0.027234228948752104,-6.944728381931786,-0.03529272437618486,-0.032954211885991846,-0.027234228948752104,-0.02278090294515872,-0.009986457006450289
10,V04→V02,V04,V02,full_vs_condition0,condition0,NoCond,D2-083,-0.006376417619841451,-1.62598649305957,-0.018104995290438353,-0.035398336748282105,0.04146925395443324,-0.006376417619841451,-0.0050237384580430755
10,V04→V02,V04,V02,full_vs_condition0,condition0,NoCond,D2-084,-0.006086672445581781,-1.5521014736233543,0.0020337022530535764,-0.006086672445581781,-0.007513328499737237,-0.047842872473189496,-0.0001398509068946674
10,V04→V02,V04,V02,full_vs_condition0,condition0,NoCond,D2-085,0.033380640896432334,8.512063428590245,0.024957839145579114,0.024743693908958725,0.033380640896432334,0.035292417191984976,0.042417042860479065
10,V04→V02,V04,V02,full_vs_condition0,condition0,NoCond,D2-086,-0.008082285678635032,-2.060982848051933,-0.004371281713247299,-0.04923044331371784,0.004718043996642024,-0.008082285678635032,-0.050961718894541264
10,V04→V02,V04,V02,full_vs_condition0,condition0,NoCond,D2-087,0.022961592177550005,5.855206005275251,-0.02115954011678696,0.027613618969917292,0.022961592177550005,0.028138042986392983,-0.0017038886745770893
10,V04→V02,V04,V02,full_vs_condition0,condition0,NoCond,D2-088,0.015148000584708332,3.862740149100625,-0.04140332010057238,0.015148000584708332,-0.007142308685514659,0.03223117192586264,0.017600311173333077
10,V04→V02,V04,V02,full_vs_condition0,condition0,NoCond,D2-089,-0.0035601510178475126,-0.9078385095511157,-0.019794215403851984,0.007949041113966993,0.057472242131119705,-0.017697025622640333,-0.0035601510178475126
10,V04→V02,V04,V02,full_vs_condition0,condition0,NoCond,D2-090,-0.0022760352167563586,-0.5803889802728714,0.006996925968008161,-0.0022760352167563586,0.01129860994525446,-0.008742227529486016,-0.012298125869188534
10,V04→V02,V04,V02,full_vs_condition0,condition0,NoCond,D2-091,-0.036037132392326976,-9.189468760043379,-0.05867547293504077,-0.028443229943513865,-0.03612273236115773,0.00788850734631219,-0.036037132392326976
10,V04→V02,V04,V02,full_vs_condition0,condition0,NoCond,D2-092,0.008038575761020184,2.049836819060147,-0.037301754312855845,0.009698337032681414,0.008038575761020184,0.011124165994780416,-0.0027907499600024477
10,V04→V02,V04,V02,full_vs_condition0,condition0,NoCond,D2-093,0.01683512623838293,4.292957190787647,0.03970502064056028,-0.003873878302491779,0.016903583959835322,0.01683512623838293,0.012864789039623431
10,V04→V02,V04,V02,full_vs_condition0,condition0,NoCond,D2-094,0.014981653108153248,3.8203215425790784,-0.0011534077772336615,-0.005391858113828529,0.0198931835173059,0.04283365162537081,0.014981653108153248
10,V04→V02,V04,V02,full_vs_condition0,condition0,NoCond,D2-095,-0.018621112185495878,-4.748383607301449,-0.024880291273196548,-0.010888822376728058,-0.02380101258556047,-0.018621112185495878,-0.0016667840105515919
10,V04→V02,V04,V02,full_vs_condition0,condition0,NoCond,D2-096,-0.0024015545845031683,-0.6123964190483079,-0.0027760667105515557,0.029446092154830683,-0.036261678238709794,0.0019604727625846807,-0.0024015545845031683
10,V04→V02,V04,V02,full_vs_condition0,condition0,NoCond,D2-097,-0.026192170602303964,-6.679003503587511,0.0017725320325957389,-0.031682203765268674,-0.04235645852707051,-0.011806577444076538,-0.026192170602303964
10,V04→V02,V04,V02,full_vs_condition0,condition0,NoCond,D2-098,-0.007784444185202577,-1.985033267226657,-0.041202053231628316,0.018191551887675322,0.004492874861809243,-0.007784444185202577,-0.017163861542940154
10,V04→V02,V04,V02,full_vs_condition0,condition0,NoCond,D2-099,-0.008395034603882523,-2.1407338239900433,-0.008395034603882523,-0.004734205972889191,-0.013020585547538766,-0.01903074072754901,0.03071049789803615
10,V04→V02,V04,V02,full_vs_condition0,condition0,NoCond,D2-100,-0.024613329105906995,-6.276398922006283,0.02017431457837421,0.011563912034034729,-0.04048852084411514,-0.024613329105906995,-0.029953384564982505
10,V04→V02,V04,V02,full_vs_b_lite_ft,b_lite_ft,B-lite 同任务微调,D2-001,-0.02240544557571411,-5.713388621807098,-0.026480893294016525,-0.02240544557571411,-0.0006535748640696254,-0.017708122730255113,-0.027559250593185425
10,V04→V02,V04,V02,full_vs_b_lite_ft,b_lite_ft,B-lite 同任务微调,D2-002,0.06679696554229372,17.033226213284898,0.018187121266410464,0.08552248385690507,0.06679696554229372,0.07342961288633801,0.04519450593562355
10,V04→V02,V04,V02,full_vs_b_lite_ft,b_lite_ft,B-lite 同任务微调,D2-003,-0.030058743180455427,-7.664979511016134,-0.05155393880632547,-0.030058743180455427,-0.019344015541981452,-0.030615514454742254,0.021048179718556714
10,V04→V02,V04,V02,full_vs_b_lite_ft,b_lite_ft,B-lite 同任务微调,D2-004,0.1291655809791,32.9372231496705,0.12292365674619324,0.1291655809791,0.14191689162894533,0.14959811846967094,0.11282923279537097
10,V04→V02,V04,V02,full_vs_b_lite_ft,b_lite_ft,B-lite 同任务微调,D2-005,-0.10522196670213055,-26.83160150904329,-0.0852245165696067,-0.08248859371549339,-0.11415580908457434,-0.1082363407658313,-0.10522196670213055
10,V04→V02,V04,V02,full_vs_b_lite_ft,b_lite_ft,B-lite 同任务微调,D2-006,-0.049356461335451185,-12.585897640540052,-0.06324475258588791,-0.041527694234481216,-0.011871604774242789,-0.049356461335451185,-0.05835024668620184
10,V04→V02,V04,V02,full_vs_b_lite_ft,b_lite_ft,B-lite 同任务微调,D2-007,0.15220928302517645,38.81336717141999,0.16269517331211658,0.15220928302517645,0.14941331578625572,0.16081017035025136,0.13632589468249567
10,V04→V02,V04,V02,full_vs_b_lite_ft,b_lite_ft,B-lite 同任务微调,D2-008,0.1683433671437559,42.92755862165775,0.15887770092203501,0.1683433671437559,0.1781364053132988,0.1828996885035719,0.15106337570718356
10,V04→V02,V04,V02,full_vs_b_lite_ft,b_lite_ft,B-lite 同任务微调,D2-009,0.037286062171493745,9.507945853730904,0.037286062171493745,0.04542893203704251,0.02101133245488873,0.05039699381028398,0.02521153534020204
10,V04→V02,V04,V02,full_vs_b_lite_ft,b_lite_ft,B-lite 同任务微调,D2-010,0.024398589397177955,6.221640296280379,0.029105477765494686,0.024398589397177955,0.007168309507416759,0.031028532076115695,0.008578085724045253
10,V04→V02,V04,V02,full_vs_b_lite_ft,b_lite_ft,B-lite 同任务微调,D2-011,-0.016339189852728975,-4.166493412445888,-0.0265683875503865,-0.04201317849484358,-0.004916685887358385,0.021083885973150085,-0.016339189852728975
10,V04→V02,V04,V02,full_vs_b_lite_ft,b_lite_ft,B-lite 同任务微调,D2-012,0.021438307009446322,5.466768287408812,1.6908949384331073e-05,0.021438307009446322,0.04350521950385508,-0.0030057145616946834,0.029629398376131655
10,V04→V02,V04,V02,full_vs_b_lite_ft,b_lite_ft,B-lite 同任务微调,D2-013,0.011628249725002593,2.9652036798756614,0.011628249725002593,0.04823583481249527,0.036910200459113474,-0.04765421832768035,-0.003956612218078692
10,V04→V02,V04,V02,full_vs_b_lite_ft,b_lite_ft,B-lite 同任务微调,D2-014,0.046499821874830455,11.857454578081766,0.060655522677633494,0.046499821874830455,0.030937142946101975,0.02673579642066251,0.06997640817253678
10,V04→V02,V04,V02,full_vs_b_lite_ft,b_lite_ft,B-lite 同任务微调,D2-015,0.15151367709040642,38.63598765805364,0.16140814125537872,0.10516327453984155,0.15151367709040642,0.16519241117768818,0.1472026991347472
10,V04→V02,V04,V02,full_vs_b_lite_ft,b_lite_ft,B-lite 同任务微调,D2-016,-0.09346701257995196,-23.83408820788775,-0.06137328275612422,-0.09346701257995196,-0.1298114614827292,-0.08493121465047199,-0.12567484449772606
10,V04→V02,V04,V02,full_vs_b_lite_ft,b_lite_ft,B-lite 同任务微调,D2-017,0.06610708973473975,16.857307882358636,0.04756191828184658,0.07701758129729164,0.06752401010857689,0.06529336671034497,0.06610708973473975
10,V04→V02,V04,V02,full_vs_b_lite_ft,b_lite_ft,B-lite 同任务微调,D2-018,-0.028791576313475772,-7.341851959936322,-0.0588255257656177,-0.028791576313475772,-0.004620460379454822,-0.026406237855553627,-0.06084132091038756
10,V04→V02,V04,V02,full_vs_b_lite_ft,b_lite_ft,B-lite 同任务微调,D2-019,-0.004712473290661975,-1.2016806891188037,-0.004712473290661975,-0.013491733620564134,0.011030585194627462,-0.05582744752367336,0.0013430671145518713
10,V04→V02,V04,V02,full_vs_b_lite_ft,b_lite_ft,B-lite 同任务微调,D2-020,0.015252095336715399,3.889284310862427,0.03327738152196011,0.011811834449569375,0.015252095336715399,0.05291279327745238,-0.021275440541406454
10,V04→V02,V04,V02,full_vs_b_lite_ft,b_lite_ft,B-lite 同任务微调,D2-021,-0.009904882974094809,-2.525745158394176,-0.02149038182364571,-0.009904882974094809,0.023200756145848156,0.03437419401274787,-0.012903272277779043
10,V04→V02,V04,V02,full_vs_b_lite_ft,b_lite_ft,B-lite 同任务微调,D2-022,0.03697268913189569,9.428035728633402,-0.05775521943966547,0.03697268913189569,0.06240922957658768,0.06939475486675899,-0.01625660558541614
10,V04→V02,V04,V02,full_vs_b_lite_ft,b_lite_ft,B-lite 同任务微调,D2-023,0.14537651009029812,37.07101007302602,0.11429852909511987,0.18941344651910993,0.14537651009029812,0.11973063482178584,0.19394577542940772
10,V04→V02,V04,V02,full_vs_b_lite_ft,b_lite_ft,B-lite 同任务微调,D2-024,0.05922810057247124,15.103165645980168,0.05104472005256905,0.05922810057247124,-0.002276920472030264,0.08042403379524193,0.06673533690196493
10,V04→V02,V04,V02,full_vs_b_lite_ft,b_lite_ft,B-lite 同任务微调,D2-025,0.08769504489406707,22.362236447987105,0.02379106233517328,0.07718902802656569,0.10268717105426486,0.09040746335235852,0.08769504489406707
10,V04→V02,V04,V02,full_vs_b_lite_ft,b_lite_ft,B-lite 同任务微调,D2-026,0.06568708208700019,16.75020593218505,0.05077007071425518,0.06568708208700019,0.0803612487183677,0.10222569294273855,0.053291555287109466
10,V04→V02,V04,V02,full_vs_b_lite_ft,b_lite_ft,B-lite 同任务微调,D2-027,-0.006901324726641178,-1.7598378052935004,-0.06852206060041985,-0.008740834891796112,-0.006901324726641178,0.003940175287425518,0.011294658451030642
10,V04→V02,V04,V02,full_vs_b_lite_ft,b_lite_ft,B-lite 同任务微调,D2-028,0.15150516941433864,38.63381820065636,0.23234727978706363,0.13632466608569732,0.13226628871191115,0.15150516941433864,0.20315694454170408
10,V04→V02,V04,V02,full_vs_b_lite_ft,b_lite_ft,B-lite 同任务微调,D2-029,0.05810869165829252,14.817716372864593,0.016202916701634734,0.05810869165829252,0.005612379028683612,0.07641429489567167,0.07370901107788089
10,V04→V02,V04,V02,full_vs_b_lite_ft,b_lite_ft,B-lite 同任务微调,D2-030,-0.01757261878059757,-4.48101778905238,-0.06910369168686609,-0.01757261878059757,-0.009590558307145225,0.01316583044426417,-0.06666771058113347
10,V04→V02,V04,V02,full_vs_b_lite_ft,b_lite_ft,B-lite 同任务微调,D2-031,0.034281449392437935,8.741769595071673,-0.0005981301267941885,0.034281449392437935,0.0388533640652895,0.036210691556334496,-0.008665917441248894
10,V04→V02,V04,V02,full_vs_b_lite_ft,b_lite_ft,B-lite 同任务微调,D2-032,0.054736146703362465,13.957717409357429,0.005928873601886986,0.07448075421982342,0.054736146703362465,0.05451295359267129,0.06464076911409694
10,V04→V02,V04,V02,full_vs_b_lite_ft,b_lite_ft,B-lite 同任务微调,D2-033,0.01681800712557402,4.288591817021375,-0.00948498471110476,0.012138959239510916,0.01681800712557402,0.05794583582410623,0.048773923779235145
10,V04→V02,V04,V02,full_vs_b_lite_ft,b_lite_ft,B-lite 同任务微调,D2-034,-0.01968624764754448,-5.019993150123843,-0.08078166566513204,-0.01968624764754448,0.012661242834579783,-0.03988720660592304,0.029194635281592246
10,V04→V02,V04,V02,full_vs_b_lite_ft,b_lite_ft,B-lite 同任务微调,D2-035,-0.041165587957948446,-10.497224929276854,-0.02285508047388768,-0.060158657671142646,-0.041165587957948446,-0.03927516108078338,-0.07948227542182129
10,V04→V02,V04,V02,full_vs_b_lite_ft,b_lite_ft,B-lite 同任务微调,D2-036,-0.01319531086042075,-3.3648042694072915,-0.020521291616288073,-0.0060025458647445795,-0.0015089292869422954,-0.03446695417391532,-0.01319531086042075
10,V04→V02,V04,V02,full_vs_b_lite_ft,b_lite_ft,B-lite 同任务微调,D2-037,0.013130351901054382,3.3482397347688675,0.013130351901054382,0.006392717361450195,0.06501669519477421,0.04061083495616913,0.011034780906306357
10,V04→V02,V04,V02,full_vs_b_lite_ft,b_lite_ft,B-lite 同任务微调,D2-038,0.033672704621478255,8.586539678476955,-0.0019376565878455598,0.03943681052407705,0.033672704621478255,0.03810955087343851,0.026588851267153074
10,V04→V02,V04,V02,full_vs_b_lite_ft,b_lite_ft,B-lite 同任务微调,D2-039,0.013888630648086098,3.5416008152619547,0.018050122454210588,0.009522757458466091,0.008791868793375707,0.013888630648086098,0.03447748067570322
10,V04→V02,V04,V02,full_vs_b_lite_ft,b_lite_ft,B-lite 同任务微调,D2-040,-0.01795956552630723,-4.579689209208344,-0.03403991235025,-0.008048235165952405,-0.013256435894002827,-0.01795956552630723,-0.028118206395043255
10,V04→V02,V04,V02,full_vs_b_lite_ft,b_lite_ft,B-lite 同任务微调,D2-041,0.055406732588178575,14.128716809985537,0.02964231309791404,0.055406732588178575,0.07922057600484955,0.03448696848418978,0.0723721765809589
10,V04→V02,V04,V02,full_vs_b_lite_ft,b_lite_ft,B-lite 同任务微调,D2-042,0.03385241354505222,8.632365453988317,0.014185635497172666,0.03385241354505222,0.01602564305067064,0.05584286491697035,0.04476243207852046
10,V04→V02,V04,V02,full_vs_b_lite_ft,b_lite_ft,B-lite 同任务微调,D2-043,0.05227338136346252,13.329712247682941,0.05227338136346252,0.06754869891813507,0.04491300687745767,0.046753225365170736,0.06471715212144234
10,V04→V02,V04,V02,full_vs_b_lite_ft,b_lite_ft,B-lite 同任务微调,D2-044,0.029697531410227962,7.57287050960813,0.02951407970148856,0.028786286741979722,0.04616384577702701,0.029697531410227962,0.04149721344796624
10,V04→V02,V04,V02,full_vs_b_lite_ft,b_lite_ft,B-lite 同任务微调,D2-045,0.00010171650271664778,0.025937708192745185,-0.032503488522611174,0.032537837136994346,0.00010171650271664778,0.00043648388236761093,-0.0010275550578769943
10,V04→V02,V04,V02,full_vs_b_lite_ft,b_lite_ft,B-lite 同任务微调,D2-046,-0.0908216565847397,-23.159522429108623,-0.09585022081931431,-0.050103847434123355,-0.0908216565847397,-0.07260089069604873,-0.10198461785912513
10,V04→V02,V04,V02,full_vs_b_lite_ft,b_lite_ft,B-lite 同任务微调,D2-047,0.0076417191063656575,1.9486383721232428,-0.014172130355647988,-0.0034572695400200693,0.0076417191063656575,0.038031130006500324,0.02964189487929439
10,V04→V02,V04,V02,full_vs_b_lite_ft,b_lite_ft,B-lite 同任务微调,D2-048,0.06750461849428357,17.213677716042312,0.047216807625123425,0.08069725121770585,0.07936954178980421,0.030697697152694103,0.06750461849428357
10,V04→V02,V04,V02,full_vs_b_lite_ft,b_lite_ft,B-lite 同任务微调,D2-049,0.05158675379223293,13.154622217019398,0.019615452322694987,0.05185065625442399,0.042934519549210876,0.05158675379223293,0.06339698781569797
10,V04→V02,V04,V02,full_vs_b_lite_ft,b_lite_ft,B-lite 同任务微调,D2-050,0.02153734665251139,5.492023396390405,0.010432129669370072,0.019935218739614943,0.02153734665251139,0.037068315762838325,0.024106982493340354
10,V04→V02,V04,V02,full_vs_b_lite_ft,b_lite_ft,B-lite 同任务微调,D2-051,0.05417838964897853,13.815489360489526,0.04832553930389577,0.06921724000802407,0.060487850354268013,0.05417838964897853,0.03608946712353292
10,V04→V02,V04,V02,full_vs_b_lite_ft,b_lite_ft,B-lite 同任务微调,D2-052,0.04649239342075352,11.855560322292147,0.027758676759606485,0.04649239342075352,0.06539393636379756,0.048888504048626796,-0.008685885033771101
10,V04→V02,V04,V02,full_vs_b_lite_ft,b_lite_ft,B-lite 同任务微调,D2-053,0.04582940538724264,11.686498373746872,-0.040936316053072616,0.05513306955496469,0.06831269959608714,0.0034935573736826486,0.04582940538724264
10,V04→V02,V04,V02,full_vs_b_lite_ft,b_lite_ft,B-lite 同任务微调,D2-054,-0.1366897722085317,-34.85589191317558,-0.13319644331932068,-0.10071521004041034,-0.17967765529950458,-0.1366897722085317,-0.2041684885819753
10,V04→V02,V04,V02,full_vs_b_lite_ft,b_lite_ft,B-lite 同任务微调,D2-055,0.10020736224121518,25.552877371509872,0.02520601120260027,0.1007727321651247,0.07001721743080352,0.10020736224121518,0.10057194663418663
10,V04→V02,V04,V02,full_vs_b_lite_ft,b_lite_ft,B-lite 同任务微调,D2-056,-0.0059206465052233925,-1.5097648588319652,-0.024554460930327565,-0.009860778382668911,0.013461350359850466,-0.0059206465052233925,0.01328832014567323
10,V04→V02,V04,V02,full_vs_b_lite_ft,b_lite_ft,B-lite 同任务微调,D2-057,-0.0067817097821948336,-1.7293359944596824,-0.04813467749558831,0.019892793112233575,-0.031951684358657584,-0.0067817097821948336,0.009133862824562688
10,V04→V02,V04,V02,full_vs_b_lite_ft,b_lite_ft,B-lite 同任务微调,D2-058,-0.1025511093246631,-26.150532877789093,-0.1207874805117265,-0.06422441223492989,-0.06009347450274688,-0.1025511093246631,-0.12061885572396794
10,V04→V02,V04,V02,full_vs_b_lite_ft,b_lite_ft,B-lite 同任务微调,D2-059,-0.020998793812813582,-5.354692422267464,0.010334013678409415,-0.04362050918517288,-0.045850028759903405,-0.016042246697125617,-0.020998793812813582
10,V04→V02,V04,V02,full_vs_b_lite_ft,b_lite_ft,B-lite 同任务微调,D2-060,-0.009961325073181981,-2.5401378936614054,-0.04017201720765143,0.01533198492093521,-0.0196055161832559,-0.009961325073181981,0.0029180205681107185
10,V04→V02,V04,V02,full_vs_b_lite_ft,b_lite_ft,B-lite 同任务微调,D2-061,0.03046316901842755,7.768108099699025,0.01753311521477169,0.0355413452618652,0.003441154956817627,0.03046316901842755,0.038175325426790474
10,V04→V02,V04,V02,full_vs_b_lite_ft,b_lite_ft,B-lite 同任务微调,D2-062,0.12223178864671633,31.169106104912665,0.12223178864671633,0.1303507924461976,0.15230846096976447,0.11230596551337303,0.09871372236655307
10,V04→V02,V04,V02,full_vs_b_lite_ft,b_lite_ft,B-lite 同任务微调,D2-063,0.022639062566061824,5.772960954345765,0.012728650937788188,0.022639062566061824,0.03240862977690995,0.0213219087260465,0.03397801099345088
10,V04→V02,V04,V02,full_vs_b_lite_ft,b_lite_ft,B-lite 同任务微调,D2-064,0.000923290556552353,0.23543909192085002,0.000923290556552353,-0.035790616390751845,0.014815046798949141,0.04317616364535164,-0.02504675499364442
10,V04→V02,V04,V02,full_vs_b_lite_ft,b_lite_ft,B-lite 同任务微调,D2-065,0.02023620061852313,5.160231157723398,0.06557674305858438,0.02023620061852313,0.01775810067300443,0.03762175915417848,0.0003338830062636633
10,V04→V02,V04,V02,full_vs_b_lite_ft,b_lite_ft,B-lite 同任务微调,D2-066,0.01645036162556829,4.194842214519913,0.03856274037546403,-0.0067354331447466165,0.01645036162556829,-0.0016803791293421577,0.05082871489696672
10,V04→V02,V04,V02,full_vs_b_lite_ft,b_lite_ft,B-lite 同任务微调,D2-067,-0.010524129150090406,-2.6836529332730534,-0.010524129150090406,-0.039640128336570865,0.001456940063723794,-0.0030897276269064994,-0.011919872904265355
10,V04→V02,V04,V02,full_vs_b_lite_ft,b_lite_ft,B-lite 同任务微调,D2-068,0.0055308465897623005,1.4103658803893866,0.0076780110701090976,-0.02290205644547111,0.025007678609755307,0.0055308465897623005,0.000537061805112482
10,V04→V02,V04,V02,full_vs_b_lite_ft,b_lite_ft,B-lite 同任务微调,D2-069,-0.03931661375931331,-10.025736508624894,-0.07399936800911312,-0.01652879196973074,-0.04993207362436111,-0.03931661375931331,-0.003113938229424601
10,V04→V02,V04,V02,full_vs_b_lite_ft,b_lite_ft,B-lite 同任务微调,D2-070,0.09810769557952881,25.017462372779846,0.02186402678489685,0.1903136968612671,0.06695484121640521,0.09810769557952881,0.15820661187171933
10,V04→V02,V04,V02,full_vs_b_lite_ft,b_lite_ft,B-lite 同任务微调,D2-071,0.1300355646483324,33.159068985324765,0.07635934085205749,0.1300355646483324,0.13070174648116034,0.15566742406399162,0.12340308360203549
10,V04→V02,V04,V02,full_vs_b_lite_ft,b_lite_ft,B-lite 同任务微调,D2-072,0.17713405936956406,45.169185139238834,0.20666529486576715,0.23469111323356628,0.17263902475436527,0.17713405936956406,0.14098399132490158
10,V04→V02,V04,V02,full_vs_b_lite_ft,b_lite_ft,B-lite 同任务微调,D2-073,-0.04660436099973214,-11.884112054931697,-0.04660436099973214,0.030215521739132112,-0.07139949920191163,-0.06479969046924305,-0.027376133820106285
10,V04→V02,V04,V02,full_vs_b_lite_ft,b_lite_ft,B-lite 同任务微调,D2-074,0.08582182338944186,21.884564964307675,0.04269369139715479,0.08707616519596842,0.08582182338944186,0.11638648062944415,0.06298497967697955
10,V04→V02,V04,V02,full_vs_b_lite_ft,b_lite_ft,B-lite 同任务微调,D2-075,0.06681753539790711,17.038471526466314,0.06571097951382399,0.07367409269014993,0.05358499598999819,0.0917581751321753,0.06681753539790711
10,V04→V02,V04,V02,full_vs_b_lite_ft,b_lite_ft,B-lite 同任务微调,D2-076,0.06392208169455882,16.300130832112497,0.03859049799265685,0.08805849099600756,0.06392208169455882,0.04977389149091861,0.07186964526772499
10,V04→V02,V04,V02,full_vs_b_lite_ft,b_lite_ft,B-lite 同任务微调,D2-077,0.004966742048660919,1.2665192224085342,0.0052474879970153265,0.004966742048660919,0.03495781185726325,-0.0028183472653230124,-0.041952772065997124
10,V04→V02,V04,V02,full_vs_b_lite_ft,b_lite_ft,B-lite 同任务微调,D2-078,0.05759713550408682,14.687269553542139,0.05759713550408682,0.04520922485325071,0.08780162119203144,0.047411616477701396,0.07624165051513247
10,V04→V02,V04,V02,full_vs_b_lite_ft,b_lite_ft,B-lite 同任务微调,D2-079,0.05555870999460635,14.16747104862462,0.05555870999460635,0.049828742185364594,0.05219743168656377,0.06068706026543744,0.056227523212631525
10,V04→V02,V04,V02,full_vs_b_lite_ft,b_lite_ft,B-lite 同任务微调,D2-080,-0.04889455659870515,-12.468111932669812,-0.04295709395879195,-0.05151034571361124,-0.020980352633877805,-0.06871902792338741,-0.04889455659870515
10,V04→V02,V04,V02,full_vs_b_lite_ft,b_lite_ft,B-lite 同任务微调,D2-081,0.05635817136083329,14.37133369701249,0.0058180774961199555,0.05635817136083329,-0.0062986867768424215,0.07314992376736232,0.06036367160933359
10,V04→V02,V04,V02,full_vs_b_lite_ft,b_lite_ft,B-lite 同任务微调,D2-082,-0.06272415934424652,-15.994660632782862,-0.07941366751727302,-0.058797982308948255,-0.0849690766710984,-0.04647359506864293,-0.06272415934424652
10,V04→V02,V04,V02,full_vs_b_lite_ft,b_lite_ft,B-lite 同任务微调,D2-083,0.11440212385995047,29.17254158428737,0.11440212385995047,0.11825975208055406,0.151915685406753,0.11162642957199187,0.10826538680564787
10,V04→V02,V04,V02,full_vs_b_lite_ft,b_lite_ft,B-lite 同任务微调,D2-084,-0.06543832757909383,-16.686773532668926,-0.06543832757909383,-0.07244580363233882,-0.08809613264609306,-0.06534979087744083,-0.05288571075514137
10,V04→V02,V04,V02,full_vs_b_lite_ft,b_lite_ft,B-lite 同任务微调,D2-085,0.03806213182256077,9.705843614752997,0.029656445268880227,0.03806213182256077,0.024338472408778733,0.05262506047658849,0.04599742653469244
10,V04→V02,V04,V02,full_vs_b_lite_ft,b_lite_ft,B-lite 同任务微调,D2-086,-0.005909151708086313,-1.50683368556201,0.00455548738439876,-0.05790716999520859,0.019615833181887865,-0.005909151708086313,-0.03555172154059014
10,V04→V02,V04,V02,full_vs_b_lite_ft,b_lite_ft,B-lite 同任务微调,D2-087,0.019288856287797307,4.918658353388313,0.00535591443379721,-0.020275371770064027,0.019288856287797307,0.04441910932461422,0.034969322383403764
10,V04→V02,V04,V02,full_vs_b_lite_ft,b_lite_ft,B-lite 同任务微调,D2-088,-0.11953074898984696,-30.480340992410976,-0.1500037130382326,-0.15192706717385185,-0.10636434621281095,-0.09517542686727311,-0.11953074898984696
10,V04→V02,V04,V02,full_vs_b_lite_ft,b_lite_ft,B-lite 同任务微调,D2-089,-0.05638607892961728,-14.378450127052407,-0.06628863353814396,-0.05638607892961728,-0.0031916045007251426,-0.06789401457423255,-0.05635327313627517
10,V04→V02,V04,V02,full_vs_b_lite_ft,b_lite_ft,B-lite 同任务微调,D2-090,0.0224559632344888,5.726270624794644,0.023087339762311726,0.00817296802042386,0.04293900737777735,0.0224559632344888,0.004821710001963853
10,V04→V02,V04,V02,full_vs_b_lite_ft,b_lite_ft,B-lite 同任务微调,D2-091,0.07722360417246818,19.692019063979387,0.07242892757058142,0.07776754796504973,0.07334508498509726,0.08774330218633014,0.07722360417246818
10,V04→V02,V04,V02,full_vs_b_lite_ft,b_lite_ft,B-lite 同任务微调,D2-092,0.02728408291226342,6.957441142627172,-0.03438215135108855,0.032608969225769946,0.02728408291226342,0.03451139958841459,0.026119294975485097
10,V04→V02,V04,V02,full_vs_b_lite_ft,b_lite_ft,B-lite 同任务微调,D2-093,-0.008843795070803268,-2.2551677430548334,-0.00860022182568787,-0.0093227823121034,0.007603654350207101,-0.008843795070803268,-0.045430255099767586
10,V04→V02,V04,V02,full_vs_b_lite_ft,b_lite_ft,B-lite 同任务微调,D2-094,0.08474840012978216,21.61084203309445,0.05582023813396461,0.0834865584507469,0.08495426964909994,0.08474840012978216,0.09023470866183439
10,V04→V02,V04,V02,full_vs_b_lite_ft,b_lite_ft,B-lite 同任务微调,D2-095,0.013584747634552141,3.464110646810796,-0.004050557122186382,0.0056358377138773785,0.013584747634552141,0.034514182695636025,0.030703653891881316
10,V04→V02,V04,V02,full_vs_b_lite_ft,b_lite_ft,B-lite 同任务微调,D2-096,0.02199072105189165,5.60763386823237,0.0033526072899500714,0.02199072105189165,0.0016271904110908286,0.03149067511161169,0.03447600764532882
10,V04→V02,V04,V02,full_vs_b_lite_ft,b_lite_ft,B-lite 同任务微调,D2-097,0.03633951699292219,9.266576833195158,0.024607450873763467,0.03633951699292219,0.024063250532856684,0.050367539679562603,0.04092486809801173
10,V04→V02,V04,V02,full_vs_b_lite_ft,b_lite_ft,B-lite 同任务微调,D2-098,-0.026538435042950143,-6.767300935952286,-0.0628938746818325,0.010474330369840579,-0.026538435042950143,-0.028791670997937516,-0.015768654186997508
10,V04→V02,V04,V02,full_vs_b_lite_ft,b_lite_ft,B-lite 同任务微调,D2-099,0.05920635773867802,15.097621223362896,0.05628726760978284,0.05920635773867802,0.07416771948877451,0.03807116872158603,0.08450066141676213
10,V04→V02,V04,V02,full_vs_b_lite_ft,b_lite_ft,B-lite 同任务微调,D2-100,0.0348356788357099,8.883098103106024,0.045872137778335154,0.03293370372719234,-0.010239252613650413,0.03825135363472834,0.0348356788357099
10,V04→V02,V04,V02,full_vs_freeuv_conserved,freeuv_conserved,FreeUV（已观测纹理保持）,D2-001,0.004781097173690796,1.219179779291153,0.0011531213919321603,0.004781097173690796,0.007016946872075394,-0.002509901920954377,0.005776405334472656
10,V04→V02,V04,V02,full_vs_freeuv_conserved,freeuv_conserved,FreeUV（已观测纹理保持）,D2-002,0.14707109119210923,37.50312825398785,0.13643056367124828,0.14760127876486095,0.14707109119210923,0.1631283164024353,0.14040187143144153
10,V04→V02,V04,V02,full_vs_freeuv_conserved,freeuv_conserved,FreeUV（已观测纹理保持）,D2-003,-0.017216435893698867,-4.390191152893211,-0.031570986148204916,-0.019921895619985253,-0.010946694006388258,-0.017216435893698867,0.032193968223558855
10,V04→V02,V04,V02,full_vs_freeuv_conserved,freeuv_conserved,FreeUV（已观测纹理保持）,D2-004,0.18076185468170378,46.09427294383446,0.19080669929583868,0.16339163068268034,0.19713465303734495,0.18076185468170378,0.16740143312900155
10,V04→V02,V04,V02,full_vs_freeuv_conserved,freeuv_conserved,FreeUV（已观测纹理保持）,D2-005,-0.012020576862938781,-3.065247100049389,-0.008762204316094202,0.010703288501889618,-0.012020576862938781,-0.03201996192326073,-0.020069266556792253
10,V04→V02,V04,V02,full_vs_freeuv_conserved,freeuv_conserved,FreeUV（已观测纹理保持）,D2-006,0.13333350964463672,34.000044959382365,0.12161781285435724,0.13547987290299854,0.15379556908439365,0.13333350964463672,0.11005365628844649
10,V04→V02,V04,V02,full_vs_freeuv_conserved,freeuv_conserved,FreeUV（已观测纹理保持）,D2-007,0.37040588066533764,94.4534995696611,0.37040588066533764,0.3659747499558661,0.3715714461825512,0.37368487897846436,0.3499407141848847
10,V04→V02,V04,V02,full_vs_freeuv_conserved,freeuv_conserved,FreeUV（已观测纹理保持）,D2-008,0.21392551173884716,54.551005493406024,0.21392551173884716,0.2159459346402732,0.21364400113031032,0.2276074665465525,0.19934230631897373
10,V04→V02,V04,V02,full_vs_freeuv_conserved,freeuv_conserved,FreeUV（已观测纹理保持）,D2-009,0.2415047489322614,61.58371097772665,0.24160175500572592,0.2616632162876751,0.2294246338415837,0.2415047489322614,0.22574942575200746
10,V04→V02,V04,V02,full_vs_freeuv_conserved,freeuv_conserved,FreeUV（已观测纹理保持）,D2-010,0.11821057063107399,30.143695510923866,0.12372970084349316,0.11821057063107399,0.10489374443012128,0.12516366427435596,0.09914922392835807
10,V04→V02,V04,V02,full_vs_freeuv_conserved,freeuv_conserved,FreeUV（已观测纹理保持）,D2-011,0.004308562612894834,1.0986834662881826,0.0010929292237217003,-0.022579946526975342,0.013297742176236554,0.02255075176556906,0.004308562612894834
10,V04→V02,V04,V02,full_vs_freeuv_conserved,freeuv_conserved,FreeUV（已观测纹理保持）,D2-012,0.08660330948157188,22.08384391780083,0.05919884613309151,0.08660330948157188,0.09848366075983414,0.06515192498381323,0.08836484203735986
10,V04→V02,V04,V02,full_vs_freeuv_conserved,freeuv_conserved,FreeUV（已观测纹理保持）,D2-013,0.01434547089466559,3.6580950781397257,0.01434547089466559,0.05187874247982582,0.026666668220539036,-0.02984891160951919,-0.00025120863589034315
10,V04→V02,V04,V02,full_vs_freeuv_conserved,freeuv_conserved,FreeUV（已观测纹理保持）,D2-014,0.2742702293175239,69.93890847596859,0.2706160937194471,0.27612800509841356,0.257657234315519,0.2742702293175239,0.2969139913717906
10,V04→V02,V04,V02,full_vs_freeuv_conserved,freeuv_conserved,FreeUV（已观测纹理保持）,D2-015,0.24652593789829147,62.864114164064326,0.25769930374291206,0.23830479176508051,0.2542397541304429,0.24652593789829147,0.2201569920612706
10,V04→V02,V04,V02,full_vs_freeuv_conserved,freeuv_conserved,FreeUV（已观测纹理保持）,D2-016,-0.09185921604789435,-23.42410009221306,-0.043847431295684386,-0.07642435894480773,-0.09362319848012354,-0.09185921604789435,-0.10714765345411639
10,V04→V02,V04,V02,full_vs_freeuv_conserved,freeuv_conserved,FreeUV（已观测纹理保持）,D2-017,0.09365673652953571,23.882467815031607,0.09223535781105358,0.09510113257500857,0.07165798751844299,0.09365673652953571,0.09807938130365476
10,V04→V02,V04,V02,full_vs_freeuv_conserved,freeuv_conserved,FreeUV（已观测纹理保持）,D2-018,-0.017374911345541477,-4.430602393113077,-0.04687639470729563,-0.017374911345541477,0.003354398119780763,-0.006494288436240614,-0.03184528710941473
10,V04→V02,V04,V02,full_vs_freeuv_conserved,freeuv_conserved,FreeUV（已观测纹理保持）,D2-019,-0.003870787099003792,-0.9870507102459669,0.029489154306550816,-0.003870787099003792,-0.011470819513003022,-0.05303120675186315,0.013667864724993706
10,V04→V02,V04,V02,full_vs_freeuv_conserved,freeuv_conserved,FreeUV（已观测纹理保持）,D2-020,0.13028490853806338,33.22265167720616,0.14567251255114874,0.12613380141556263,0.13028490853806338,0.14054986524085203,0.08428265278538069
10,V04→V02,V04,V02,full_vs_freeuv_conserved,freeuv_conserved,FreeUV（已观测纹理保持）,D2-021,0.1610347115331226,41.063851440946266,0.1497311054004563,0.1610347115331226,0.16485705061091316,0.190217992497815,0.14578359739647972
10,V04→V02,V04,V02,full_vs_freeuv_conserved,freeuv_conserved,FreeUV（已观测纹理保持）,D2-022,0.11334868023792902,28.903913460671898,0.035748712718486786,0.11334868023792902,0.1360226422548294,0.14610340694586438,0.04204124708970389
10,V04→V02,V04,V02,full_vs_freeuv_conserved,freeuv_conserved,FreeUV（已观测纹理保持）,D2-023,0.2811539967854818,71.69426918029787,0.19573203060362074,0.2811539967854818,0.28133904933929443,0.26695618364546037,0.2982127434677548
10,V04→V02,V04,V02,full_vs_freeuv_conserved,freeuv_conserved,FreeUV（已观测纹理保持）,D2-024,-0.00872496625891439,-2.2248663960231694,-0.0034826838031962737,-0.031214376704560398,-0.05029807225973515,0.0018359973198837642,-0.00872496625891439
10,V04→V02,V04,V02,full_vs_freeuv_conserved,freeuv_conserved,FreeUV（已观测纹理保持）,D2-025,0.009909270065171366,2.526863866618698,-0.019389019599036578,0.009909270065171366,0.008379789335387078,0.01993441433897092,0.018722245026202428
10,V04→V02,V04,V02,full_vs_freeuv_conserved,freeuv_conserved,FreeUV（已观测纹理保持）,D2-026,0.010725371746553303,2.734969795371092,0.007627228792342872,0.010725371746553303,0.013616356998682022,0.04098824390934573,0.009976856617463947
10,V04→V02,V04,V02,full_vs_freeuv_conserved,freeuv_conserved,FreeUV（已观测纹理保持）,D2-027,0.1840458158403635,46.93168303929269,0.13072310760617256,0.16551988696058592,0.18695974225799242,0.1840458158403635,0.20543423124278584
10,V04→V02,V04,V02,full_vs_freeuv_conserved,freeuv_conserved,FreeUV（已观测纹理保持）,D2-028,0.12369326679479506,31.54178303267274,0.19171512197880516,0.12047110285077772,0.10745816855203533,0.12369326679479506,0.18744957659925732
10,V04→V02,V04,V02,full_vs_freeuv_conserved,freeuv_conserved,FreeUV（已观测纹理保持）,D2-029,-0.03960956207343508,-10.100438328725945,-0.0574949461789358,-0.03960956207343508,-0.08067200368358973,-0.0064640442530314035,-0.019895232149532843
10,V04→V02,V04,V02,full_vs_freeuv_conserved,freeuv_conserved,FreeUV（已观测纹理保持）,D2-030,-0.10959342302333924,-27.94632287095151,-0.1334661058280417,-0.09713765870659585,-0.10959342302333924,-0.08630675898604495,-0.14352198157419443
10,V04→V02,V04,V02,full_vs_freeuv_conserved,freeuv_conserved,FreeUV（已观测纹理保持）,D2-031,0.10091045079752806,25.732164953369654,0.11143176273132366,0.1047396257830163,0.10091045079752806,0.0999854103041192,0.08030707094197473
10,V04→V02,V04,V02,full_vs_freeuv_conserved,freeuv_conserved,FreeUV（已观测纹理保持）,D2-032,0.09646156719989246,24.597699635972578,0.06829574745562342,0.12167245066828197,0.09646156719989246,0.09240559157398011,0.11173884363638029
10,V04→V02,V04,V02,full_vs_freeuv_conserved,freeuv_conserved,FreeUV（已观测纹理保持）,D2-033,-0.03009196874849937,-7.673452030867339,-0.03009196874849937,-0.055641438227658185,-0.04279601347504877,-0.02613802962735587,-0.013373214897571817
10,V04→V02,V04,V02,full_vs_freeuv_conserved,freeuv_conserved,FreeUV（已观测纹理保持）,D2-034,-0.029216898628223104,-7.450309150196891,-0.07762910931566616,-0.01795531156254404,-0.029216898628223104,-0.05936954777549816,-0.0009982657653314075
10,V04→V02,V04,V02,full_vs_freeuv_conserved,freeuv_conserved,FreeUV（已观测纹理保持）,D2-035,-0.048658458455916376,-12.407906906258676,-0.033680430127768446,-0.05927325552329421,-0.048658458455916376,-0.0324611095811731,-0.068022000067617
10,V04→V02,V04,V02,full_vs_freeuv_conserved,freeuv_conserved,FreeUV（已观测纹理保持）,D2-036,-0.07220889678732914,-18.41326868076893,-0.038584713118545916,-0.07220889678732914,-0.07353831308357642,-0.08250303684987806,-0.06833829555773377
10,V04→V02,V04,V02,full_vs_freeuv_conserved,freeuv_conserved,FreeUV（已观测纹理保持）,D2-037,-0.03579548001289368,-9.127847403287888,-0.03579548001289368,-0.07709971153073839,-0.02011278437243566,-0.02068288044797048,-0.05536555912759569
10,V04→V02,V04,V02,full_vs_freeuv_conserved,freeuv_conserved,FreeUV（已观测纹理保持）,D2-038,0.04707035506228069,12.002940540881575,0.04071665353871681,0.04374632796457223,0.05186048781012631,0.04707035506228069,0.05071238529037786
10,V04→V02,V04,V02,full_vs_freeuv_conserved,freeuv_conserved,FreeUV（已观测纹理保持）,D2-039,0.09648298134130459,24.603160242032672,0.08575081335449661,0.10361972283342002,0.07885442520089356,0.09648298134130459,0.10620962885886798
10,V04→V02,V04,V02,full_vs_freeuv_conserved,freeuv_conserved,FreeUV（已观测纹理保持）,D2-040,0.03306445939409913,8.431437145495279,0.025716834381749543,0.03605804201968091,0.038213906800280306,0.03306445939409913,0.02159697804223709
10,V04→V02,V04,V02,full_vs_freeuv_conserved,freeuv_conserved,FreeUV（已观测纹理保持）,D2-041,0.2769748717546463,70.6285922974348,0.2557720933109522,0.29191048101832473,0.30785674725969636,0.27122124450074303,0.2769748717546463
10,V04→V02,V04,V02,full_vs_freeuv_conserved,freeuv_conserved,FreeUV（已观测纹理保持）,D2-042,0.08462174236774445,21.578544303774834,0.08462174236774445,0.07518191883961362,0.06277251914143564,0.11172883128747346,0.10151510710517567
10,V04→V02,V04,V02,full_vs_freeuv_conserved,freeuv_conserved,FreeUV（已观测纹理保持）,D2-043,0.010618805436900358,2.7077953864095914,0.010618805436900358,0.01564774431150269,0.002685540079794546,0.005040263239708215,0.029181860973713572
10,V04→V02,V04,V02,full_vs_freeuv_conserved,freeuv_conserved,FreeUV（已观测纹理保持）,D2-044,0.1802245604888937,45.957262924667894,0.1802245604888937,0.16862163674540634,0.19291147710831183,0.17619963965522564,0.19228499105609043
10,V04→V02,V04,V02,full_vs_freeuv_conserved,freeuv_conserved,FreeUV（已观测纹理保持）,D2-045,-0.04282103491979733,-10.91936390454832,-0.062183007336499396,-0.02162020843018564,-0.03632839762589388,-0.04282103491979733,-0.04687879829291711
10,V04→V02,V04,V02,full_vs_freeuv_conserved,freeuv_conserved,FreeUV（已观测纹理保持）,D2-046,-0.012705329805612564,-3.239859100431204,-0.016660428543885553,0.021206305176019652,-0.019154335061709105,0.018924937148888904,-0.012705329805612564
10,V04→V02,V04,V02,full_vs_freeuv_conserved,freeuv_conserved,FreeUV（已观测纹理保持）,D2-047,-0.0031508790949980325,-0.8034741692244983,-0.032231340148285326,-0.0031508790949980325,-0.030648728869124953,0.007429405389463212,0.018326288710037886
10,V04→V02,V04,V02,full_vs_freeuv_conserved,freeuv_conserved,FreeUV（已观测纹理保持）,D2-048,0.2692825100606396,68.6670400654631,0.2686362683418251,0.2949975067306132,0.285875717621474,0.24956561181516873,0.2692825100606396
10,V04→V02,V04,V02,full_vs_freeuv_conserved,freeuv_conserved,FreeUV（已观测纹理保持）,D2-049,0.09860307474931082,25.14378406107426,0.05965341379245123,0.10348404571413995,0.09860307474931082,0.09326888786421883,0.11263765477471882
10,V04→V02,V04,V02,full_vs_freeuv_conserved,freeuv_conserved,FreeUV（已观测纹理保持）,D2-050,0.06791281813021863,17.31776862320575,0.06254141027051392,0.06334818874231794,0.06791281813021863,0.08064931704465188,0.07021730929387339
10,V04→V02,V04,V02,full_vs_freeuv_conserved,freeuv_conserved,FreeUV（已观测纹理保持）,D2-051,0.14221908863729388,36.265867602509935,0.14962311356495586,0.14481718532550025,0.12347509234379497,0.14221908863729388,0.12475920220216113
10,V04→V02,V04,V02,full_vs_freeuv_conserved,freeuv_conserved,FreeUV（已观测纹理保持）,D2-052,0.09206136295973671,23.475647554732863,0.08220478773628381,0.0976079674985479,0.11202493140145262,0.09206136295973671,0.04717593835484164
10,V04→V02,V04,V02,full_vs_freeuv_conserved,freeuv_conserved,FreeUV（已观测纹理保持）,D2-053,0.04373568544785181,11.152599789202212,-0.014626217385133117,0.04373568544785181,0.0650628184278806,0.014391216138998658,0.06371384114027023
10,V04→V02,V04,V02,full_vs_freeuv_conserved,freeuv_conserved,FreeUV（已观测纹理保持）,D2-054,0.29503504435221356,75.23393630981445,0.3249529302120209,0.3339943289756775,0.2775241434574127,0.29503504435221356,0.25322292248408
10,V04→V02,V04,V02,full_vs_freeuv_conserved,freeuv_conserved,FreeUV（已观测纹理保持）,D2-055,0.07596512685219448,19.371107347309593,0.04962974819872115,0.06887751801146402,0.07596512685219448,0.08603064417839051,0.09106954865985446
10,V04→V02,V04,V02,full_vs_freeuv_conserved,freeuv_conserved,FreeUV（已观测纹理保持）,D2-056,0.011964039566616236,3.0508300894871403,0.011964039566616236,0.0027802506358259316,0.02726378229757151,0.005509539403849184,0.032466470781299814
10,V04→V02,V04,V02,full_vs_freeuv_conserved,freeuv_conserved,FreeUV（已观测纹理保持）,D2-057,-0.008436863237590131,-2.1514001255854835,-0.020885101556047503,0.018418504838265626,-0.03386280963233873,-0.008436863237590131,0.006752679179258203
10,V04→V02,V04,V02,full_vs_freeuv_conserved,freeuv_conserved,FreeUV（已观测纹理保持）,D2-058,-0.08245450573471877,-21.025898962353285,-0.08874678812347928,-0.03676562651227683,-0.06792401551054075,-0.0850845154088277,-0.08245450573471877
10,V04→V02,V04,V02,full_vs_freeuv_conserved,freeuv_conserved,FreeUV（已观测纹理保持）,D2-059,0.06172775121198762,15.740576559056842,0.09156050406120442,0.052369697502365836,0.03416091783179176,0.0758988020044786,0.06172775121198762
10,V04→V02,V04,V02,full_vs_freeuv_conserved,freeuv_conserved,FreeUV（已观测纹理保持）,D2-060,-0.01586480830052886,-4.045526116634859,-0.01895030986781074,0.014932554328080383,-0.024685006250034697,-0.01586480830052886,0.005708340593058636
10,V04→V02,V04,V02,full_vs_freeuv_conserved,freeuv_conserved,FreeUV（已观测纹理保持）,D2-061,0.15384747419092393,39.2311059186856,0.13404347830348545,0.17990670518742669,0.13655568079815972,0.15384747419092393,0.157760555545489
10,V04→V02,V04,V02,full_vs_freeuv_conserved,freeuv_conserved,FreeUV（已观测纹理保持）,D2-062,0.09924980971771172,25.308701478016488,0.1178149699878234,0.10253645876088202,0.09924980971771172,0.08643454131789695,0.0893831460808332
10,V04→V02,V04,V02,full_vs_freeuv_conserved,freeuv_conserved,FreeUV（已观测纹理保持）,D2-063,0.09307258777941266,23.733509883750227,0.0753737335714201,0.09307258777941266,0.10757117563237745,0.07732811337336898,0.09403023092697063
10,V04→V02,V04,V02,full_vs_freeuv_conserved,freeuv_conserved,FreeUV（已观测纹理保持）,D2-064,0.051376726989652594,13.101065382361412,0.051376726989652594,-0.015866264700889587,0.05821952866572959,0.05856463342320685,0.0025162366675395564
10,V04→V02,V04,V02,full_vs_freeuv_conserved,freeuv_conserved,FreeUV（已观测纹理保持）,D2-065,0.0926174673217314,23.617454167041508,0.10218405999519206,0.0926174673217314,0.061333787662011585,0.0969931243194474,0.0651793615133674
10,V04→V02,V04,V02,full_vs_freeuv_conserved,freeuv_conserved,FreeUV（已观测纹理保持）,D2-066,0.10540080530283685,26.8772053522234,0.11391523446854168,0.08045977058711351,0.10540080530283685,0.08606334669968563,0.12810475936344073
10,V04→V02,V04,V02,full_vs_freeuv_conserved,freeuv_conserved,FreeUV（已观测纹理保持）,D2-067,0.05188384707327243,13.23038100368447,0.03464431315660477,0.033619775264351476,0.05188384707327243,0.06733488981370574,0.05304043657249877
10,V04→V02,V04,V02,full_vs_freeuv_conserved,freeuv_conserved,FreeUV（已观测纹理保持）,D2-068,0.025799216650840312,6.578800245964279,0.025335870527972787,0.011019134712922901,0.04086021489153305,0.025799216650840312,0.02759627599476111
10,V04→V02,V04,V02,full_vs_freeuv_conserved,freeuv_conserved,FreeUV（已观测纹理保持）,D2-069,0.1760129751194091,44.883308655449326,0.1760129751194091,0.18658719814959027,0.1755383617821194,0.13208187406971342,0.19610381765025003
10,V04→V02,V04,V02,full_vs_freeuv_conserved,freeuv_conserved,FreeUV（已观测纹理保持）,D2-070,0.5033579468727112,128.35627645254135,0.4987064003944397,0.5260377526283264,0.49823505679766333,0.5033579468727112,0.508958081404368
10,V04→V02,V04,V02,full_vs_freeuv_conserved,freeuv_conserved,FreeUV（已观测纹理保持）,D2-071,0.1060848563771557,27.051638376174704,0.08189690630469058,0.11061944191654524,0.10840395993242663,0.1060848563771557,0.10449907459594586
10,V04→V02,V04,V02,full_vs_freeuv_conserved,freeuv_conserved,FreeUV（已观测纹理保持）,D2-072,0.24173182683686417,61.641615843400366,0.24926626868546012,0.2780239178488652,0.24173182683686417,0.1987402457743883,0.16833368875086308
10,V04→V02,V04,V02,full_vs_freeuv_conserved,freeuv_conserved,FreeUV（已观测纹理保持）,D2-073,0.025612952637261377,6.531302922501651,0.025612952637261377,0.0855222661262271,-0.007053774749410546,0.010689831841951158,0.033537241748009594
10,V04→V02,V04,V02,full_vs_freeuv_conserved,freeuv_conserved,FreeUV（已观测纹理保持）,D2-074,0.18128222006338615,46.22696611616347,0.13133563377239088,0.18128222006338615,0.19150633116563162,0.20127138495445254,0.1608282851952094
10,V04→V02,V04,V02,full_vs_freeuv_conserved,freeuv_conserved,FreeUV（已观测纹理保持）,D2-075,0.13827420057108003,35.259921145625405,0.12438584212213752,0.16767360859860975,0.13827420057108003,0.16216585257401067,0.1366962178920706
10,V04→V02,V04,V02,full_vs_freeuv_conserved,freeuv_conserved,FreeUV（已观测纹理保持）,D2-076,0.004871722586728897,1.2422892596158686,-0.0036095932677940173,0.00977902445528242,0.004871722586728897,-0.0019475147128105164,0.006259348519422378
10,V04→V02,V04,V02,full_vs_freeuv_conserved,freeuv_conserved,FreeUV（已观测纹理保持）,D2-077,0.13114996006091434,33.443239815533154,0.11094194402297339,0.13321898008386296,0.14698078234990436,0.13114996006091434,0.1017945408821106
10,V04→V02,V04,V02,full_vs_freeuv_conserved,freeuv_conserved,FreeUV（已观测纹理保持）,D2-078,0.10485956569512686,26.73918925225735,0.10024184402492312,0.10485956569512686,0.13623453676700592,0.0864614678753747,0.13048385000891155
10,V04→V02,V04,V02,full_vs_freeuv_conserved,freeuv_conserved,FreeUV（已观测纹理保持）,D2-079,0.22949846227909776,58.52210788116993,0.22079765050253575,0.22949846227909776,0.2209293003720434,0.23372355620444255,0.23004191883070313
10,V04→V02,V04,V02,full_vs_freeuv_conserved,freeuv_conserved,FreeUV（已观测纹理保持）,D2-080,-0.03731308988573259,-9.514837920861812,-0.03731308988573259,-0.02754114849264161,-0.006585603481844851,-0.05373884796311981,-0.045160154109461254
10,V04→V02,V04,V02,full_vs_freeuv_conserved,freeuv_conserved,FreeUV（已观测纹理保持）,D2-081,-0.032439977640197376,-8.27219429825033,-0.061474189162254306,-0.03229830875283196,-0.08434302962961651,-0.009820523006575432,-0.032439977640197376
10,V04→V02,V04,V02,full_vs_freeuv_conserved,freeuv_conserved,FreeUV（已观测纹理保持）,D2-082,-0.029458310324371906,-7.511869132714836,-0.022044241493731187,-0.029458310324371906,-0.04581226702583463,-0.023047765945656218,-0.03882927597876179
10,V04→V02,V04,V02,full_vs_freeuv_conserved,freeuv_conserved,FreeUV（已观测纹理保持）,D2-083,0.28266070286432904,72.0784792304039,0.2863055027666546,0.28012104474362876,0.3144150617576781,0.28266070286432904,0.281400435027622
10,V04→V02,V04,V02,full_vs_freeuv_conserved,freeuv_conserved,FreeUV（已观测纹理保持）,D2-084,-0.0736971224015135,-18.792766212385946,-0.06316832904260429,-0.08795809616068644,-0.09375391445965285,-0.0736971224015135,-0.07081893911873478
10,V04→V02,V04,V02,full_vs_freeuv_conserved,freeuv_conserved,FreeUV（已观测纹理保持）,D2-085,0.08084344903402255,20.615079503675748,0.07165910388258367,0.08084344903402255,0.07309193186687699,0.08411990501212349,0.08258281281274374
10,V04→V02,V04,V02,full_vs_freeuv_conserved,freeuv_conserved,FreeUV（已观测纹理保持）,D2-086,0.20310687238816175,51.792252458981245,0.2043908740937089,0.15581074073755494,0.21494532512345663,0.20310687238816175,0.1627806555091714
10,V04→V02,V04,V02,full_vs_freeuv_conserved,freeuv_conserved,FreeUV（已观测纹理保持）,D2-087,0.02707638243834179,6.904477521777157,0.011918340623378765,0.004411352674166369,0.02707638243834179,0.0666656941175461,0.04875170687834422
10,V04→V02,V04,V02,full_vs_freeuv_conserved,freeuv_conserved,FreeUV（已观测纹理保持）,D2-088,0.0006816652086046038,0.17382462819417396,-0.0328928463988834,-0.045430988073349,0.012339638339148612,0.011397123336791992,0.0006816652086046038
10,V04→V02,V04,V02,full_vs_freeuv_conserved,freeuv_conserved,FreeUV（已观测纹理保持）,D2-089,-0.0001516973688488743,-0.03868282905646295,-0.0001516973688488743,-0.00028737598941439013,0.04219727005277363,-0.01971447077535446,0.0009573981875465043
10,V04→V02,V04,V02,full_vs_freeuv_conserved,freeuv_conserved,FreeUV（已观测纹理保持）,D2-090,0.009126672330193042,2.3273014441992257,0.009126672330193042,0.005825631750317722,0.02782993763685228,0.015594267740081533,-0.00028448819349971566
10,V04→V02,V04,V02,full_vs_freeuv_conserved,freeuv_conserved,FreeUV（已观测纹理保持）,D2-091,0.13697925706704459,34.92971055209637,0.13098061581452689,0.13697925706704459,0.13253418405850728,0.15356901387373606,0.1614934451878071
10,V04→V02,V04,V02,full_vs_freeuv_conserved,freeuv_conserved,FreeUV（已观测纹理保持）,D2-092,0.12000284521352678,30.600725529449328,0.08284084498882296,0.13137256992714746,0.11417105048894885,0.12377515169126649,0.12000284521352678
10,V04→V02,V04,V02,full_vs_freeuv_conserved,freeuv_conserved,FreeUV（已观测纹理保持）,D2-093,0.03168120571389432,8.078707457043052,0.04791234956100221,0.03220402302477904,0.031143108064808495,0.03168120571389432,0.0014440744994132504
10,V04→V02,V04,V02,full_vs_freeuv_conserved,freeuv_conserved,FreeUV（已观测纹理保持）,D2-094,0.10293756313477606,26.249078599367895,0.07644059322052452,0.10293756313477606,0.10181757308860387,0.11228721266135919,0.10372539751895868
10,V04→V02,V04,V02,full_vs_freeuv_conserved,freeuv_conserved,FreeUV（已观测纹理保持）,D2-095,0.05334908487620177,13.604016643431452,0.032889944949635735,0.05334908487620177,0.05166727249269132,0.05922327245827072,0.062218459116088004
10,V04→V02,V04,V02,full_vs_freeuv_conserved,freeuv_conserved,FreeUV（已观测纹理保持）,D2-096,0.08881346698229514,22.64743408048526,0.07383235621576512,0.08881346698229514,0.06546019927288096,0.09371207347139718,0.09858959134047232
10,V04→V02,V04,V02,full_vs_freeuv_conserved,freeuv_conserved,FreeUV（已观测纹理保持）,D2-097,0.010225494702657073,2.6075011491775535,0.014413245298244337,-0.007402791469185432,-0.015069072445233658,0.016933397010520657,0.010225494702657073
10,V04→V02,V04,V02,full_vs_freeuv_conserved,freeuv_conserved,FreeUV（已观测纹理保持）,D2-098,0.005069937753049952,1.292834127027738,-0.02432964323905476,0.01834026240465933,0.005069937753049952,-0.0027129676258354773,0.006473223302970843
10,V04→V02,V04,V02,full_vs_freeuv_conserved,freeuv_conserved,FreeUV（已观测纹理保持）,D2-099,0.11879903963510544,30.293755106951885,0.11879903963510544,0.12108873343770057,0.11197253718864228,0.09547683369854224,0.1344189112061176
10,V04→V02,V04,V02,full_vs_freeuv_conserved,freeuv_conserved,FreeUV（已观测纹理保持）,D2-100,0.07769268668360182,19.811635104318466,0.09180008040534127,0.08432670848237145,0.056318435404035805,0.061745535996225176,0.07769268668360182
11,V04→V03,V04,V03,full_vs_condition0,condition0,NoCond,D2-001,-0.017096233960145563,-4.359539659837118,-0.018057184102825613,-0.0011908113001248555,-0.022645050086654128,0.0004069154174664025,-0.017096233960145563
11,V04→V03,V04,V03,full_vs_condition0,condition0,NoCond,D2-002,-0.009095347456393704,-2.3193136013803946,-0.038101068988282194,-0.009095347456393704,0.023491771150660756,0.013799275041267434,-0.011551800193966066
11,V04→V03,V04,V03,full_vs_condition0,condition0,NoCond,D2-003,-0.015786820682901992,-4.0256392741400076,-0.022672540771792538,-0.015786820682901992,-0.041038458018838986,0.010910220455917163,0.024105202734657827
11,V04→V03,V04,V03,full_vs_condition0,condition0,NoCond,D2-004,0.007515486843627073,1.9164491451249035,-0.012509010785698244,0.024446437884678762,-0.0017194082939076816,0.05171396813473142,0.007515486843627073
11,V04→V03,V04,V03,full_vs_condition0,condition0,NoCond,D2-005,-0.01445763177056425,-3.686696101493884,-0.04760359440327144,-0.00392493832556684,-0.02494222773560162,-0.01445763177056425,0.0019272766522063778
11,V04→V03,V04,V03,full_vs_condition0,condition0,NoCond,D2-006,-0.008708044544033622,-2.2205513587285735,-0.03844960817489132,0.002173259426122426,-0.008708044544033622,0.019667070401811065,-0.03694002874109936
11,V04→V03,V04,V03,full_vs_condition0,condition0,NoCond,D2-007,-0.008167209840098083,-2.0826385092250113,-0.02209047170341477,-0.008167209840098083,0.024110995868379753,-0.014940090824005214,0.018222042352192158
11,V04→V03,V04,V03,full_vs_condition0,condition0,NoCond,D2-008,-0.011546778036098826,-2.9444283992052007,-0.02149649846787549,-0.003469473547210833,-0.020238881324436186,-0.011546778036098826,0.0004967827715125495
11,V04→V03,V04,V03,full_vs_condition0,condition0,NoCond,D2-009,-0.005709303749932199,-1.4558724562327106,-0.017732649923316995,-0.004976922424421437,-0.004888195219257513,-0.005709303749932199,-0.01134035700843447
11,V04→V03,V04,V03,full_vs_condition0,condition0,NoCond,D2-010,-0.011032574574152576,-2.813306516408907,-0.011098325451215085,-0.041815130213896434,0.03468502752482894,-0.008954062163829823,-0.011032574574152576
11,V04→V03,V04,V03,full_vs_condition0,condition0,NoCond,D2-011,0.0020674982418616428,0.527212051674719,-0.007923835547882382,0.011581952994068473,0.0020674982418616428,-0.005196072876936311,0.008837268636044532
11,V04→V03,V04,V03,full_vs_condition0,condition0,NoCond,D2-012,-0.010595433080374306,-2.701835435495448,-0.022792828802149084,0.021161096309548044,-0.010595433080374306,0.008078943178131792,-0.02516477529089245
11,V04→V03,V04,V03,full_vs_condition0,condition0,NoCond,D2-013,-0.03562836770095629,-9.085233763743853,-0.017746954531464576,-0.03562836770095629,-0.040441835506094814,0.006652107490146997,-0.036838780993070364
11,V04→V03,V04,V03,full_vs_condition0,condition0,NoCond,D2-014,0.012765494864539234,3.255201190457505,0.03790524105230969,0.012765494864539234,-0.028038508979614157,0.0024548384260996703,0.04490149223198327
11,V04→V03,V04,V03,full_vs_condition0,condition0,NoCond,D2-015,0.009344394658766075,2.382820637985349,0.011811518716433711,0.009344394658766075,0.006309958736574833,0.006694882516823097,0.00972214246553088
11,V04→V03,V04,V03,full_vs_condition0,condition0,NoCond,D2-016,-0.031514231007600146,-8.036128906938037,-0.031514231007600146,-0.015204961965049557,0.009368946262891753,-0.07457823060668894,-0.08224352854101552
11,V04→V03,V04,V03,full_vs_condition0,condition0,NoCond,D2-017,-0.024005149486203664,-6.121313118981934,-0.02402232524263795,-0.023956483318692157,-0.024005149486203664,0.020129542541566986,-0.029125480070000598
11,V04→V03,V04,V03,full_vs_condition0,condition0,NoCond,D2-018,0.01665868340298915,4.247964267762233,0.018488877906631215,-0.005266893368500919,-0.00041468747151204854,0.04965210751367685,0.01665868340298915
11,V04→V03,V04,V03,full_vs_condition0,condition0,NoCond,D2-019,-0.010202197676843355,-2.6015604075950556,-0.010202197676843355,0.01580902021210473,0.0009020131316270774,-0.020650961109109828,-0.035448647834159214
11,V04→V03,V04,V03,full_vs_condition0,condition0,NoCond,D2-020,-0.004181842718805562,-1.0663698932954182,0.01103390972056087,-0.013226609144892015,-0.025365133134145568,0.02761395458900741,-0.004181842718805562
11,V04→V03,V04,V03,full_vs_condition0,condition0,NoCond,D2-021,0.031954337557156876,8.148356077075004,0.0005217989285787039,0.03535464366277058,-0.025747465491294863,0.031954337557156876,0.055768687129020666
11,V04→V03,V04,V03,full_vs_condition0,condition0,NoCond,D2-022,-0.01735235310736158,-4.424850042377202,-0.018178241877328777,-0.008553867396854209,-0.01735235310736158,-0.0007788445268358535,-0.02704498455637977
11,V04→V03,V04,V03,full_vs_condition0,condition0,NoCond,D2-023,-0.032006695229783,-8.161707283594666,0.05926473247699243,-0.032006695229783,-0.028733678353138503,-0.034843025299218955,-0.05540189185203648
11,V04→V03,V04,V03,full_vs_condition0,condition0,NoCond,D2-024,0.017544058357046255,4.473734881046795,0.017544058357046255,-0.03716509156103984,0.02208905359249161,0.02038025352316844,-0.02564336135633677
11,V04→V03,V04,V03,full_vs_condition0,condition0,NoCond,D2-025,-0.0075472612820920715,-1.9245516269334781,-0.05402903550023597,0.027855141117932303,-0.019704154189971734,0.01147197572041364,-0.0075472612820920715
11,V04→V03,V04,V03,full_vs_condition0,condition0,NoCond,D2-026,0.0140876303058724,3.592345727997462,0.004149204885312757,-0.0033166678261387084,0.0415420014151307,0.0346916823019815,0.0140876303058724
11,V04→V03,V04,V03,full_vs_condition0,condition0,NoCond,D2-027,-0.022647305441799936,-5.775062887658984,-0.022647305441799936,-0.01849146611908431,0.05361788575687715,-0.044681314178692394,-0.05600680254640117
11,V04→V03,V04,V03,full_vs_condition0,condition0,NoCond,D2-028,-0.0018811096885689993,-0.4796829705850948,0.013283570147590879,-0.02135254154096783,0.05201668975253901,-0.0018811096885689993,-0.0720518414666991
11,V04→V03,V04,V03,full_vs_condition0,condition0,NoCond,D2-029,-0.028784797455255806,-7.340123351090231,-0.014948314103560567,-0.028784797455255806,-0.0007066817428821315,-0.0329381346893616,-0.04535424074110314
11,V04→V03,V04,V03,full_vs_condition0,condition0,NoCond,D2-030,0.04080059793260363,10.404152472813925,0.003450328762503896,0.032647408516470966,0.04080059793260363,0.04458864198790655,0.05586145932418632
11,V04→V03,V04,V03,full_vs_condition0,condition0,NoCond,D2-031,-0.0029902761878325967,-0.7625204278973121,0.03560483325490654,-0.026899534359312915,-0.00772003259793011,0.0013929003773376913,-0.0029902761878325967
11,V04→V03,V04,V03,full_vs_condition0,condition0,NoCond,D2-032,0.005622042549980999,1.4336208502451546,0.005622042549980999,0.05136493391092917,0.027907532858259865,-0.010336448610932747,-0.013218738414623121
11,V04→V03,V04,V03,full_vs_condition0,condition0,NoCond,D2-033,-0.015513695287283025,-3.955992298257171,-0.016315842342095738,-0.015513695287283025,-0.010558189491832293,-0.0027777975682256872,-0.024768051474985425
11,V04→V03,V04,V03,full_vs_condition0,condition0,NoCond,D2-034,-0.005432600922444297,-1.3853132352232957,-0.03453032558455188,-0.0018934814953336376,-0.005432600922444297,-0.0012168968132897917,-0.01727452739781024
11,V04→V03,V04,V03,full_vs_condition0,condition0,NoCond,D2-035,0.012874851656175135,3.2830871723246595,0.012874851656175135,-0.0007192761192411912,0.021472931138633466,0.014814338528413545,-0.007440094026349681
11,V04→V03,V04,V03,full_vs_condition0,condition0,NoCond,D2-036,-0.016484449903170273,-4.20353472530842,-0.01247129768133165,-0.016484449903170273,0.003757797578970601,-0.06856750696897504,-0.029266107479731268
11,V04→V03,V04,V03,full_vs_condition0,condition0,NoCond,D2-037,-0.0012394002291793715,-0.31604705844073977,-0.004163172954291694,-0.0010500034573031336,0.02308127619143502,-0.02500252075055065,-0.0012394002291793715
11,V04→V03,V04,V03,full_vs_condition0,condition0,NoCond,D2-038,0.007086748579509139,1.8071208877748304,0.003775664868485573,0.01813071856141596,-0.007041857165249132,0.007086748579509139,0.015565020028297405
11,V04→V03,V04,V03,full_vs_condition0,condition0,NoCond,D2-039,-0.0007153370626311606,-0.18241095097094595,-0.0007153370626311606,-0.003962453006883776,-0.0006013481465519388,0.001985725931456822,-0.005673599566836829
11,V04→V03,V04,V03,full_vs_condition0,condition0,NoCond,D2-040,0.013257973020275454,3.380783120170241,-0.019159787893295283,0.013257973020275454,0.013312565535306936,-0.02424444158871969,0.026429924617211026
11,V04→V03,V04,V03,full_vs_condition0,condition0,NoCond,D2-041,-0.028637228078312357,-7.302493159969651,-0.030410350693596752,-0.012060037586424072,0.019384179512659708,-0.03615744246376887,-0.028637228078312357
11,V04→V03,V04,V03,full_vs_condition0,condition0,NoCond,D2-042,-0.010702641013567243,-2.729173458459647,-0.020628473967656324,-0.028405820872363458,-0.010702641013567243,0.005250216479559505,-0.009951051313901088
11,V04→V03,V04,V03,full_vs_condition0,condition0,NoCond,D2-043,-0.004606291061888146,-1.174604220781477,-0.0013611728946367752,-0.004606291061888146,-0.005607354972097606,-0.006185530395143551,0.01144077506744201
11,V04→V03,V04,V03,full_vs_condition0,condition0,NoCond,D2-044,-0.03322474063702541,-8.472308862441478,-0.027398730133286697,-0.05166842146880096,-0.03322474063702541,-0.013860738597774286,-0.04653902169191032
11,V04→V03,V04,V03,full_vs_condition0,condition0,NoCond,D2-045,-0.012855381704866886,-3.278122334741056,0.022302521082262217,-0.036538983827146376,-0.012855381704866886,4.015738377349809e-05,-0.01848975146810214
11,V04→V03,V04,V03,full_vs_condition0,condition0,NoCond,D2-046,-0.005549274785544289,-1.4150650703137937,-0.07258625088199488,-0.015138598699723532,0.06551121575858002,0.0002818043513964641,-0.005549274785544289
11,V04→V03,V04,V03,full_vs_condition0,condition0,NoCond,D2-047,-0.0022903938832528614,-0.5840504402294797,-0.0022903938832528614,0.013827591741859324,-0.003344021628008176,-0.004642239493299644,0.00448093317704748
11,V04→V03,V04,V03,full_vs_condition0,condition0,NoCond,D2-048,-0.03447254833786986,-8.790499826156815,-0.04817821397337804,-0.02293831710667571,0.05701728315316429,-0.07170750039030413,-0.03447254833786986
11,V04→V03,V04,V03,full_vs_condition0,condition0,NoCond,D2-049,-0.012579462241108785,-3.2077628714827404,-0.012579462241108785,-0.021893082247153584,-0.009480517509022346,-0.0044319988266239285,-0.04299583016493452
11,V04→V03,V04,V03,full_vs_condition0,condition0,NoCond,D2-050,0.0021378969311968976,0.5451637174552089,0.0021378969311968976,-0.009936961576215236,0.021972636596705675,0.0018553322133345596,0.010682333810016126
11,V04→V03,V04,V03,full_vs_condition0,condition0,NoCond,D2-051,0.0006090690727410253,0.15531261354896145,0.0012132234332509206,-0.04271365388196971,0.009025332207481057,0.0006090690727410253,-0.005362671999108504
11,V04→V03,V04,V03,full_vs_condition0,condition0,NoCond,D2-052,-0.011639007061456486,-2.967946800671404,-0.011639007061456486,-0.012462588328153196,0.018767343194346225,0.0013556847339401823,-0.020234580255217016
11,V04→V03,V04,V03,full_vs_condition0,condition0,NoCond,D2-053,0.0086030186764125,2.1937697624851875,0.023499442200208526,0.005914645633478294,-0.015408880280694759,0.0086030186764125,0.010108517118911642
11,V04→V03,V04,V03,full_vs_condition0,condition0,NoCond,D2-054,-0.013516576517195927,-3.4467270118849616,-0.03818527953255743,0.00859373850481851,0.002933936956382943,-0.015354072479974668,-0.013516576517195927
11,V04→V03,V04,V03,full_vs_condition0,condition0,NoCond,D2-055,-0.006741505156281163,-1.7190838148516967,-0.006741505156281163,0.008196758807346383,-8.590847894709985e-05,-0.06256242248640266,-0.012837799726634916
11,V04→V03,V04,V03,full_vs_condition0,condition0,NoCond,D2-056,-0.030917891395696673,-7.884062305902652,-0.001183045785064285,-0.033054464186231286,-0.05635688664472621,-0.0015642180822897644,-0.030917891395696673
11,V04→V03,V04,V03,full_vs_condition0,condition0,NoCond,D2-057,-0.03228356080447753,-8.23230800514177,-0.03858454444453244,-0.03312356809411593,-0.03228356080447753,0.009429596977808125,-0.01541881809934853
11,V04→V03,V04,V03,full_vs_condition0,condition0,NoCond,D2-058,0.0276531574207467,7.051555142290408,-0.02457423184018631,0.0276531574207467,0.0024147016435732693,0.059559111616441174,0.040948644006278095
11,V04→V03,V04,V03,full_vs_condition0,condition0,NoCond,D2-059,-0.015179018375643505,-3.8706496857890937,-0.015179018375643505,0.0036080534520901986,-0.008632916151082998,-0.025279207318498365,-0.04556541613232323
11,V04→V03,V04,V03,full_vs_condition0,condition0,NoCond,D2-060,0.04775391637332857,12.177248675198785,-0.02211856930738404,0.04775391637332857,0.013121491682434844,0.07171134588619071,0.05370382373295132
11,V04→V03,V04,V03,full_vs_condition0,condition0,NoCond,D2-061,-0.02378542568439096,-6.065283549519695,-0.045173739075151265,-0.003086980559632302,-0.02378542568439096,-0.011074056228001894,-0.04532728910955608
11,V04→V03,V04,V03,full_vs_condition0,condition0,NoCond,D2-062,-0.0364523605753978,-9.29535194672644,-0.0364523605753978,-0.04322479278263118,-0.02169170392056305,0.04052002532062707,-0.04519069350014132
11,V04→V03,V04,V03,full_vs_condition0,condition0,NoCond,D2-063,-0.00048657845644678455,-0.12407750639393006,-0.03610371284268271,-0.03358844924168508,0.013853753667548707,-0.00048657845644678455,0.007831156610058287
11,V04→V03,V04,V03,full_vs_condition0,condition0,NoCond,D2-064,-0.008525956748870384,-2.1741189709619477,-0.008525956748870384,-0.013830566005400058,0.010062645227588402,0.0181834118669493,-0.02124183455057313
11,V04→V03,V04,V03,full_vs_condition0,condition0,NoCond,D2-065,-0.007772703040517914,-1.9820392753320681,-0.022175067769629603,-0.007772703040517914,-0.018806613829671137,-0.005607523759003391,-0.0002261808610895255
11,V04→V03,V04,V03,full_vs_condition0,condition0,NoCond,D2-066,-0.008474777595928074,-2.1610682869616586,-0.038853281419792496,-0.007050009458001716,-0.059314367780973654,-0.008474777595928074,0.02340499177957195
11,V04→V03,V04,V03,full_vs_condition0,condition0,NoCond,D2-067,-0.019954207539558427,-5.088322922587399,-0.019954207539558427,-0.03434181253115337,0.020168687800566354,-0.00503855119148891,-0.035556801756223055
11,V04→V03,V04,V03,full_vs_condition0,condition0,NoCond,D2-068,-0.04797702867555731,-12.234142312267114,-0.038067907994784045,-0.04815529342650793,-0.07535025855337363,0.009890699084254273,-0.04797702867555731
11,V04→V03,V04,V03,full_vs_condition0,condition0,NoCond,D2-069,-0.0068955701074482345,-1.7583703773992998,-0.0068955701074482345,0.05305095440075719,0.0028379185953074093,-0.08441114701606611,-0.025677909315736214
11,V04→V03,V04,V03,full_vs_condition0,condition0,NoCond,D2-070,0.02909423002884501,7.419028657355478,0.0304740361632809,0.02909423002884501,0.03136679116222593,-0.005873543165978934,-0.002956008213380018
11,V04→V03,V04,V03,full_vs_condition0,condition0,NoCond,D2-071,0.014505820957322946,3.6989843441173513,0.026099678085496014,-0.051439414527267247,-0.06187819093465802,0.03578897533938291,0.014505820957322946
11,V04→V03,V04,V03,full_vs_condition0,condition0,NoCond,D2-072,0.008969949558377266,2.287337137386203,0.005940333753824217,0.013242222244540858,0.008969949558377266,0.002471003805597616,0.023462766284743947
11,V04→V03,V04,V03,full_vs_condition0,condition0,NoCond,D2-073,-0.008807320818976228,-2.245866808838938,-0.015940776984165406,0.01093021471489658,-0.002055999059397906,-0.014657505208978766,-0.008807320818976228
11,V04→V03,V04,V03,full_vs_condition0,condition0,NoCond,D2-074,0.04136856663972138,10.548984493128952,0.019205929401020227,0.04136856663972138,0.06439303668836754,0.04734872576470178,-0.02619244329010445
11,V04→V03,V04,V03,full_vs_condition0,condition0,NoCond,D2-075,-0.021162916575708707,-5.39654372680572,-0.025212961339181494,-0.021162916575708707,0.029773057708817163,-0.00044418150378813803,-0.04027204439845136
11,V04→V03,V04,V03,full_vs_condition0,condition0,NoCond,D2-076,-0.009516057295677005,-2.426594610397636,6.712285371923699e-05,-0.009516057295677005,0.022729212274918198,-0.03511468378397131,-0.013937261242132903
11,V04→V03,V04,V03,full_vs_condition0,condition0,NoCond,D2-077,-0.0473165628278539,-12.065723521102745,-0.06368802204018548,-0.0473165628278539,-0.015988947025367184,-0.03948106199857737,-0.049317823279471595
11,V04→V03,V04,V03,full_vs_condition0,condition0,NoCond,D2-078,-0.020293815714171798,-5.174923007113809,-0.05280214468510741,-0.05011395269479507,0.002601161089717835,-0.020293815714171798,-0.014472868325363875
11,V04→V03,V04,V03,full_vs_condition0,condition0,NoCond,D2-079,-0.006935865928729357,-1.768645811825986,0.0075355637611614346,-0.013613768873943222,-0.006935865928729357,0.016430592288573576,-0.03583341089801656
11,V04→V03,V04,V03,full_vs_condition0,condition0,NoCond,D2-080,0.013071127847219144,3.3331376010408817,-0.002622355988774583,0.013071127847219144,0.03856833660258696,-0.029277944001249778,0.027649012847970666
11,V04→V03,V04,V03,full_vs_condition0,condition0,NoCond,D2-081,-0.01015426452253379,-2.5893374532461166,-0.015177516960630216,0.005488988523389804,-0.01015426452253379,0.004402677218119294,-0.06412968127166525
11,V04→V03,V04,V03,full_vs_condition0,condition0,NoCond,D2-082,-0.008994530472490547,-2.2936052704850898,-0.008994530472490547,0.01464919334435777,-0.021199882103531964,0.0057406990843660854,-0.034239999682100786
11,V04→V03,V04,V03,full_vs_condition0,condition0,NoCond,D2-083,-0.014014603682991206,-3.5737239391627575,-0.014014603682991206,0.010346739468249405,-0.014991652615594153,-0.055525628341869915,0.04226448172421163
11,V04→V03,V04,V03,full_vs_condition0,condition0,NoCond,D2-084,-0.00019870783377196055,-0.05067049761184994,-0.002354365331031588,-0.00019870783377196055,0.05642500927964389,-0.018279108936074123,0.0031559136321489822
11,V04→V03,V04,V03,full_vs_condition0,condition0,NoCond,D2-085,0.00706323364099104,1.8011245784527152,0.00706323364099104,-0.01590631958392877,0.015503259257428237,0.05530633225238746,-0.00762096505671267
11,V04→V03,V04,V03,full_vs_condition0,condition0,NoCond,D2-086,0.0026941295644199448,0.6870030389270859,0.0014790237743269596,0.0026941295644199448,-0.02003534104571575,0.023220775200536947,0.029896196064159802
11,V04→V03,V04,V03,full_vs_condition0,condition0,NoCond,D2-087,-0.013510232170422881,-3.4451092034578346,-0.013510232170422881,0.04413319544659719,-0.024472465669667265,0.008745695429819622,-0.029962811757017066
11,V04→V03,V04,V03,full_vs_condition0,condition0,NoCond,D2-088,-0.0139931518998411,-3.5682537344594802,-0.0139931518998411,0.003330633044242859,0.038770256908955386,-0.02795395034330861,-0.02289575255579418
11,V04→V03,V04,V03,full_vs_condition0,condition0,NoCond,D2-089,-0.0005067943549547094,-0.1292325605134509,-0.02303464653713455,-0.0005067943549547094,0.027244665583626176,-0.0022288892275648675,0.0026050054473303885
11,V04→V03,V04,V03,full_vs_condition0,condition0,NoCond,D2-090,-0.0025373785446087538,-0.6470315288752322,0.016221605884757906,-0.008534041069673773,0.024011940655834757,-0.006729391138210444,-0.0025373785446087538
11,V04→V03,V04,V03,full_vs_condition0,condition0,NoCond,D2-091,-0.023522159220968814,-5.998150601347048,-0.05671109016833267,0.005909526826647221,-0.03302086853399511,-0.003879234255329378,-0.023522159220968814
11,V04→V03,V04,V03,full_vs_condition0,condition0,NoCond,D2-092,-0.015014733746647857,-3.8287571053952036,-0.03587627768516538,-0.01483635837833086,-0.015014733746647857,0.008129560103019073,-0.021373072067896515
11,V04→V03,V04,V03,full_vs_condition0,condition0,NoCond,D2-093,0.002157694134011623,0.5502120041729639,0.002157694134011623,0.0017314060803568232,0.020280754010666896,-0.020534279851014137,0.028820679362928675
11,V04→V03,V04,V03,full_vs_condition0,condition0,NoCond,D2-094,0.016648312969386847,4.2453198071936455,-0.020008821600059956,0.007984639228509643,0.029610162714557464,0.0781337894814115,0.016648312969386847
11,V04→V03,V04,V03,full_vs_condition0,condition0,NoCond,D2-095,-0.011624518052610777,-2.964252103415748,-0.025787213058383385,0.010927242182549979,0.017467731402979997,-0.022593056635251102,-0.011624518052610777
11,V04→V03,V04,V03,full_vs_condition0,condition0,NoCond,D2-096,-0.015784922595086848,-4.025155261747146,-0.01874220594001269,0.02723107757645915,-0.03575931314095768,-0.015784922595086848,0.0021532168121714546
11,V04→V03,V04,V03,full_vs_condition0,condition0,NoCond,D2-097,0.00020426604370611667,0.05208784114505975,0.00020426604370611667,0.022279483071491538,0.01958316202554325,-0.0015824031358384616,-0.00990524433426937
11,V04→V03,V04,V03,full_vs_condition0,condition0,NoCond,D2-098,-0.004833021696577677,-1.2324205326273077,-0.03211630410547797,0.0014134276103466292,0.01225962717059656,-0.004833021696577677,-0.016094614216621894
11,V04→V03,V04,V03,full_vs_condition0,condition0,NoCond,D2-099,-0.010358060284384657,-2.6413053725180875,-0.01185440850399791,-0.010358060284384657,-0.005833348951169409,-0.033092030661091926,0.0057515850911537825
11,V04→V03,V04,V03,full_vs_condition0,condition0,NoCond,D2-100,0.009974762943445514,2.543564550578606,-0.007071222014286949,0.01056375237656576,0.020728524993447683,0.009974762943445514,-0.06655741278447358
11,V04→V03,V04,V03,full_vs_b_lite_ft,b_lite_ft,B-lite 同任务微调,D2-001,0.017583693067232786,4.48384173214436,-0.03753836639225483,0.018274149069419293,-0.002974290257463069,0.020507627716049165,0.017583693067232786
11,V04→V03,V04,V03,full_vs_b_lite_ft,b_lite_ft,B-lite 同任务微调,D2-002,0.055297311275236044,14.100814375185191,0.018959586819012997,0.055297311275236044,0.08701208610368033,0.061492886434319216,0.021446602078535215
11,V04→V03,V04,V03,full_vs_b_lite_ft,b_lite_ft,B-lite 同任务微调,D2-003,-0.0038655455862669497,-0.9857141244980722,-0.028848761194766315,-0.0038655455862669497,0.003619033398118421,-0.005877375444573063,0.0594468527303646
11,V04→V03,V04,V03,full_vs_b_lite_ft,b_lite_ft,B-lite 同任务微调,D2-004,0.0455320816615532,11.610680823696066,0.03470834378881016,0.0455320816615532,0.05027021643245358,0.03962824253857819,0.07991488162299684
11,V04→V03,V04,V03,full_vs_b_lite_ft,b_lite_ft,B-lite 同任务微调,D2-005,-0.0369553173895768,-9.423605934342085,-0.0369553173895768,-0.0063590894085694405,-0.05724396879188859,-0.05584518272443978,-0.016938535603641114
11,V04→V03,V04,V03,full_vs_b_lite_ft,b_lite_ft,B-lite 同任务微调,D2-006,-0.020656958736222364,-5.2675244777367025,-0.05191028225182118,-0.002229227416816776,-0.020656958736222364,-0.0017466258214808017,-0.05545737620057728
11,V04→V03,V04,V03,full_vs_b_lite_ft,b_lite_ft,B-lite 同任务微调,D2-007,0.018198256749053343,4.640555471008603,-0.017044723091661468,0.018198256749053343,0.009255555595538423,0.024141818111719088,0.019222779098407222
11,V04→V03,V04,V03,full_vs_b_lite_ft,b_lite_ft,B-lite 同任务微调,D2-008,0.0014552075050625057,0.37107791379093896,-0.0224918871533637,0.0043226658567494525,-0.018542191839101302,0.0014552075050625057,0.020552932003549462
11,V04→V03,V04,V03,full_vs_b_lite_ft,b_lite_ft,B-lite 同任务微调,D2-009,0.03784866734511319,9.651410173003864,0.032742508820125055,0.053544744257889076,0.0370278757597719,0.05326002821444517,0.03784866734511319
11,V04→V03,V04,V03,full_vs_b_lite_ft,b_lite_ft,B-lite 同任务微调,D2-010,0.05294449915488564,13.500847284495837,0.006498185396194456,0.0660640196998914,0.1190407062818607,0.0468283988535404,0.05294449915488564
11,V04→V03,V04,V03,full_vs_b_lite_ft,b_lite_ft,B-lite 同任务微调,D2-011,0.003816132338855527,0.9731137464081594,0.00940940937424009,-0.006019362067389816,0.003816132338855527,-0.0017473396793421803,0.017379487864673138
11,V04→V03,V04,V03,full_vs_b_lite_ft,b_lite_ft,B-lite 同任务微调,D2-012,0.02843594008046596,7.25116472051882,0.02843594008046596,0.056542094111146024,0.014368443754478488,0.09583931805482554,-0.013951963731157202
11,V04→V03,V04,V03,full_vs_b_lite_ft,b_lite_ft,B-lite 同任务微调,D2-013,0.02382161164194596,6.07451096869622,-0.008092759897470714,0.03464164670047343,0.030430904263232528,-0.032296740115644096,0.02382161164194596
11,V04→V03,V04,V03,full_vs_b_lite_ft,b_lite_ft,B-lite 同任务微调,D2-014,-0.007141840659965898,-1.821169368291304,0.06271735894477973,-0.04652704323752452,-0.007141840659965898,-0.062288469850680234,0.05908163691644615
11,V04→V03,V04,V03,full_vs_b_lite_ft,b_lite_ft,B-lite 同任务微调,D2-015,-0.00716755681094669,-1.827726986791406,-0.04406728601408383,-0.025379322528366055,-0.00716755681094669,-0.005959317797706254,-0.00624802330183602
11,V04→V03,V04,V03,full_vs_b_lite_ft,b_lite_ft,B-lite 同任务微调,D2-016,0.08031134696110431,20.4793934750816,0.03279402047611668,0.08031134696110431,0.08092555738445645,0.09106160667927365,0.037227342850056244
11,V04→V03,V04,V03,full_vs_b_lite_ft,b_lite_ft,B-lite 同任务微调,D2-017,0.021471197169924572,5.4751552783307655,0.011368859460744951,0.021471197169924572,0.0458575180835194,0.04124155825881101,-0.004842504977233819
11,V04→V03,V04,V03,full_vs_b_lite_ft,b_lite_ft,B-lite 同任务微调,D2-018,-0.01778026603353329,-4.533967838550989,-0.012259832655008018,-0.01778026603353329,-0.02674134481602755,-0.010242320907612651,-0.032219192347465425
11,V04→V03,V04,V03,full_vs_b_lite_ft,b_lite_ft,B-lite 同任务微调,D2-019,0.04157014110603846,10.600385982039807,-0.0011002132081770755,0.05538000233538515,0.05897186522011283,0.04157014110603846,0.009896714273873758
11,V04→V03,V04,V03,full_vs_b_lite_ft,b_lite_ft,B-lite 同任务微调,D2-020,0.012208974254982824,3.1132884350206202,0.012208974254982824,-0.020667733890669684,0.019067924883630544,0.014553926619035859,-0.020387397694682313
11,V04→V03,V04,V03,full_vs_b_lite_ft,b_lite_ft,B-lite 同任务微调,D2-021,0.041092694401741015,10.47863707244396,0.06666757484277089,0.041092694401741015,0.0017738519112268925,0.015502413113911928,0.0664895071585973
11,V04→V03,V04,V03,full_vs_b_lite_ft,b_lite_ft,B-lite 同任务微调,D2-022,-0.06709088966959999,-17.108176865747996,-0.09677094788778395,-0.06709088966959999,-0.05226790507634481,-0.06204499602317812,-0.08502845508711679
11,V04→V03,V04,V03,full_vs_b_lite_ft,b_lite_ft,B-lite 同任务微调,D2-023,-0.0015898502280570215,-0.4054118081545405,-0.04140611884430945,0.03931132417458755,-0.0015898502280570215,0.0058924287048160995,-0.024561751856763125
11,V04→V03,V04,V03,full_vs_b_lite_ft,b_lite_ft,B-lite 同任务微调,D2-024,0.06131970144353563,15.636523868101586,0.05624695702897553,0.047906815341101,0.06131970144353563,0.09013276302338766,0.06613490510154776
11,V04→V03,V04,V03,full_vs_b_lite_ft,b_lite_ft,B-lite 同任务微调,D2-025,0.04344133908549941,11.07754146680235,0.02146835707955891,0.06139739126794869,0.04344133908549941,0.004555693443214159,0.050750800984955935
11,V04→V03,V04,V03,full_vs_b_lite_ft,b_lite_ft,B-lite 同任务微调,D2-026,0.009423858031283983,2.4030837979774153,-0.0008792677937552174,0.009423858031283983,0.027533230797726987,0.017353530395631644,-0.014250922428314078
11,V04→V03,V04,V03,full_vs_b_lite_ft,b_lite_ft,B-lite 同任务微调,D2-027,0.0331842263219177,8.461977712089013,0.002273637761351921,0.0331842263219177,0.09573722534602686,0.05990423878995321,-0.00599133083096115
11,V04→V03,V04,V03,full_vs_b_lite_ft,b_lite_ft,B-lite 同任务微调,D2-028,0.014224381450517715,3.627217269882017,-0.008347660395098322,0.014224381450517715,0.038806690960938556,0.06914694600359159,-0.04424830328351184
11,V04→V03,V04,V03,full_vs_b_lite_ft,b_lite_ft,B-lite 同任务微调,D2-029,0.032609960112052055,8.315539828573273,0.00025127675288763585,0.032609960112052055,0.0473857362491962,0.032862259504886804,-0.0011643018000400962
11,V04→V03,V04,V03,full_vs_b_lite_ft,b_lite_ft,B-lite 同任务微调,D2-030,0.013366130633829215,3.40836331162645,0.013366130633829215,-0.03149325734582442,0.021225559757130363,-0.023897752222886953,0.04231939873019397
11,V04→V03,V04,V03,full_vs_b_lite_ft,b_lite_ft,B-lite 同任务微调,D2-031,-0.02524585923866221,-6.4376941058588635,0.010956551797949438,-0.026669632229540108,-0.006966894895535453,-0.029573019561276115,-0.02524585923866221
11,V04→V03,V04,V03,full_vs_b_lite_ft,b_lite_ft,B-lite 同任务微调,D2-032,0.1001062269012134,25.527087859809416,0.04695795936349001,0.1001062269012134,0.10735700431245337,0.10203072465496299,0.07357762455020422
11,V04→V03,V04,V03,full_vs_b_lite_ft,b_lite_ft,B-lite 同任务微调,D2-033,-0.027902854951443484,-7.115228012618089,-0.03901030328940061,-0.005609451796269982,-0.003961458149983832,-0.027902854951443484,-0.047302461633778575
11,V04→V03,V04,V03,full_vs_b_lite_ft,b_lite_ft,B-lite 同任务微调,D2-034,-0.01695416920325335,-4.323313146829604,-0.06950044284264248,-0.0038919334610303113,-0.00961792699846567,-0.01695416920325335,-0.02044104626950094
11,V04→V03,V04,V03,full_vs_b_lite_ft,b_lite_ft,B-lite 同任务微调,D2-035,-0.028262236677238206,-7.206870352695742,-0.01188403373116892,-0.037331753669633094,-0.028262236677238206,0.009224497239486262,-0.048490087056846154
11,V04→V03,V04,V03,full_vs_b_lite_ft,b_lite_ft,B-lite 同任务微调,D2-036,0.04067987501621245,10.373368129134175,0.013958014845848077,0.04492532064517335,0.06286993106206257,0.034672819574673996,0.04067987501621245
11,V04→V03,V04,V03,full_vs_b_lite_ft,b_lite_ft,B-lite 同任务微调,D2-037,0.015254929059130312,3.8900069100782297,0.01004839280401082,0.015254929059130312,0.03874843406910988,0.004801279317368484,0.030630143085385086
11,V04→V03,V04,V03,full_vs_b_lite_ft,b_lite_ft,B-lite 同任务微调,D2-038,0.03367153970123843,8.5862426238158,0.05807875140809812,-0.0363395224140666,-0.02373338311533385,0.03367153970123843,0.0403497607018877
11,V04→V03,V04,V03,full_vs_b_lite_ft,b_lite_ft,B-lite 同任务微调,D2-039,0.0013524171300843268,0.34486636817150335,-0.0026702007858968313,-0.023265858623580854,0.020534664738536518,0.02562582625147422,0.0013524171300843268
11,V04→V03,V04,V03,full_vs_b_lite_ft,b_lite_ft,B-lite 同任务微调,D2-040,0.021720794588327402,5.538802620023487,-0.009568999831875147,0.029718663543462753,0.03392454683780671,-0.0020524527877569254,0.021720794588327402
11,V04→V03,V04,V03,full_vs_b_lite_ft,b_lite_ft,B-lite 同任务微调,D2-041,0.04109875063101448,10.480181410908692,0.04271757404009499,0.022176798515849666,0.04523723853958976,-0.00038167039553324567,0.04109875063101448
11,V04→V03,V04,V03,full_vs_b_lite_ft,b_lite_ft,B-lite 同任务微调,D2-042,0.02822597097548374,7.197622598748353,0.005247738183800754,0.025090831606666725,0.02822597097548374,0.03882725241369214,0.052491310095393096
11,V04→V03,V04,V03,full_vs_b_lite_ft,b_lite_ft,B-lite 同任务微调,D2-043,0.02967027500271799,7.565920125693087,-1.3277969426461755e-06,0.02791554344197114,0.029832948578728563,0.02967027500271799,0.03428195759447086
11,V04→V03,V04,V03,full_vs_b_lite_ft,b_lite_ft,B-lite 同任务微调,D2-044,-0.009075443930743998,-2.3142382023397197,-0.017996026504478874,0.004333791822411004,-0.003586070954007814,-0.009075443930743998,-0.00982991649638773
11,V04→V03,V04,V03,full_vs_b_lite_ft,b_lite_ft,B-lite 同任务微调,D2-045,0.018460494962831336,4.70742621552199,0.0279612537007779,0.012502943895136315,0.018460494962831336,0.05366507725945366,0.017895808412383002
11,V04→V03,V04,V03,full_vs_b_lite_ft,b_lite_ft,B-lite 同任务微调,D2-046,0.05865403993796278,14.95678018418051,-0.021307295528791265,0.05950552721818286,0.08937633550295265,0.05865403993796278,0.032654575923437706
11,V04→V03,V04,V03,full_vs_b_lite_ft,b_lite_ft,B-lite 同任务微调,D2-047,-0.019225498789227496,-4.902502191253012,-0.04016978080000949,-0.005366089005096275,-0.019225498789227496,-0.022311601842589235,-0.012237833356302158
11,V04→V03,V04,V03,full_vs_b_lite_ft,b_lite_ft,B-lite 同任务微调,D2-048,0.024625989586807978,6.279627344636034,0.007589929498905357,0.054203598305236494,0.11819771983364755,0.01019328387901769,0.024625989586807978
11,V04→V03,V04,V03,full_vs_b_lite_ft,b_lite_ft,B-lite 同任务微调,D2-049,-0.05300928585655318,-13.51736789342106,-0.05300928585655318,-0.05367323105049332,-0.02307677665740493,-0.029737662160541967,-0.08337694800239265
11,V04→V03,V04,V03,full_vs_b_lite_ft,b_lite_ft,B-lite 同任务微调,D2-050,-0.0015567911183859418,-0.3969817351884152,-0.0015567911183859418,-0.019369417148777573,0.007024322469265043,0.002927818904734314,-0.004745786460355311
11,V04→V03,V04,V03,full_vs_b_lite_ft,b_lite_ft,B-lite 同任务微调,D2-051,0.010195606575587657,2.5998796767748527,0.010195606575587657,-0.028958771284083917,0.009196265055885833,0.013396831680346971,0.047187366288553606
11,V04→V03,V04,V03,full_vs_b_lite_ft,b_lite_ft,B-lite 同任务微调,D2-052,0.028950212194085723,7.38230410949186,0.05427419131320685,0.028950212194085723,0.05414718705596347,0.012770899820771786,0.02197591462784043
11,V04→V03,V04,V03,full_vs_b_lite_ft,b_lite_ft,B-lite 同任务微调,D2-053,0.008123134573300661,2.0713993161916684,-6.495429010225373e-05,0.031871978407618656,0.008123134573300661,0.03953911865065837,0.0072905449089647745
11,V04→V03,V04,V03,full_vs_b_lite_ft,b_lite_ft,B-lite 同任务微调,D2-054,-0.0028966888785362244,-0.7386556640267372,-0.006978159965503772,-0.010667348901430757,-0.002748411184265498,-0.0028966888785362244,-0.0026893844916706933
11,V04→V03,V04,V03,full_vs_b_lite_ft,b_lite_ft,B-lite 同任务微调,D2-055,0.01899750650890414,4.844364159770556,0.0005295690028898348,0.02542487443775257,0.01899750650890414,-0.01599749514172155,0.025572294749880348
11,V04→V03,V04,V03,full_vs_b_lite_ft,b_lite_ft,B-lite 同任务微调,D2-056,-0.009833313308764191,-2.5074948937348687,0.02678866959784343,-0.009833313308764191,-0.010407050126704592,0.013504248868296098,-0.02883223719570946
11,V04→V03,V04,V03,full_vs_b_lite_ft,b_lite_ft,B-lite 同任务微调,D2-057,0.0038075870947866797,0.9709347091706033,-0.02760022308495716,0.0038075870947866797,-0.016075101597764624,0.01230942980363603,0.007490236524159338
11,V04→V03,V04,V03,full_vs_b_lite_ft,b_lite_ft,B-lite 同任务微调,D2-058,0.06555166084206465,16.715673514726486,0.0572938716514802,0.059039168769405015,0.06555166084206465,0.07583430186881646,0.13101798483045587
11,V04→V03,V04,V03,full_vs_b_lite_ft,b_lite_ft,B-lite 同任务微调,D2-059,0.05623254885799006,14.339299958787466,-0.0004906491403691149,0.09113254759743897,0.06506156498751448,0.05623254885799006,0.031084180248585364
11,V04→V03,V04,V03,full_vs_b_lite_ft,b_lite_ft,B-lite 同任务微调,D2-060,0.039018313282184164,9.949669886956961,0.03220074759825828,0.010000562916199385,0.04364527407146637,0.039018313282184164,0.0670256441133836
11,V04→V03,V04,V03,full_vs_b_lite_ft,b_lite_ft,B-lite 同任务微调,D2-061,-0.02102169165244472,-5.360531371373403,0.00530928513433182,-0.02102169165244472,-0.005657646263766525,-0.051271467668633164,-0.030751286918281495
11,V04→V03,V04,V03,full_vs_b_lite_ft,b_lite_ft,B-lite 同任务微调,D2-062,-0.030510285186270886,-7.780122722499076,-0.0565021484400387,-0.037333209005494916,-0.028238247955838847,0.001666337168878984,-0.030510285186270886
11,V04→V03,V04,V03,full_vs_b_lite_ft,b_lite_ft,B-lite 同任务微调,D2-063,-0.022144869611155804,-5.64694175084473,-0.022144869611155804,-0.017702248649763275,-0.020490372502575793,-0.02689734167454999,-0.022730450914368594
11,V04→V03,V04,V03,full_vs_b_lite_ft,b_lite_ft,B-lite 同任务微调,D2-064,0.014540705503078927,3.7078799032851264,-0.03249607082695988,0.014540705503078927,0.0214619829117903,0.045408591584504,0.0006651340695152386
11,V04→V03,V04,V03,full_vs_b_lite_ft,b_lite_ft,B-lite 同任务微调,D2-065,0.007431004209076442,1.8949060733144927,0.02789356714101876,-0.004540794712751095,0.02657067319568321,-0.006524241054240543,0.007431004209076442
11,V04→V03,V04,V03,full_vs_b_lite_ft,b_lite_ft,B-lite 同任务微调,D2-066,0.031706426899893836,8.085138859472929,0.0365270785339204,0.031706426899893836,0.023039634602192105,0.017869393600512595,0.054811303091027386
11,V04→V03,V04,V03,full_vs_b_lite_ft,b_lite_ft,B-lite 同任务微调,D2-067,-0.05842429161071777,-14.898194360733031,-0.08064613570769628,-0.06063038398822149,-0.022374498347441346,-0.03343943178653719,-0.05842429161071777
11,V04→V03,V04,V03,full_vs_b_lite_ft,b_lite_ft,B-lite 同任务微调,D2-068,0.008256724959122386,2.1054648645762084,-0.03343302896021361,0.019389464020513114,-0.0483740160628649,0.008256724959122386,0.011032715664753612
11,V04→V03,V04,V03,full_vs_b_lite_ft,b_lite_ft,B-lite 同任务微调,D2-069,0.024438174590928313,6.23173452068672,-0.055103600577071865,0.04264921336262317,0.024438174590928313,0.03628630890154544,0.012892392360501825
11,V04→V03,V04,V03,full_vs_b_lite_ft,b_lite_ft,B-lite 同任务微调,D2-070,-0.013602220941157567,-3.4685663399951796,-0.013602220941157567,2.9727934844903103e-05,-0.011309691483066209,-0.023814626392864024,-0.017291275488715313
11,V04→V03,V04,V03,full_vs_b_lite_ft,b_lite_ft,B-lite 同任务微调,D2-071,0.008977748819937292,2.2893259490840094,0.017642765945444505,-0.0012397227560480562,0.008977748819937292,0.004243158207585418,0.06314005993927518
11,V04→V03,V04,V03,full_vs_b_lite_ft,b_lite_ft,B-lite 同任务微调,D2-072,-0.019640767077604954,-5.008395604789263,-0.019640767077604954,-0.006088530023892702,-0.014316758140921593,-0.0679894036302964,-0.03057886511087418
11,V04→V03,V04,V03,full_vs_b_lite_ft,b_lite_ft,B-lite 同任务微调,D2-073,-0.033069020456022,-8.43260021628561,-0.033069020456022,0.023418269984357004,-0.03930420485568478,-0.028996501386434087,-0.03812964032362173
11,V04→V03,V04,V03,full_vs_b_lite_ft,b_lite_ft,B-lite 同任务微调,D2-074,0.05706295294997593,14.551053002243863,0.05706295294997593,0.06580544298049062,0.0752769113363077,0.04836111833186196,0.006828499368081498
11,V04→V03,V04,V03,full_vs_b_lite_ft,b_lite_ft,B-lite 同任务微调,D2-075,-0.04323004482574361,-11.02366143056462,-0.04563315236760726,-0.02835644749544,-0.04323004482574361,-0.014634400606155396,-0.06399306791123524
11,V04→V03,V04,V03,full_vs_b_lite_ft,b_lite_ft,B-lite 同任务微调,D2-076,-0.013531449513557614,-3.4505196259571917,-0.0446971032099846,0.03189348448545504,0.020551737302388906,-0.014526540270218491,-0.013531449513557614
11,V04→V03,V04,V03,full_vs_b_lite_ft,b_lite_ft,B-lite 同任务微调,D2-077,0.008503351848395069,2.1683547213407426,-0.04973347932987271,0.028547560086562562,0.008503351848395069,0.03097210576136905,0.0069669706392146424
11,V04→V03,V04,V03,full_vs_b_lite_ft,b_lite_ft,B-lite 同任务微调,D2-078,-0.05630089317122075,-14.356727758661291,-0.08941884466216096,-0.05630089317122075,-0.0442923416630325,-0.09087470568652845,-0.04382180963825977
11,V04→V03,V04,V03,full_vs_b_lite_ft,b_lite_ft,B-lite 同任务微调,D2-079,0.007241458983884924,1.8465720408906556,0.004519024739662814,0.007842566611038299,0.02407888060228694,0.007241458983884924,-0.011132830277913147
11,V04→V03,V04,V03,full_vs_b_lite_ft,b_lite_ft,B-lite 同任务微调,D2-080,-0.013509104630121838,-3.4448216806810685,-0.013509104630121838,-0.027387296007229722,0.053477335291413186,-0.048235644552952206,0.04479206021970661
11,V04→V03,V04,V03,full_vs_b_lite_ft,b_lite_ft,B-lite 同任务微调,D2-081,0.007198687861947467,1.8356654047966041,-0.0025034914998447177,0.02035246818673378,0.007198687861947467,0.021305607230055548,-0.03251214062466343
11,V04→V03,V04,V03,full_vs_b_lite_ft,b_lite_ft,B-lite 同任务微调,D2-082,0.046994213404413954,11.983524418125558,0.04978915501166792,0.06511165810371539,0.026289512835491746,0.046994213404413954,0.024323644201739936
11,V04→V03,V04,V03,full_vs_b_lite_ft,b_lite_ft,B-lite 同任务微调,D2-083,0.019562472391760732,4.988430459898987,0.019562472391760732,0.03428125110539523,-0.012725747839519463,0.005862399314840616,0.028255641799081438
11,V04→V03,V04,V03,full_vs_b_lite_ft,b_lite_ft,B-lite 同任务微调,D2-084,-0.011269317657982947,-2.8736760027856514,-0.011269317657982947,-0.018452951620365005,0.006893000618993561,-0.015036817682885562,-0.0075446047402661365
11,V04→V03,V04,V03,full_vs_b_lite_ft,b_lite_ft,B-lite 同任务微调,D2-085,-0.07559795275567072,-19.27747795269603,-0.11623576482284875,-0.041000416029303766,-0.10201922679940859,-0.07559795275567072,-0.05789382740973481
11,V04→V03,V04,V03,full_vs_b_lite_ft,b_lite_ft,B-lite 同任务微调,D2-086,-0.015044110525330445,-3.8362481839592637,-0.047035900117070595,0.007439270874278425,-0.04817338495653259,-0.015044110525330445,0.02598747107441776
11,V04→V03,V04,V03,full_vs_b_lite_ft,b_lite_ft,B-lite 同任务微调,D2-087,-0.03204119095095881,-8.170503692494496,-0.08947278172881518,-0.03204119095095881,-0.02193750385884885,0.018162865881566653,-0.053081304662757456
11,V04→V03,V04,V03,full_vs_b_lite_ft,b_lite_ft,B-lite 同任务微调,D2-088,0.021577705111768514,5.502314803500971,-0.0008708786357332354,0.026540846460395368,0.021577705111768514,0.03593585226270887,-0.009559311938506593
11,V04→V03,V04,V03,full_vs_b_lite_ft,b_lite_ft,B-lite 同任务微调,D2-089,0.007748451063541745,1.975855021203145,-0.02949772217397481,0.008191595108456962,0.017306526257692134,0.007748451063541745,0.00013997214413732917
11,V04→V03,V04,V03,full_vs_b_lite_ft,b_lite_ft,B-lite 同任务微调,D2-090,0.007656054751891073,1.9522939617322235,0.009233736754818395,0.01749045778856133,0.0060660457520773925,-0.031458312668132066,0.007656054751891073
11,V04→V03,V04,V03,full_vs_b_lite_ft,b_lite_ft,B-lite 同任务微调,D2-091,-0.0019886781105665774,-0.5071129181944772,-0.02389794700150566,-0.0019886781105665774,-0.0017706499230570882,-0.02035737493476736,0.005980389753008242
11,V04→V03,V04,V03,full_vs_b_lite_ft,b_lite_ft,B-lite 同任务微调,D2-092,-0.028217139591773355,-7.195370595902205,-0.08672976747155187,-0.019599874715010346,-0.028217139591773355,-0.02779305644333363,-0.06965391770005225
11,V04→V03,V04,V03,full_vs_b_lite_ft,b_lite_ft,B-lite 同任务微调,D2-093,-0.02640156857669354,-6.732399987056853,-0.06073162626932585,-0.02640156857669354,-0.01461548216379524,-0.02347099601307459,-0.058348140434214935
11,V04→V03,V04,V03,full_vs_b_lite_ft,b_lite_ft,B-lite 同任务微调,D2-094,0.028372468313141053,7.234979419850968,-0.0055936462827411715,0.028372468313141053,0.02831504699454901,0.030638782298760797,0.049900388974748855
11,V04→V03,V04,V03,full_vs_b_lite_ft,b_lite_ft,B-lite 同任务微调,D2-095,-0.030147764260175985,-7.687679886344876,-0.0553887055585624,-0.03634446433612279,-0.030147764260175985,-0.019297119249742478,-0.017964249802014193
11,V04→V03,V04,V03,full_vs_b_lite_ft,b_lite_ft,B-lite 同任务微调,D2-096,-0.022898703857123504,-5.839169483566494,-0.026191469782974264,0.019340639340293675,-0.03904974505261721,0.00502768228625694,-0.022898703857123504
11,V04→V03,V04,V03,full_vs_b_lite_ft,b_lite_ft,B-lite 同任务微调,D2-097,0.006826620906759798,1.7407883312237484,0.007813958545862615,-0.013054809748789697,0.009922593326891882,-0.021369626040512554,0.006826620906759798
11,V04→V03,V04,V03,full_vs_b_lite_ft,b_lite_ft,B-lite 同任务微调,D2-098,-0.009377206787995418,-2.3911877309388316,-0.04493654027898261,0.010173768122145488,-0.004202969002385509,-0.012952915320159714,-0.009377206787995418
11,V04→V03,V04,V03,full_vs_b_lite_ft,b_lite_ft,B-lite 同任务微调,D2-099,0.006201062564338944,1.5812709539064307,-0.01264808908814477,0.006201062564338944,0.02302827882092623,-0.007144219321863987,0.02475849771428676
11,V04→V03,V04,V03,full_vs_b_lite_ft,b_lite_ft,B-lite 同任务微调,D2-100,-0.024256910179175584,-6.185512095689774,-0.04653258329513027,-0.024256910179175584,-0.004229273135755607,0.02165987561730781,-0.05988789057614757
11,V04→V03,V04,V03,full_vs_freeuv_conserved,freeuv_conserved,FreeUV（已观测纹理保持）,D2-001,-0.008930017932867407,-2.2771545728811886,-0.05048316726699853,-0.0034262846009089354,-0.022815798051082165,-0.008930017932867407,-0.0003011683718516234
11,V04→V03,V04,V03,full_vs_freeuv_conserved,freeuv_conserved,FreeUV（已观测纹理保持）,D2-002,0.16141973179514688,41.16203160776245,0.13081414468826785,0.16141973179514688,0.18387848403184642,0.1614969124396642,0.13370715362089935
11,V04→V03,V04,V03,full_vs_freeuv_conserved,freeuv_conserved,FreeUV（已观测纹理保持）,D2-003,-0.0011032179654019147,-0.28132058117748826,-0.017319504159895138,-0.0011032179654019147,0.0028152551455130626,-0.004223824742267734,0.059559464196926426
11,V04→V03,V04,V03,full_vs_freeuv_conserved,freeuv_conserved,FreeUV（已观测纹理保持）,D2-004,0.05848207967034705,14.912930315938498,0.029103603042747783,0.08578841790728187,0.05513679240455574,0.05848207967034705,0.08465850524518684
11,V04→V03,V04,V03,full_vs_freeuv_conserved,freeuv_conserved,FreeUV（已观测纹理保持）,D2-005,0.02704908269264833,6.897516086625324,0.02704908269264833,0.07724214535138757,0.02566640453067004,0.01867458412077605,0.051450098455273374
11,V04→V03,V04,V03,full_vs_freeuv_conserved,freeuv_conserved,FreeUV（已观测纹理保持）,D2-006,0.05437149758311527,13.864731883694393,0.020685953955198177,0.05739254410239475,0.05437149758311527,0.06777750769223292,0.022063782160309575
11,V04→V03,V04,V03,full_vs_freeuv_conserved,freeuv_conserved,FreeUV（已观测纹理保持）,D2-007,0.06876787699239198,17.535808633059954,0.052512683263120724,0.07205661253411641,0.07659095958914869,0.06565671754899877,0.06876787699239198
11,V04→V03,V04,V03,full_vs_freeuv_conserved,freeuv_conserved,FreeUV（已观测纹理保持）,D2-008,0.014017977046908103,3.5745841469615662,0.005983806277314818,0.020334147245568424,0.014017977046908103,0.0066110198915589335,0.03383103669712356
11,V04→V03,V04,V03,full_vs_freeuv_conserved,freeuv_conserved,FreeUV（已观测纹理保持）,D2-009,0.23572346633152358,60.109483914538515,0.2300315107854586,0.24772660966430393,0.23572346633152358,0.238173039984845,0.22834502748908506
11,V04→V03,V04,V03,full_vs_freeuv_conserved,freeuv_conserved,FreeUV（已观测纹理保持）,D2-010,0.08333176866173742,21.249601008743042,0.06632018834352493,0.10316413164138794,0.15101169399917125,0.08333176866173742,0.07642481923103334
11,V04→V03,V04,V03,full_vs_freeuv_conserved,freeuv_conserved,FreeUV（已观测纹理保持）,D2-011,0.11030484752350107,28.127736118492773,0.1243180575116572,0.10766346980300215,0.09953731258779211,0.11030484752350107,0.13199246069416404
11,V04→V03,V04,V03,full_vs_freeuv_conserved,freeuv_conserved,FreeUV（已观测纹理保持）,D2-012,0.05774336804946267,14.724558852612981,0.05774336804946267,0.0625814232808441,0.018215223553761928,0.08138856410387146,-0.0037725812463617614
11,V04→V03,V04,V03,full_vs_freeuv_conserved,freeuv_conserved,FreeUV（已观测纹理保持）,D2-013,0.02416826890678042,6.162908571229007,-0.003612291069828688,0.03658572675333893,0.02416826890678042,-0.017813946596052288,0.026408498877914133
11,V04→V03,V04,V03,full_vs_freeuv_conserved,freeuv_conserved,FreeUV（已观测纹理保持）,D2-014,0.10374966907804298,26.45616561490096,0.14742564258434007,0.07734396855878292,0.10374966907804298,0.057601280005301486,0.1635908909184111
11,V04→V03,V04,V03,full_vs_freeuv_conserved,freeuv_conserved,FreeUV（已观测纹理保持）,D2-015,0.0009592930594133908,0.24461973015041466,-0.02168686274025175,-0.0067849841619294915,0.0009592930594133908,0.01064487942864023,0.013818990320913382
11,V04→V03,V04,V03,full_vs_freeuv_conserved,freeuv_conserved,FreeUV（已观测纹理保持）,D2-016,-0.03559200859804085,-9.075962192500416,-0.04853280633687973,-0.0335958805745063,-0.03303875585181126,-0.03559200859804085,-0.06985261102301488
11,V04→V03,V04,V03,full_vs_freeuv_conserved,freeuv_conserved,FreeUV（已观测纹理保持）,D2-017,0.04928910062111247,12.568720658383679,0.04442934620948069,0.04928910062111247,0.05158565895109585,0.09025657555413627,0.033012226184524596
11,V04→V03,V04,V03,full_vs_freeuv_conserved,freeuv_conserved,FreeUV（已观测纹理保持）,D2-018,-0.0010661416424390668,-0.27186611882196204,0.01548442731683071,-0.004036562994886667,-0.0010661416424390668,0.006519706083986998,-0.004451190408032685
11,V04→V03,V04,V03,full_vs_freeuv_conserved,freeuv_conserved,FreeUV（已观测纹理保持）,D2-019,0.037104812559780764,9.461727202744095,0.02687955553735699,0.04884486719294712,0.044450251771523064,0.037104812559780764,0.013197442969760387
11,V04→V03,V04,V03,full_vs_freeuv_conserved,freeuv_conserved,FreeUV（已观测纹理保持）,D2-020,0.11032770361219135,28.133564421108794,0.1064680043667082,0.11032770361219135,0.11342244358762865,0.13325936891256818,0.10564029867213873
11,V04→V03,V04,V03,full_vs_freeuv_conserved,freeuv_conserved,FreeUV（已观测纹理保持）,D2-021,0.11028945406277976,28.12381078600884,0.11028945406277976,0.11494986097017926,0.06995909770329795,0.08851727545261384,0.1420865313212077
11,V04→V03,V04,V03,full_vs_freeuv_conserved,freeuv_conserved,FreeUV（已观测纹理保持）,D2-022,-0.0075723510412942785,-1.930949515530041,-0.028272152088937297,-0.0075723510412942785,0.006481538642020446,-0.0037988292319434125,-0.021919894360360653
11,V04→V03,V04,V03,full_vs_freeuv_conserved,freeuv_conserved,FreeUV（已观测纹理保持）,D2-023,-0.10484969724192578,-26.736672796691074,-0.09733304527834952,-0.07531894520561921,-0.12412527910409837,-0.11501043022443086,-0.10484969724192578
11,V04→V03,V04,V03,full_vs_freeuv_conserved,freeuv_conserved,FreeUV（已观测纹理保持）,D2-024,0.06178064924170712,15.754065556635316,0.06178064924170712,0.029517774115985523,0.06342777312501494,0.07904900844807913,0.0580074910966443
11,V04→V03,V04,V03,full_vs_freeuv_conserved,freeuv_conserved,FreeUV（已观测纹理保持）,D2-025,-0.012976576115876937,-3.309026909548619,-0.03258031689458424,0.033083324483226206,-0.012976576115876937,-0.029931971936353607,0.016576455462546547
11,V04→V03,V04,V03,full_vs_freeuv_conserved,freeuv_conserved,FreeUV（已观测纹理保持）,D2-026,0.0066952087966970775,1.7072782431577547,0.0066952087966970775,0.006013028439163265,0.022220032563967318,0.02128800827749941,-0.005450349301099777
11,V04→V03,V04,V03,full_vs_freeuv_conserved,freeuv_conserved,FreeUV（已观测纹理保持）,D2-027,0.13397737688595251,34.16423110591789,0.13397737688595251,0.11334896191794386,0.19898396986787037,0.14132243987693582,0.11104673575810209
11,V04→V03,V04,V03,full_vs_freeuv_conserved,freeuv_conserved,FreeUV（已观测纹理保持）,D2-028,0.1769952209505402,45.133781342387756,0.1769952209505402,0.1504458277543754,0.1866442017533161,0.18917525039962782,0.11079016256571556
11,V04→V03,V04,V03,full_vs_freeuv_conserved,freeuv_conserved,FreeUV（已观测纹理保持）,D2-029,0.06186303267112145,15.77507333113597,0.06186303267112145,0.06880464290197078,0.07773402858621034,0.04899400291152489,0.0413978791867311
11,V04→V03,V04,V03,full_vs_freeuv_conserved,freeuv_conserved,FreeUV（已观测纹理保持）,D2-030,0.10887230690069125,27.76243825967627,0.10887230690069125,0.08343711629567016,0.1306697403391202,0.09505461952809627,0.1354875599116201
11,V04→V03,V04,V03,full_vs_freeuv_conserved,freeuv_conserved,FreeUV（已观测纹理保持）,D2-031,0.04668572253128245,11.904859245477024,0.08056928287668713,0.03881226264332471,0.05808733046403408,0.04322874513373043,0.04668572253128245
11,V04→V03,V04,V03,full_vs_freeuv_conserved,freeuv_conserved,FreeUV（已观测纹理保持）,D2-032,-0.09821259324657328,-25.044211277876187,-0.14310916064790002,-0.0952585537538484,-0.09503780013341229,-0.09821259324657328,-0.12203129029108417
11,V04→V03,V04,V03,full_vs_freeuv_conserved,freeuv_conserved,FreeUV（已观测纹理保持）,D2-033,0.013735243492455612,3.502487090576181,0.013735243492455612,0.022001320565188387,0.023300815486546722,0.006104954477612834,-0.0007888263072630131
11,V04→V03,V04,V03,full_vs_freeuv_conserved,freeuv_conserved,FreeUV（已观测纹理保持）,D2-034,0.012967015291545897,3.3065888993442036,-0.017279321174411222,0.02860346239279299,0.015403056334631099,0.012967015291545897,0.0033477976479951155
11,V04→V03,V04,V03,full_vs_freeuv_conserved,freeuv_conserved,FreeUV（已观测纹理保持）,D2-035,0.21682701001897506,55.29088755483864,0.22825412770342784,0.20393580837732123,0.21682701001897506,0.24007443197173967,0.198192542278019
11,V04→V03,V04,V03,full_vs_freeuv_conserved,freeuv_conserved,FreeUV（已观测纹理保持）,D2-036,0.03077875753243764,7.848583170771598,0.030339719255765285,0.037922479907671613,0.05187568992376329,0.0060619256893794105,0.03077875753243764
11,V04→V03,V04,V03,full_vs_freeuv_conserved,freeuv_conserved,FreeUV（已观测纹理保持）,D2-037,-0.014027045236206515,-3.5768965352326614,-0.023620087744704643,-0.014027045236206515,0.011705769152910106,-0.025657255640801235,-6.353195902761288e-05
11,V04→V03,V04,V03,full_vs_freeuv_conserved,freeuv_conserved,FreeUV（已观测纹理保持）,D2-038,-0.002535766548622531,-0.6466204698987454,0.008432274849354465,-0.005427259684614993,-0.03433210173236673,-0.002535766548622531,0.023669737740910995
11,V04→V03,V04,V03,full_vs_freeuv_conserved,freeuv_conserved,FreeUV（已观测纹理保持）,D2-039,0.012606229083459874,3.214588416282268,0.012606229083459874,-0.0011526756395733306,0.023772398610421214,0.02431469217268495,0.003873576415203972
11,V04→V03,V04,V03,full_vs_freeuv_conserved,freeuv_conserved,FreeUV（已观测纹理保持）,D2-040,0.054257386177778255,13.835633475333456,0.03691989295184614,0.05847735901673637,0.06546076585849128,0.010812169810136163,0.054257386177778255
11,V04→V03,V04,V03,full_vs_freeuv_conserved,freeuv_conserved,FreeUV（已观测纹理保持）,D2-041,0.18309563332133824,46.68938649694125,0.17639626397026908,0.18309563332133824,0.21159553792741564,0.16153850687874688,0.19475151432885063
11,V04→V03,V04,V03,full_vs_freeuv_conserved,freeuv_conserved,FreeUV（已观测纹理保持）,D2-042,0.017408887977030302,4.439266434142727,0.007410712297506256,-0.004238661464260912,0.017408887977030302,0.018405077293857736,0.030060935476473677
11,V04→V03,V04,V03,full_vs_freeuv_conserved,freeuv_conserved,FreeUV（已观测纹理保持）,D2-043,0.08057792980430856,20.54737210009868,0.05961609936008852,0.07462267806339595,0.08702677483153012,0.08057792980430856,0.08864180346330008
11,V04→V03,V04,V03,full_vs_freeuv_conserved,freeuv_conserved,FreeUV（已观测纹理保持）,D2-044,0.08410339203667672,21.44636496935256,0.08410339203667672,0.10350842188125936,0.0863897632987459,0.08346348652697128,0.08167930684785768
11,V04→V03,V04,V03,full_vs_freeuv_conserved,freeuv_conserved,FreeUV（已观测纹理保持）,D2-045,0.05379672703177976,13.71816539310384,0.0765944998168076,0.04319072049887229,0.05379672703177976,0.08427287865585337,0.051057718764059234
11,V04→V03,V04,V03,full_vs_freeuv_conserved,freeuv_conserved,FreeUV（已观测纹理保持）,D2-046,0.1561568235197375,39.819989997533064,0.08304689167648238,0.1561568235197375,0.1902344180371172,0.1566791758742384,0.1417989935926212
11,V04→V03,V04,V03,full_vs_freeuv_conserved,freeuv_conserved,FreeUV（已观测纹理保持）,D2-047,0.05831532906193068,14.870408910792325,0.045908137653753456,0.08249627783273658,0.053348950977784165,0.05831532906193068,0.0725492830388248
11,V04→V03,V04,V03,full_vs_freeuv_conserved,freeuv_conserved,FreeUV（已观测纹理保持）,D2-048,0.10480886137531711,26.726259650705863,0.1030024467397106,0.11520249177088113,0.15904551230428757,0.08760989723048473,0.10480886137531711
11,V04→V03,V04,V03,full_vs_freeuv_conserved,freeuv_conserved,FreeUV（已观测纹理保持）,D2-049,0.004844260015865687,1.2352863040457502,0.004844260015865687,-0.01669167533395738,0.023297862127059865,0.014642761369061674,-0.03282799517236101
11,V04→V03,V04,V03,full_vs_freeuv_conserved,freeuv_conserved,FreeUV（已观测纹理保持）,D2-050,0.13039811760282669,33.2515199887208,0.13105042233394507,0.11124257307945407,0.13536111556757718,0.13039811760282669,0.1251720296871713
11,V04→V03,V04,V03,full_vs_freeuv_conserved,freeuv_conserved,FreeUV（已观测纹理保持）,D2-051,0.12634941705344424,32.21910134862828,0.12634941705344424,0.09749175441808672,0.11976814178644488,0.13028148531843473,0.15408789760685007
11,V04→V03,V04,V03,full_vs_freeuv_conserved,freeuv_conserved,FreeUV（已观测纹理保持）,D2-052,0.07655149431090161,19.52063104927991,0.10637446062056102,0.07655149431090161,0.0936480350510189,0.060425506867092055,0.0702549699279997
11,V04→V03,V04,V03,full_vs_freeuv_conserved,freeuv_conserved,FreeUV（已观测纹理保持）,D2-053,0.013662925867856252,3.484046096303344,0.010423965794944229,0.021962271596508487,-0.0009253548308350568,0.02529465908120418,0.013662925867856252
11,V04→V03,V04,V03,full_vs_freeuv_conserved,freeuv_conserved,FreeUV（已观测纹理保持）,D2-054,0.030206970089957846,7.702777372939251,0.023680654132650025,0.04583691266321002,0.030206970089957846,0.023335870745636172,0.032198418251105726
11,V04→V03,V04,V03,full_vs_freeuv_conserved,freeuv_conserved,FreeUV（已观测纹理保持）,D2-055,0.0890013610803953,22.695347075500802,0.0890013610803953,0.08763650548394009,0.09479364776803603,0.04495538298481255,0.09554233434059287
11,V04→V03,V04,V03,full_vs_freeuv_conserved,freeuv_conserved,FreeUV（已观测纹理保持）,D2-056,0.06457592854681221,16.466861779437114,0.1091058843269728,0.06979048003753024,0.04977765765742978,0.06281796788823774,0.06457592854681221
11,V04→V03,V04,V03,full_vs_freeuv_conserved,freeuv_conserved,FreeUV（已观测纹理保持）,D2-057,0.09506435260721824,24.241409914840652,0.08156902118154416,0.09516532840282937,0.06510714132611348,0.09901055813259713,0.09506435260721824
11,V04→V03,V04,V03,full_vs_freeuv_conserved,freeuv_conserved,FreeUV（已观测纹理保持）,D2-058,0.02619199074191969,6.678957639189521,-0.009277300223772655,0.02619199074191969,0.010960473787862024,0.034438064378319366,0.06211624876696828
11,V04→V03,V04,V03,full_vs_freeuv_conserved,freeuv_conserved,FreeUV（已观测纹理保持）,D2-059,-0.04022681585660107,-10.257838043433273,-0.06943782112882499,-0.01827293602825955,-0.03349552751241022,-0.04022681585660107,-0.06106465986292614
11,V04→V03,V04,V03,full_vs_freeuv_conserved,freeuv_conserved,FreeUV（已观测纹理保持）,D2-060,0.0582845953130533,14.862571804828592,0.019429192656562455,0.049669416236972075,0.0582845953130533,0.06716343482571935,0.08578934786575182
11,V04→V03,V04,V03,full_vs_freeuv_conserved,freeuv_conserved,FreeUV（已观测纹理保持）,D2-061,-0.05607414850567141,-14.29890786894621,-0.05607414850567141,-0.05058634558167216,-0.05533152156405982,-0.07306653840674296,-0.05817160233218446
11,V04→V03,V04,V03,full_vs_freeuv_conserved,freeuv_conserved,FreeUV（已观测纹理保持）,D2-062,-0.001980458213775238,-0.5050168445126857,-0.01585496955171778,-0.00996900550607177,-0.001980458213775238,0.02738149356510905,-0.001430663431960133
11,V04→V03,V04,V03,full_vs_freeuv_conserved,freeuv_conserved,FreeUV（已观测纹理保持）,D2-063,0.026090407571017382,6.653053930609432,0.011868546833920302,0.03878669405121943,0.026090407571017382,0.021869203197907194,0.026450331358473134
11,V04→V03,V04,V03,full_vs_freeuv_conserved,freeuv_conserved,FreeUV（已观测纹理保持）,D2-064,0.05246922212560273,13.379651642028696,0.041734762489795685,0.0503156021760221,0.07242631001604927,0.08976567872086463,0.05246922212560273
11,V04→V03,V04,V03,full_vs_freeuv_conserved,freeuv_conserved,FreeUV（已观测纹理保持）,D2-065,0.023136898824552277,5.89990920026083,0.005077642673740584,0.026717485340476854,0.023136898824552277,0.009441274706096875,0.02489498395751527
11,V04→V03,V04,V03,full_vs_freeuv_conserved,freeuv_conserved,FreeUV（已观测纹理保持）,D2-066,-0.03823668231348415,-9.750353989938459,-0.04169047434196804,-0.03631992399310452,-0.03823668231348415,-0.0517993955992353,-0.017428711684413845
11,V04→V03,V04,V03,full_vs_freeuv_conserved,freeuv_conserved,FreeUV（已观测纹理保持）,D2-067,0.009157153964042652,2.3350742608308765,0.0019031656781832162,0.0057625974218050435,0.036411816577116646,0.033163873851299264,0.009157153964042652
11,V04→V03,V04,V03,full_vs_freeuv_conserved,freeuv_conserved,FreeUV（已观测纹理保持）,D2-068,-0.031773462387674645,-8.102232908857035,-0.058027186489479576,-0.02424271145592566,-0.06806063337098572,-0.03158007895097065,-0.031773462387674645
11,V04→V03,V04,V03,full_vs_freeuv_conserved,freeuv_conserved,FreeUV（已观测纹理保持）,D2-069,0.012599675329746984,3.212917209085481,-0.012186911646966614,0.03214067689798494,0.04042734158581787,-0.019991402824719784,0.012599675329746984
11,V04→V03,V04,V03,full_vs_freeuv_conserved,freeuv_conserved,FreeUV（已观测纹理保持）,D2-070,0.1742765778705241,44.44052735698365,0.1798659469045344,0.17729165730258775,0.1742765778705241,0.1374030260457879,0.16757152699643657
11,V04→V03,V04,V03,full_vs_freeuv_conserved,freeuv_conserved,FreeUV（已观测纹理保持）,D2-071,-0.046587635154525464,-11.879846964403994,-0.042614126503467575,-0.05723247452328606,-0.051507335081696526,-0.046587635154525464,0.004234770499169815
11,V04→V03,V04,V03,full_vs_freeuv_conserved,freeuv_conserved,FreeUV（已观测纹理保持）,D2-072,0.004401159286499007,1.1222956180572468,0.004401159286499007,0.025223242988189065,0.007861230398217844,-0.0039127569645643345,0.00335795879364012
11,V04→V03,V04,V03,full_vs_freeuv_conserved,freeuv_conserved,FreeUV（已观测纹理保持）,D2-073,0.0498049428669719,12.700260431077835,0.04119558410870061,0.1067447097183348,0.03184535122803739,0.06262711821509914,0.0498049428669719
11,V04→V03,V04,V03,full_vs_freeuv_conserved,freeuv_conserved,FreeUV（已观测纹理保持）,D2-074,0.09007941493764521,22.97025080909953,0.09007941493764521,0.11614963191871841,0.13236932304377358,0.07879375865062077,0.055413136941691254
11,V04→V03,V04,V03,full_vs_freeuv_conserved,freeuv_conserved,FreeUV（已观测纹理保持）,D2-075,-0.009802946640599136,-2.4997513933527795,-0.01178019493818283,-0.007132433354854584,-0.009802946640599136,0.010242801680359792,-0.046042578274844786
11,V04→V03,V04,V03,full_vs_freeuv_conserved,freeuv_conserved,FreeUV（已观测纹理保持）,D2-076,-0.13294397638394279,-33.90071397790541,-0.13732977593556428,-0.10970739294321108,-0.11347991992265749,-0.13294397638394279,-0.1374278332178409
11,V04→V03,V04,V03,full_vs_freeuv_conserved,freeuv_conserved,FreeUV（已观测纹理保持）,D2-077,0.034630563110113144,8.830793593078852,-0.0028853351693777785,0.03166011330627261,0.03769711254253272,0.036512755301027044,0.034630563110113144
11,V04→V03,V04,V03,full_vs_freeuv_conserved,freeuv_conserved,FreeUV（已观测纹理保持）,D2-078,-0.042135446212994754,-10.744538784313661,-0.07367981957574177,-0.040764337803563505,-0.042135446212994754,-0.09125945927240908,-0.022312694889867424
11,V04→V03,V04,V03,full_vs_freeuv_conserved,freeuv_conserved,FreeUV（已观测纹理保持）,D2-079,0.15720437253928846,40.087114997518555,0.15539127805580696,0.15720437253928846,0.16872890003853375,0.16921474041624202,0.14625522537777821
11,V04→V03,V04,V03,full_vs_freeuv_conserved,freeuv_conserved,FreeUV（已观测纹理保持）,D2-080,-0.054121287472737145,-13.800928305547972,-0.054121287472737145,-0.07714240465026634,-0.009657169888034833,-0.08658645957326278,-0.02064334617402308
11,V04→V03,V04,V03,full_vs_freeuv_conserved,freeuv_conserved,FreeUV（已观测纹理保持）,D2-081,0.0727056820018619,18.539948910474784,0.0727056820018619,0.07323069081586953,0.06298948269264373,0.08965461569673876,0.037683333251990525
11,V04→V03,V04,V03,full_vs_freeuv_conserved,freeuv_conserved,FreeUV（已观测纹理保持）,D2-082,0.04284383945800119,10.925179061790303,0.04284383945800119,0.056774147634023164,0.02018654407336823,0.04663216746320914,0.026968196131824662
11,V04→V03,V04,V03,full_vs_freeuv_conserved,freeuv_conserved,FreeUV（已观测纹理保持）,D2-083,0.0041276445104317105,1.0525493501600862,0.02245494570921769,0.0267203493100224,-0.009947755458680069,-0.025606761714725812,0.0041276445104317105
11,V04→V03,V04,V03,full_vs_freeuv_conserved,freeuv_conserved,FreeUV（已观测纹理保持）,D2-084,0.05195230821511526,13.247838594854391,0.05588097358300881,0.03999391857577467,0.0667543930440456,0.045997980553870915,0.05195230821511526
11,V04→V03,V04,V03,full_vs_freeuv_conserved,freeuv_conserved,FreeUV（已观测纹理保持）,D2-085,-0.017687624675177427,-4.5103442921702435,-0.05621652305865338,0.011288535293369067,-0.040557110652564066,-0.017687624675177427,0.006203485948462317
11,V04→V03,V04,V03,full_vs_freeuv_conserved,freeuv_conserved,FreeUV（已观测纹理保持）,D2-086,0.11420672610229643,29.12271515608559,0.07847262974138614,0.12531819479126072,0.08672279091034502,0.11420672610229643,0.14772861744104712
11,V04→V03,V04,V03,full_vs_freeuv_conserved,freeuv_conserved,FreeUV（已观测纹理保持）,D2-087,0.012050453435491632,3.072865626050366,-0.00886183176879532,0.030750416219234467,0.0005194878688564997,0.05692151216445146,0.012050453435491632
11,V04→V03,V04,V03,full_vs_freeuv_conserved,freeuv_conserved,FreeUV（已观测纹理保持）,D2-088,-0.032771519488758505,-8.35673746963342,-0.029595555392680356,-0.03943396166518884,-0.00991433555329288,-0.032771519488758505,-0.036736778638981005
11,V04→V03,V04,V03,full_vs_freeuv_conserved,freeuv_conserved,FreeUV（已观测纹理保持）,D2-089,-0.005895175080481763,-1.5032696455228494,-0.01575871715780164,-0.005895175080481763,0.020699190556025898,-0.0077610184423259065,0.0002860929308041993
11,V04→V03,V04,V03,full_vs_freeuv_conserved,freeuv_conserved,FreeUV（已观测纹理保持）,D2-090,0.03753328768141341,9.57098835876042,0.051192110404372215,0.03753328768141341,0.03093212106914231,0.011448400049950125,0.04161168351543672
11,V04→V03,V04,V03,full_vs_freeuv_conserved,freeuv_conserved,FreeUV（已观测纹理保持）,D2-091,0.03335271506168974,8.504942340730883,-0.006114305670910758,0.04985706792856617,0.03335271506168974,0.009534697086224675,0.04557205997104563
11,V04→V03,V04,V03,full_vs_freeuv_conserved,freeuv_conserved,FreeUV（已观测纹理保持）,D2-092,0.030685279866059623,7.824746365845204,0.010373012721538566,0.0380775575339794,0.030685279866059623,0.03250025250017641,-0.0008111592133839829
11,V04→V03,V04,V03,full_vs_freeuv_conserved,freeuv_conserved,FreeUV（已观测纹理保持）,D2-093,0.037720820320802845,9.618809181804725,0.028652329233131935,0.044473781567393705,0.0565079015009759,0.037720820320802845,0.021748551464917387
11,V04→V03,V04,V03,full_vs_freeuv_conserved,freeuv_conserved,FreeUV（已观测纹理保持）,D2-094,0.02387075129669039,6.08704158065605,-0.026067493737023745,0.02387075129669039,0.011307986199575987,0.03147658941821316,0.026851002983923816
11,V04→V03,V04,V03,full_vs_freeuv_conserved,freeuv_conserved,FreeUV（已观测纹理保持）,D2-095,0.012692906026526452,3.236691036764245,-0.00364931709768751,0.023850005795124696,0.008580562481213222,0.012692906026526452,0.015939238629052582
11,V04→V03,V04,V03,full_vs_freeuv_conserved,freeuv_conserved,FreeUV（已观测纹理保持）,D2-096,0.07509779815741802,19.149938530141593,0.0722234424160064,0.11613541298507774,0.0693544089924871,0.08798017491156249,0.07509779815741802
11,V04→V03,V04,V03,full_vs_freeuv_conserved,freeuv_conserved,FreeUV（已观测纹理保持）,D2-097,0.027589218680467986,7.035250763519336,0.018201368676740562,0.028926919072361307,0.04369320463662767,-0.004702280301832201,0.027589218680467986
11,V04→V03,V04,V03,full_vs_freeuv_conserved,freeuv_conserved,FreeUV（已观测纹理保持）,D2-098,0.02816690240345948,7.182560112882168,0.01110988284679168,0.02816690240345948,0.04127479529549888,0.026787765376956735,0.030616181327941555
11,V04→V03,V04,V03,full_vs_freeuv_conserved,freeuv_conserved,FreeUV（已观测纹理保持）,D2-099,-0.061448465465080176,-15.669358693595445,-0.06668305844068528,-0.061448465465080176,-0.039503121757436366,-0.0651850951569421,-0.04581531046756676
11,V04→V03,V04,V03,full_vs_freeuv_conserved,freeuv_conserved,FreeUV（已观测纹理保持）,D2-100,-0.05412612753171547,-13.802162520587446,-0.07521454274070027,-0.04584216457955975,-0.05412612753171547,-0.047711082533294036,-0.10984909388364528
